{
  "weights": {
    "signal_w": -0.03689315715684167,
    "bias": 0.0004400247702639952
  },
  "epoch": 0
}