{
  "weights": {
    "signal_w": 0.0003156580046032618,
    "bias": -0.00021831083047691403
  },
  "epoch": 0
}