{
  "weights": {
    "signal_w": -0.005674663442848421,
    "bias": 0.0007082540003815522
  },
  "epoch": 0
}