{
  "weights": {
    "signal_w": 0.0022268827739439956,
    "bias": -0.002939353552746955
  },
  "epoch": 0
}