{
  "weights": {
    "signal_w": -0.08301665690108147,
    "bias": -0.006115534025782268
  },
  "epoch": 0
}