{
  "weights": {
    "signal_w": 0.004295241022214203,
    "bias": 9.896901693755403e-05
  },
  "epoch": 0
}