{
  "weights": {
    "signal_w": 0.020061580291809322,
    "bias": 0.0027623374264016047
  },
  "epoch": 0
}