{
  "weights": {
    "signal_w": 0.002701831783097769,
    "bias": -0.0009416636187081616
  },
  "epoch": 0
}