{
  "weights": {
    "signal_w": -0.00035040731145872443,
    "bias": -7.487184847356594e-05
  },
  "epoch": 0
}