{
  "weights": {
    "signal_w": 0.0010480362725530901,
    "bias": 0.0009758301724002399
  },
  "epoch": 0
}