{
  "weights": {
    "signal_w": 0.003230523923699339,
    "bias": -0.00030071959377244784
  },
  "epoch": 0
}