{
  "weights": {
    "signal_w": -0.003462039356355061,
    "bias": -0.0005614898883901107
  },
  "epoch": 0
}