{
  "weights": {
    "signal_w": -0.005565049167297616,
    "bias": -0.0009131094976411304
  },
  "epoch": 0
}