{
  "weights": {
    "signal_w": 0.0019309008567978707,
    "bias": 0.0009935897123789451
  },
  "epoch": 0
}