{
  "weights": {
    "signal_w": -0.014611671246200367,
    "bias": -0.0039771475267122314
  },
  "epoch": 0
}