{
  "weights": {
    "signal_w": 1.048191238634129e-05,
    "bias": 0.00018674255181417535
  },
  "epoch": 0
}