{
  "weights": {
    "signal_w": -0.004602785422467022,
    "bias": -0.0017907841990317227
  },
  "epoch": 0
}