{
  "weights": {
    "signal_w": -0.005204199905529924,
    "bias": -0.0008779006457966291
  },
  "epoch": 0
}