{
  "weights": {
    "signal_w": -0.00029537998443405274,
    "bias": -0.0002170190898397416
  },
  "epoch": 0
}