{
  "weights": {
    "signal_w": 0.002972694351598998,
    "bias": 0.0029165225887884372
  },
  "epoch": 0
}