{
  "weights": {
    "signal_w": -0.001297294550980875,
    "bias": -0.006726626988658668
  },
  "epoch": 0
}