{
  "weights": {
    "signal_w": 0.0015335476349738193,
    "bias": -0.0010672928076107147
  },
  "epoch": 0
}