{
  "weights": {
    "signal_w": -0.0002492233942548197,
    "bias": -0.0003811682774309052
  },
  "epoch": 0
}