{
  "weights": {
    "signal_w": 0.001837418695890594,
    "bias": 0.0004144303421679819
  },
  "epoch": 0
}