{
  "weights": {
    "signal_w": -0.011048124692711145,
    "bias": -0.0030794589927876513
  },
  "epoch": 0
}