{
  "weights": {
    "signal_w": -0.0027801729767654776,
    "bias": -0.000619343477237117
  },
  "epoch": 0
}