{
  "weights": {
    "signal_w": -0.002101693232643858,
    "bias": -0.0014276519495508315
  },
  "epoch": 0
}