{
  "weights": {
    "signal_w": 0.011429059259836142,
    "bias": -0.0015991849379541779
  },
  "epoch": 0
}