{
  "weights": {
    "signal_w": 0.001479598773428753,
    "bias": -0.0010914601783221733
  },
  "epoch": 0
}