{
  "weights": {
    "signal_w": 0.0021697138696978348,
    "bias": 0.00035153240749684843
  },
  "epoch": 0
}