{
  "weights": {
    "signal_w": 0.004029682729123786,
    "bias": -0.0004508709690796116
  },
  "epoch": 0
}