{
  "weights": {
    "signal_w": -0.0008140978421729029,
    "bias": -0.0028077045986634815
  },
  "epoch": 0
}