{
  "weights": {
    "signal_w": -0.03007002060397975,
    "bias": -0.012541746591980655
  },
  "epoch": 0
}