{
  "weights": {
    "signal_w": -0.0005547433555053986,
    "bias": 0.001289346976792372
  },
  "epoch": 0
}