{
  "weights": {
    "signal_w": 0.007163886718814835,
    "bias": -0.011168298131676767
  },
  "epoch": 0
}