{
  "weights": {
    "signal_w": -0.000263201663563903,
    "bias": 0.002309049971802114
  },
  "epoch": 0
}