{
  "weights": {
    "signal_w": 0.004308734768672862,
    "bias": 0.0011955061418798907
  },
  "epoch": 0
}