{
  "weights": {
    "signal_w": -0.00033901800230300833,
    "bias": 7.390103017249598e-05
  },
  "epoch": 0
}