{
  "weights": {
    "signal_w": 0.0022082462092717654,
    "bias": 0.0022000168867840997
  },
  "epoch": 0
}