{
  "weights": {
    "signal_w": -0.0020779077764745313,
    "bias": 0.0022222491212888712
  },
  "epoch": 0
}