{
  "weights": {
    "signal_w": -0.0010286052671980399,
    "bias": -0.002416960485134657
  },
  "epoch": 0
}