{
  "weights": {
    "signal_w": 0.002580977360086452,
    "bias": 0.0009405682863779058
  },
  "epoch": 0
}