{
  "weights": {
    "signal_w": -0.00023249513497562138,
    "bias": 0.000998280134172695
  },
  "epoch": 0
}