{
  "weights": {
    "signal_w": 0.05452768376417574,
    "bias": -0.0076963468210195195
  },
  "epoch": 0
}