{
  "weights": {
    "signal_w": -0.0027853907859927193,
    "bias": -0.0015646860403238875
  },
  "epoch": 0
}