{
  "weights": {
    "signal_w": 0.0006855138280721373,
    "bias": 3.243202386789771e-05
  },
  "epoch": 0
}