{
  "weights": {
    "signal_w": 0.010666253873836809,
    "bias": 0.001899221771309822
  },
  "epoch": 0
}