{
  "weights": {
    "signal_w": -0.0003501601550689545,
    "bias": 0.001913281372131198
  },
  "epoch": 0
}