{
  "weights": {
    "signal_w": 0.00014835252390968815,
    "bias": 0.001328249204650812
  },
  "epoch": 0
}