{
  "weights": {
    "signal_w": -0.0003651435042739594,
    "bias": 0.0002986543572343275
  },
  "epoch": 0
}