{
  "weights": {
    "signal_w": -0.00021997581967105425,
    "bias": -0.0007197135215930653
  },
  "epoch": 0
}