{
  "weights": {
    "signal_w": 0.1951918166957606,
    "bias": -0.03335737458169993
  },
  "epoch": 0
}