{
  "weights": {
    "signal_w": -0.0008259559800229012,
    "bias": 0.0038415850465774552
  },
  "epoch": 0
}