{
  "weights": {
    "signal_w": 0.0017624408430319538,
    "bias": -0.002322055781567293
  },
  "epoch": 0
}