{
  "weights": {
    "signal_w": -0.0038683103773026837,
    "bias": -0.007756201683512069
  },
  "epoch": 0
}