{
  "weights": {
    "signal_w": 0.010305493389430698,
    "bias": 0.003864496713212061
  },
  "epoch": 0
}