{
  "weights": {
    "signal_w": 0.00037588324346646924,
    "bias": 0.0013305376090710411
  },
  "epoch": 0
}