{
  "weights": {
    "signal_w": -0.0009957387715825213,
    "bias": -0.0007423596909024259
  },
  "epoch": 0
}