{
  "weights": {
    "signal_w": 0.175004199812506,
    "bias": -0.03036420714019531
  },
  "epoch": 0
}