{
  "weights": {
    "signal_w": 0.0010557482863875862,
    "bias": 0.0006461785171165959
  },
  "epoch": 0
}