{
  "weights": {
    "signal_w": 0.00020783648735281954,
    "bias": -0.005109398737221095
  },
  "epoch": 0
}