{
  "weights": {
    "signal_w": 0.005360136525513604,
    "bias": -0.0004438331538103789
  },
  "epoch": 0
}