{
  "weights": {
    "signal_w": 5.879300900052882e-05,
    "bias": 0.002206676333681395
  },
  "epoch": 0
}