{
  "weights": {
    "signal_w": 0.0025822296065297714,
    "bias": 0.011494264268168252
  },
  "epoch": 0
}