{
  "weights": {
    "signal_w": -0.00013981294710915083,
    "bias": 0.00011064723566368414
  },
  "epoch": 0
}