{
  "weights": {
    "signal_w": 0.08673673861748875,
    "bias": 0.016285145235648356
  },
  "epoch": 0
}