{
  "weights": {
    "signal_w": 0.004066068083090932,
    "bias": -0.0036949281988411338
  },
  "epoch": 0
}