{
  "weights": {
    "signal_w": 0.07574118742225497,
    "bias": -0.01068281786800383
  },
  "epoch": 0
}