{
  "weights": {
    "signal_w": -0.0007852636964805276,
    "bias": 0.0008679438484312568
  },
  "epoch": 0
}