{
  "weights": {
    "signal_w": -0.005103042451788544,
    "bias": -0.0002035173276387303
  },
  "epoch": 0
}