{
  "weights": {
    "signal_w": -0.00037931268871311657,
    "bias": 0.00019508807144786135
  },
  "epoch": 0
}