{
  "weights": {
    "signal_w": 0.09841034409963244,
    "bias": 0.0068811105882114615
  },
  "epoch": 0
}