{
  "weights": {
    "signal_w": 0.004364166676410126,
    "bias": -0.0009535771816705313
  },
  "epoch": 0
}