{
  "weights": {
    "signal_w": -0.0002517027882789052,
    "bias": -0.0010393748209217054
  },
  "epoch": 0
}