{
  "weights": {
    "signal_w": -0.003039572035539116,
    "bias": -0.001071155541559611
  },
  "epoch": 0
}