{
  "weights": {
    "signal_w": 0.0003623491197321066,
    "bias": 0.0011556378638772956
  },
  "epoch": 0
}