{
  "weights": {
    "signal_w": -0.012857999455450268,
    "bias": 0.004304699123722708
  },
  "epoch": 0
}