{
  "weights": {
    "signal_w": 0.0009459930972471643,
    "bias": -0.001990490787343671
  },
  "epoch": 0
}