{
  "weights": {
    "signal_w": -0.004155821320794799,
    "bias": 0.002462932100269936
  },
  "epoch": 0
}