{
  "weights": {
    "signal_w": -0.001859307274496916,
    "bias": -0.018176531254854706
  },
  "epoch": 0
}