{
  "weights": {
    "signal_w": 0.003933696915749707,
    "bias": 0.0001826765059840152
  },
  "epoch": 0
}