{
  "weights": {
    "signal_w": 0.0024505107612696844,
    "bias": -0.0014485003022765865
  },
  "epoch": 0
}