{
  "weights": {
    "signal_w": -0.0003508156427568056,
    "bias": -0.0009124527113386238
  },
  "epoch": 0
}