{
  "weights": {
    "signal_w": 0.005936743166427987,
    "bias": 0.0005199712521516628
  },
  "epoch": 0
}