{
  "weights": {
    "signal_w": -0.008351428476182577,
    "bias": 0.0009980523882886728
  },
  "epoch": 0
}