{
  "weights": {
    "signal_w": -0.0015941782779671698,
    "bias": -0.0275838307290522
  },
  "epoch": 0
}