{
  "weights": {
    "signal_w": 0.06439380548389047,
    "bias": 0.010219200758904236
  },
  "epoch": 0
}