{
  "weights": {
    "signal_w": -0.010308403862850911,
    "bias": 0.002214640044362423
  },
  "epoch": 0
}