{
  "weights": {
    "signal_w": 0.0005483495210384994,
    "bias": -0.006976200018402011
  },
  "epoch": 0
}