{
  "weights": {
    "signal_w": -0.0016367877576588558,
    "bias": 0.009738617143064164
  },
  "epoch": 0
}