{
  "weights": {
    "signal_w": 0.004330132046669165,
    "bias": 0.008653142340173722
  },
  "epoch": 0
}