{
  "weights": {
    "signal_w": -0.00023235405650177225,
    "bias": -0.002909675950421235
  },
  "epoch": 0
}