{
  "weights": {
    "signal_w": -0.007070772778449325,
    "bias": 0.00356757377752606
  },
  "epoch": 0
}