{
  "weights": {
    "signal_w": -0.002950658132659647,
    "bias": 0.008391140031936941
  },
  "epoch": 0
}