{
  "weights": {
    "signal_w": 0.0011071652140520409,
    "bias": -0.0005584741585622632
  },
  "epoch": 0
}