{
  "weights": {
    "signal_w": -0.006235232366180987,
    "bias": 0.001953746163119377
  },
  "epoch": 0
}