{
  "weights": {
    "signal_w": -0.014771545246891565,
    "bias": 0.004655558366881385
  },
  "epoch": 0
}