{
  "weights": {
    "signal_w": 0.003611215566873747,
    "bias": 0.0011978079206418043
  },
  "epoch": 0
}