{
  "weights": {
    "signal_w": -0.0015192783403669128,
    "bias": 0.00032662449044433106
  },
  "epoch": 0
}