{
  "weights": {
    "signal_w": 0.0024805513612880434,
    "bias": 0.0021171765145794356
  },
  "epoch": 0
}