{
  "weights": {
    "signal_w": -0.00750938941755517,
    "bias": 0.0004845844009729501
  },
  "epoch": 0
}