{
  "weights": {
    "signal_w": 0.000999385211156805,
    "bias": -0.004085109939258682
  },
  "epoch": 0
}