{
  "weights": {
    "signal_w": -0.0020305706644182806,
    "bias": -0.007817035281767772
  },
  "epoch": 0
}