{
  "weights": {
    "signal_w": -0.0018583295018997981,
    "bias": -0.0016961211516346468
  },
  "epoch": 0
}