{
  "weights": {
    "signal_w": 0.0035854432788336604,
    "bias": 0.0007186178522882919
  },
  "epoch": 0
}