{
  "weights": {
    "signal_w": 0.0045850078203289605,
    "bias": -0.0006463358802231653
  },
  "epoch": 0
}