{
  "weights": {
    "signal_w": -0.00194347623086695,
    "bias": -5.142705671443425e-05
  },
  "epoch": 0
}