{
  "weights": {
    "signal_w": 0.00017464289165649007,
    "bias": -0.0007446355630075334
  },
  "epoch": 0
}