{
  "weights": {
    "signal_w": 0.11418274750096953,
    "bias": -0.018713013467522435
  },
  "epoch": 0
}