{
  "weights": {
    "signal_w": -0.0025536408898748243,
    "bias": 0.00022599720012455188
  },
  "epoch": 0
}