{
  "weights": {
    "signal_w": 0.000517641825317994,
    "bias": -0.0022433899569579844
  },
  "epoch": 0
}