{
  "weights": {
    "signal_w": -0.0025564640288741973,
    "bias": 9.352466408577488e-05
  },
  "epoch": 0
}