{
  "weights": {
    "signal_w": -0.0002278452087350944,
    "bias": 0.004137991022010858
  },
  "epoch": 0
}