{
  "weights": {
    "signal_w": -0.0015014471114659011,
    "bias": 0.00020550997184231988
  },
  "epoch": 0
}