{
  "weights": {
    "signal_w": -0.011951108781477114,
    "bias": -0.0017645349549779592
  },
  "epoch": 0
}