{
  "weights": {
    "signal_w": 0.0003673844560143067,
    "bias": -0.00019957176112713805
  },
  "epoch": 0
}