{
  "weights": {
    "signal_w": -0.0015307259822294839,
    "bias": 0.0023836221015888157
  },
  "epoch": 0
}