{
  "weights": {
    "signal_w": -0.0019185690275431823,
    "bias": -0.0016298122224102144
  },
  "epoch": 0
}