{
  "weights": {
    "signal_w": 5.978527878264147e-05,
    "bias": 0.0009656619630142538
  },
  "epoch": 0
}