{
  "weights": {
    "signal_w": -0.03195443666944938,
    "bias": -0.004466992279699407
  },
  "epoch": 0
}