{
  "weights": {
    "signal_w": -0.00040941796988497336,
    "bias": 0.004683219811363796
  },
  "epoch": 0
}