{
  "weights": {
    "signal_w": -0.0004644382882696495,
    "bias": 0.0012602964257804187
  },
  "epoch": 0
}