{
  "weights": {
    "signal_w": 0.00020131024222210949,
    "bias": -5.137868581063668e-05
  },
  "epoch": 0
}