{
  "weights": {
    "signal_w": 0.00019459186527010658,
    "bias": 0.001794969286500588
  },
  "epoch": 0
}