{
  "weights": {
    "signal_w": 9.963967502616021e-05,
    "bias": -0.0033816579096241765
  },
  "epoch": 0
}