{
  "weights": {
    "signal_w": -0.08571305162525981,
    "bias": -0.004068770956970984
  },
  "epoch": 0
}