{
  "weights": {
    "signal_w": 0.0008550106354837862,
    "bias": -0.0013753163229760605
  },
  "epoch": 0
}