{
  "weights": {
    "signal_w": -0.007420782761804349,
    "bias": -0.0024228963555407348
  },
  "epoch": 0
}