{
  "weights": {
    "signal_w": 0.0004229202902362524,
    "bias": -0.00024203830513962936
  },
  "epoch": 0
}