{
  "weights": {
    "signal_w": -5.2846077201951566e-05,
    "bias": -0.0008083367258740625
  },
  "epoch": 0
}