{
  "weights": {
    "signal_w": -0.0122537450661527,
    "bias": -0.00537895360509705
  },
  "epoch": 0
}