{
  "weights": {
    "signal_w": -0.008003984758395902,
    "bias": -0.0008855751723646176
  },
  "epoch": 0
}