{
  "weights": {
    "signal_w": -0.00020212381011163315,
    "bias": -0.00010900604152787953
  },
  "epoch": 0
}