{
  "weights": {
    "signal_w": -0.0029326088987915674,
    "bias": 0.002837398296557183
  },
  "epoch": 0
}