{
  "weights": {
    "signal_w": 0.005624154535631803,
    "bias": 0.0048474478850199934
  },
  "epoch": 0
}