{
  "weights": {
    "signal_w": -6.434643394793909e-05,
    "bias": 0.002678632966000899
  },
  "epoch": 0
}