{
  "weights": {
    "signal_w": 0.0005019983630339941,
    "bias": 0.00022460832956451663
  },
  "epoch": 0
}