{
  "weights": {
    "signal_w": -0.00047161009150648866,
    "bias": 0.0005755803897646286
  },
  "epoch": 0
}