{
  "weights": {
    "signal_w": 0.003017763399549784,
    "bias": -0.0005051855148927537
  },
  "epoch": 0
}