{
  "weights": {
    "signal_w": 0.0012157054538544734,
    "bias": 0.0007836494172942577
  },
  "epoch": 0
}