{
  "weights": {
    "signal_w": -0.00629395712792432,
    "bias": 0.006649362573421134
  },
  "epoch": 0
}