{
  "weights": {
    "signal_w": 0.0007343968677662553,
    "bias": -0.0009787684754531795
  },
  "epoch": 0
}