{
  "weights": {
    "signal_w": 0.005495039512761585,
    "bias": 0.007743834400616733
  },
  "epoch": 0
}