{
  "weights": {
    "signal_w": -0.033840599842399705,
    "bias": 0.007166466528519299
  },
  "epoch": 0
}