{
  "weights": {
    "signal_w": 0.0013422593407565412,
    "bias": 5.3554810101977656e-05
  },
  "epoch": 0
}