{
  "weights": {
    "signal_w": -0.0005721135845477805,
    "bias": -0.0011293677675112265
  },
  "epoch": 0
}