{
  "weights": {
    "signal_w": -0.0037381756421012314,
    "bias": 0.015870761946572297
  },
  "epoch": 0
}