{
  "weights": {
    "signal_w": -0.005808395242531495,
    "bias": -0.00227166807361616
  },
  "epoch": 0
}