{
  "weights": {
    "signal_w": -0.0014605218672688151,
    "bias": 0.007326508697189427
  },
  "epoch": 0
}