{
  "weights": {
    "signal_w": 0.0032419184950111335,
    "bias": 0.0011216942896997827
  },
  "epoch": 0
}