{
  "weights": {
    "signal_w": -0.005344954215278669,
    "bias": 0.0002915815888608324
  },
  "epoch": 0
}