{
  "weights": {
    "signal_w": 0.0015541845093084061,
    "bias": -0.001262086419300229
  },
  "epoch": 0
}