{
  "weights": {
    "signal_w": -0.0006220509310778424,
    "bias": 0.0013411306491341278
  },
  "epoch": 0
}