{
  "weights": {
    "signal_w": 0.0039941546022275115,
    "bias": -0.0014209508760941085
  },
  "epoch": 0
}