{
  "weights": {
    "signal_w": 0.0012474612174871956,
    "bias": 0.0018363785697442232
  },
  "epoch": 0
}