{
  "weights": {
    "signal_w": 0.001153092668415841,
    "bias": -0.0034717005271742976
  },
  "epoch": 0
}