{
  "weights": {
    "signal_w": -0.001847326403838447,
    "bias": -0.005358768326956795
  },
  "epoch": 0
}