{
  "weights": {
    "signal_w": 0.4913153705689167,
    "bias": -0.06054630840757481
  },
  "epoch": 0
}