{
  "weights": {
    "signal_w": -0.006215778457932754,
    "bias": 0.0004999042751235413
  },
  "epoch": 0
}