{
  "weights": {
    "signal_w": -0.0020505657110728723,
    "bias": 0.0015156917470422982
  },
  "epoch": 0
}