{
  "weights": {
    "signal_w": 0.070938522124536,
    "bias": 0.015120671205367224
  },
  "epoch": 0
}