{
  "weights": {
    "signal_w": -0.0001500142129869028,
    "bias": 3.699428973151773e-05
  },
  "epoch": 0
}