{
  "weights": {
    "signal_w": -0.0012950165070055304,
    "bias": -0.00031850550991641743
  },
  "epoch": 0
}