{
  "weights": {
    "signal_w": -0.0010807276560519529,
    "bias": -0.0070340458385332585
  },
  "epoch": 0
}