{
  "weights": {
    "signal_w": 0.00014957080094043278,
    "bias": -0.0004029778730859374
  },
  "epoch": 0
}