{
  "weights": {
    "signal_w": 0.002042828525686894,
    "bias": -6.85308238416606e-05
  },
  "epoch": 0
}