{
  "weights": {
    "signal_w": 0.0025434449886402736,
    "bias": -0.0013673212018527703
  },
  "epoch": 0
}