{
  "weights": {
    "signal_w": -0.04708703546230769,
    "bias": -0.005921183425873417
  },
  "epoch": 0
}