{
  "weights": {
    "signal_w": 0.002342277029899216,
    "bias": -0.0007851448013774761
  },
  "epoch": 0
}