{
  "weights": {
    "signal_w": -0.0007123829168031211,
    "bias": -0.002064497667808424
  },
  "epoch": 0
}