{
  "weights": {
    "signal_w": -0.007045201327815982,
    "bias": 0.0002447389235024433
  },
  "epoch": 0
}