{
  "weights": {
    "signal_w": 0.0038601157254593995,
    "bias": 0.0006795757242464642
  },
  "epoch": 0
}