{
  "weights": {
    "signal_w": -0.005926362068625481,
    "bias": -0.0027254614408934283
  },
  "epoch": 0
}