{
  "weights": {
    "signal_w": -0.0062086795823517275,
    "bias": -0.0009780455831042215
  },
  "epoch": 0
}