{
  "weights": {
    "signal_w": 0.002152179936277797,
    "bias": 0.0013592888158094594
  },
  "epoch": 0
}