{
  "weights": {
    "signal_w": 0.010907996842696239,
    "bias": 0.0009740461332069017
  },
  "epoch": 0
}