{
  "weights": {
    "signal_w": -0.0050348409656726986,
    "bias": -0.005566183951148365
  },
  "epoch": 0
}