{
  "weights": {
    "signal_w": 0.0007574545699274643,
    "bias": -0.0004471729262812558
  },
  "epoch": 0
}