{
  "weights": {
    "signal_w": -0.006148141194193169,
    "bias": -0.001381632700717601
  },
  "epoch": 0
}