{
  "weights": {
    "signal_w": 0.0011202010214869296,
    "bias": -0.0007127562413332819
  },
  "epoch": 0
}