{
  "weights": {
    "signal_w": -0.00017892481786197005,
    "bias": 0.0006687846793800586
  },
  "epoch": 0
}