{
  "weights": {
    "signal_w": -0.005632797249526743,
    "bias": 0.00010069912394352122
  },
  "epoch": 0
}