{
  "weights": {
    "signal_w": -0.0024891816189602854,
    "bias": 0.0009300968250964241
  },
  "epoch": 0
}