{
  "weights": {
    "signal_w": 0.00019835498076270256,
    "bias": 0.002603536284800877
  },
  "epoch": 0
}