{
  "weights": {
    "signal_w": -0.0068238145973119075,
    "bias": -0.0016142777809507007
  },
  "epoch": 0
}