{
  "weights": {
    "signal_w": 0.06448759719790623,
    "bias": 0.009593948317470784
  },
  "epoch": 0
}