{
  "weights": {
    "signal_w": 0.005280274675014619,
    "bias": -0.0014866275309291183
  },
  "epoch": 0
}