{
  "weights": {
    "signal_w": -0.0027922869468228998,
    "bias": 0.016281984114133646
  },
  "epoch": 0
}