{
  "weights": {
    "signal_w": 0.00027331250914282453,
    "bias": 0.0025577394955287546
  },
  "epoch": 0
}