{
  "weights": {
    "signal_w": -0.007952084627746372,
    "bias": -0.0028154625315464123
  },
  "epoch": 0
}