{
  "weights": {
    "signal_w": 0.0004141680238821223,
    "bias": -0.0008113609077989266
  },
  "epoch": 0
}