{
  "weights": {
    "signal_w": 0.00014763488628021686,
    "bias": -0.0021575195253295256
  },
  "epoch": 0
}