{
  "weights": {
    "signal_w": 0.0015518288480967598,
    "bias": -0.0052618850525563855
  },
  "epoch": 0
}