{
  "weights": {
    "signal_w": -0.004711246909577109,
    "bias": -0.0007861032239498288
  },
  "epoch": 0
}