{
  "weights": {
    "signal_w": -0.0008093379524446917,
    "bias": -0.000828788749294538
  },
  "epoch": 0
}