{
  "weights": {
    "signal_w": 0.28431662791393425,
    "bias": -0.06733889745698585
  },
  "epoch": 0
}