{
  "weights": {
    "signal_w": 7.419257135114041e-05,
    "bias": 8.847738999470833e-05
  },
  "epoch": 0
}