{
  "weights": {
    "signal_w": -0.004895911936883634,
    "bias": 0.000267204220361062
  },
  "epoch": 0
}