{
  "weights": {
    "signal_w": -0.003620090077101322,
    "bias": -0.004660488858703579
  },
  "epoch": 0
}