{
  "weights": {
    "signal_w": 0.0015935452183008733,
    "bias": -0.00017809035110519483
  },
  "epoch": 0
}