{
  "weights": {
    "signal_w": -0.006141530955902465,
    "bias": -0.0008759799717025293
  },
  "epoch": 0
}