{
  "weights": {
    "signal_w": -0.01224532266651497,
    "bias": -0.01952003283227649
  },
  "epoch": 0
}