{
  "weights": {
    "signal_w": 0.00017494072128629244,
    "bias": 0.0005772796090851286
  },
  "epoch": 0
}