{
  "weights": {
    "signal_w": -0.0008893018762975122,
    "bias": 0.0003054587215789088
  },
  "epoch": 0
}