{
  "weights": {
    "signal_w": -0.0015060287510874895,
    "bias": 0.00020723651264851144
  },
  "epoch": 0
}