{
  "weights": {
    "signal_w": 0.002537435974117035,
    "bias": 0.001230844192840697
  },
  "epoch": 0
}