{
  "weights": {
    "signal_w": -0.017773338322404266,
    "bias": -0.009103363893361652
  },
  "epoch": 0
}