{
  "weights": {
    "signal_w": -0.0006168423729546884,
    "bias": 0.0328212927969072
  },
  "epoch": 0
}