{
  "weights": {
    "signal_w": -0.011617654105433684,
    "bias": -0.0015918714761238356
  },
  "epoch": 0
}