{
  "weights": {
    "signal_w": 0.004369075040500748,
    "bias": -0.007217197418208383
  },
  "epoch": 0
}