{
  "weights": {
    "signal_w": 0.001345780426332187,
    "bias": -0.006196616803298809
  },
  "epoch": 0
}