{
  "weights": {
    "signal_w": 0.0030035952595084147,
    "bias": 0.0015603668230009305
  },
  "epoch": 0
}