{
  "weights": {
    "signal_w": -0.007163290222546053,
    "bias": 0.00203763590308596
  },
  "epoch": 0
}