{
  "weights": {
    "signal_w": -0.003922657883092522,
    "bias": 0.0119461224563316
  },
  "epoch": 0
}