{
  "weights": {
    "signal_w": 0.004676686660420968,
    "bias": 0.0004890850950280284
  },
  "epoch": 0
}