{
  "weights": {
    "signal_w": 0.0014959632619705747,
    "bias": 0.0004724561420900152
  },
  "epoch": 0
}