{
  "weights": {
    "signal_w": 0.0006676409659915705,
    "bias": 0.0009474017596634797
  },
  "epoch": 0
}