{
  "weights": {
    "signal_w": 0.0028972574858921745,
    "bias": 0.00257450925214893
  },
  "epoch": 0
}