{
  "weights": {
    "signal_w": 0.004141226890759187,
    "bias": 0.002158319654349924
  },
  "epoch": 0
}