{
  "weights": {
    "signal_w": -0.004702234359795874,
    "bias": 0.0017199001853178387
  },
  "epoch": 0
}