{
  "weights": {
    "signal_w": -0.0011410892404472741,
    "bias": 0.0009856485036014507
  },
  "epoch": 0
}