{
  "weights": {
    "signal_w": -0.002710041070573763,
    "bias": -0.0032893164622166955
  },
  "epoch": 0
}