{
  "weights": {
    "signal_w": 0.0005538324137602538,
    "bias": 0.0029566195146999022
  },
  "epoch": 0
}