{
  "weights": {
    "signal_w": -0.0017672240008479519,
    "bias": 0.0006049574379966127
  },
  "epoch": 0
}