{
  "weights": {
    "signal_w": 0.004300675440052713,
    "bias": 0.0005392630971644329
  },
  "epoch": 0
}