{
  "weights": {
    "signal_w": -0.010877517792448048,
    "bias": 0.014618170256448662
  },
  "epoch": 0
}