{
  "weights": {
    "signal_w": -0.029188402536657033,
    "bias": 0.003869753661806169
  },
  "epoch": 0
}