{
  "weights": {
    "signal_w": 0.003270242629784148,
    "bias": -0.0010892352746966192
  },
  "epoch": 0
}