{
  "weights": {
    "signal_w": 0.0030229040881973646,
    "bias": -0.00010195246529611016
  },
  "epoch": 0
}