{
  "weights": {
    "signal_w": 0.00021198484968979066,
    "bias": -0.0003940199912764695
  },
  "epoch": 0
}