{
  "weights": {
    "signal_w": 0.0015652039556343321,
    "bias": 0.009797051507004132
  },
  "epoch": 0
}