{
  "weights": {
    "signal_w": 9.036889584778811e-05,
    "bias": 0.003375580814069362
  },
  "epoch": 0
}