{
  "weights": {
    "signal_w": 0.000159430975266229,
    "bias": -0.00015204614353457117
  },
  "epoch": 0
}