{
  "weights": {
    "signal_w": 0.01042213981547038,
    "bias": 0.003086854799176469
  },
  "epoch": 0
}