{
  "weights": {
    "signal_w": -0.0007158323026367918,
    "bias": 0.008183922552266775
  },
  "epoch": 0
}