{
  "weights": {
    "signal_w": -0.006282654782424309,
    "bias": 0.0006041398015517788
  },
  "epoch": 0
}