{
  "weights": {
    "signal_w": 0.004107322760708664,
    "bias": -0.0002929883777420257
  },
  "epoch": 0
}