{
  "weights": {
    "signal_w": -0.009692253410438533,
    "bias": -0.00784511450593552
  },
  "epoch": 0
}