{
  "weights": {
    "signal_w": -0.0010980621543190386,
    "bias": 0.0006006627111618403
  },
  "epoch": 0
}