{
  "weights": {
    "signal_w": 6.871712377780501e-05,
    "bias": 0.00016189454476479037
  },
  "epoch": 0
}