{
  "weights": {
    "signal_w": -0.00043289140431019174,
    "bias": -0.00061355773014057
  },
  "epoch": 0
}