{
  "weights": {
    "signal_w": -0.0003031496537752285,
    "bias": -0.0005303705078490915
  },
  "epoch": 0
}