{
  "weights": {
    "signal_w": -0.0055615108253588685,
    "bias": 0.0014362177441345036
  },
  "epoch": 0
}