{
  "weights": {
    "signal_w": 0.4485139928052763,
    "bias": -0.09371479968826393
  },
  "epoch": 0
}