{
  "weights": {
    "signal_w": -0.0035570114732370386,
    "bias": -0.006735231935159378
  },
  "epoch": 0
}