{
  "weights": {
    "signal_w": 0.008296866655823215,
    "bias": -0.0024109154662870116
  },
  "epoch": 0
}