{
  "weights": {
    "signal_w": -0.00011790174237818214,
    "bias": -0.00024355238960452365
  },
  "epoch": 0
}