{
  "weights": {
    "signal_w": -0.0019631449527928533,
    "bias": -0.000635716288080299
  },
  "epoch": 0
}