{
  "weights": {
    "signal_w": -0.0026571529552905223,
    "bias": -0.0048092718863582485
  },
  "epoch": 0
}