{
  "weights": {
    "signal_w": -0.004458557057119331,
    "bias": -0.0004972153460443478
  },
  "epoch": 0
}