{
  "weights": {
    "signal_w": 0.003046950645948797,
    "bias": -0.014763390809063573
  },
  "epoch": 0
}