{
  "weights": {
    "signal_w": 0.002220583839187617,
    "bias": -0.0008537311802117649
  },
  "epoch": 0
}