{
  "weights": {
    "signal_w": 0.0032551047076126573,
    "bias": -0.0016236342305795302
  },
  "epoch": 0
}