{
  "weights": {
    "signal_w": 0.018049254845732443,
    "bias": 0.0019869027894375245
  },
  "epoch": 0
}