{
  "weights": {
    "signal_w": -0.0027431116531613908,
    "bias": 0.0001959150323515675
  },
  "epoch": 0
}