{
  "weights": {
    "signal_w": 0.0007838279974231656,
    "bias": 0.000687902448998613
  },
  "epoch": 0
}