{
  "weights": {
    "signal_w": 0.004276552082995884,
    "bias": -0.0008783501984832184
  },
  "epoch": 0
}