{
  "weights": {
    "signal_w": -0.002543654015309709,
    "bias": -0.00187739085768594
  },
  "epoch": 0
}