{
  "weights": {
    "signal_w": 0.0024497590838187633,
    "bias": -0.00954205093494635
  },
  "epoch": 0
}