{
  "weights": {
    "signal_w": -0.006817170633429282,
    "bias": 0.0019690322996446857
  },
  "epoch": 0
}