{
  "weights": {
    "signal_w": 0.0005219863485361929,
    "bias": 0.003168926982382193
  },
  "epoch": 0
}