{
  "weights": {
    "signal_w": 0.004483794666886189,
    "bias": 5.2002761212015765e-05
  },
  "epoch": 0
}