{
  "weights": {
    "signal_w": -0.006883304053241208,
    "bias": -0.0011561675530893628
  },
  "epoch": 0
}