{
  "weights": {
    "signal_w": -0.006589957658825223,
    "bias": -0.0012985579371570543
  },
  "epoch": 0
}