{
  "weights": {
    "signal_w": -0.0008429478714489099,
    "bias": -0.0006351443515420918
  },
  "epoch": 0
}