{
  "weights": {
    "signal_w": 1.9399932276050604e-05,
    "bias": 0.0006262102066013845
  },
  "epoch": 0
}