{
  "weights": {
    "signal_w": -0.0011394779414505645,
    "bias": -0.0011180863989216413
  },
  "epoch": 0
}