{
  "weights": {
    "signal_w": 0.009477915312808454,
    "bias": 0.005482847414091135
  },
  "epoch": 0
}