{
  "weights": {
    "signal_w": 0.010848993496697356,
    "bias": -0.0022495303284786575
  },
  "epoch": 0
}