{
  "weights": {
    "signal_w": 0.001969456463091434,
    "bias": 0.0008204513270961243
  },
  "epoch": 0
}