{
  "weights": {
    "signal_w": -0.07037699411495967,
    "bias": 0.05024861860094856
  },
  "epoch": 0
}