{
  "weights": {
    "signal_w": 0.0028862537505551277,
    "bias": 0.0008090497857284301
  },
  "epoch": 0
}