{
  "weights": {
    "signal_w": 0.0014967223005201763,
    "bias": 0.0001884241072809065
  },
  "epoch": 0
}