{
  "weights": {
    "signal_w": -0.008290733255930388,
    "bias": -0.003854790878739429
  },
  "epoch": 0
}