{
  "weights": {
    "signal_w": -0.0008937783145170298,
    "bias": -0.0043855569715832345
  },
  "epoch": 0
}