{
  "weights": {
    "signal_w": 0.0020116390351423634,
    "bias": -0.001614911141575975
  },
  "epoch": 0
}