{
  "weights": {
    "signal_w": 0.000579120635525851,
    "bias": -0.0009220749637206828
  },
  "epoch": 0
}