{
  "weights": {
    "signal_w": 0.0013778008978148554,
    "bias": 0.0005195866434842685
  },
  "epoch": 0
}