{
  "weights": {
    "signal_w": -0.00013394305011155198,
    "bias": -3.0213938960742756e-05
  },
  "epoch": 0
}