{
  "weights": {
    "signal_w": -0.008907113297582201,
    "bias": 0.007841930981032853
  },
  "epoch": 0
}