{
  "weights": {
    "signal_w": 0.0012130717771826733,
    "bias": -2.8191239958209263e-05
  },
  "epoch": 0
}