{
  "weights": {
    "signal_w": 0.005184126670503398,
    "bias": -0.0009709741054928966
  },
  "epoch": 0
}