{
  "weights": {
    "signal_w": -0.0002721707172787916,
    "bias": -0.001194022290101877
  },
  "epoch": 0
}