{
  "weights": {
    "signal_w": 0.0005155425971948439,
    "bias": -0.0008657271391279832
  },
  "epoch": 0
}