{
  "weights": {
    "signal_w": 0.003967330033114443,
    "bias": -0.0013765520210305023
  },
  "epoch": 0
}