{
  "weights": {
    "signal_w": 0.020031810300383087,
    "bias": 0.002960804035938801
  },
  "epoch": 0
}