{
  "weights": {
    "signal_w": -0.001999463095759766,
    "bias": -0.00012633256519376196
  },
  "epoch": 0
}