{
  "weights": {
    "signal_w": 0.0013953282375659484,
    "bias": -0.0019682272707100532
  },
  "epoch": 0
}