{
  "weights": {
    "signal_w": 0.004020650331038057,
    "bias": 0.0024962520029680234
  },
  "epoch": 0
}