{
  "weights": {
    "signal_w": 0.004574250664679614,
    "bias": -0.0007237614045981169
  },
  "epoch": 0
}