{
  "weights": {
    "signal_w": -5.62939098483291e-05,
    "bias": -0.0002965290422113022
  },
  "epoch": 0
}