{
  "weights": {
    "signal_w": 0.03983841912425633,
    "bias": 0.006752877325962511
  },
  "epoch": 0
}