{
  "weights": {
    "signal_w": 7.195218006806043e-05,
    "bias": 0.0003941633211114478
  },
  "epoch": 0
}