{
  "weights": {
    "signal_w": 0.00031439757975311884,
    "bias": -0.005594429486334714
  },
  "epoch": 0
}