{
  "weights": {
    "signal_w": -0.007007638684106738,
    "bias": -0.0020845843406198244
  },
  "epoch": 0
}