{
  "weights": {
    "signal_w": 0.4881110008867595,
    "bias": -0.08198532473064812
  },
  "epoch": 0
}