{
  "weights": {
    "signal_w": -0.004656179303736404,
    "bias": -0.0025185878429844527
  },
  "epoch": 0
}