{
  "weights": {
    "signal_w": -0.004027898364062963,
    "bias": -0.005186571485106362
  },
  "epoch": 0
}