{
  "weights": {
    "signal_w": -0.0011473610569600475,
    "bias": -0.0018042495395652514
  },
  "epoch": 0
}