{
  "weights": {
    "signal_w": -0.02398869282554717,
    "bias": 0.009180682834203147
  },
  "epoch": 0
}