{
  "weights": {
    "signal_w": 0.004775618085634802,
    "bias": -0.002618788442039976
  },
  "epoch": 0
}