{
  "weights": {
    "signal_w": 0.004456527099043137,
    "bias": 5.568384278198591e-05
  },
  "epoch": 0
}