{
  "weights": {
    "signal_w": 0.00441628790582128,
    "bias": -0.000231486674626015
  },
  "epoch": 0
}