{
  "weights": {
    "signal_w": -0.005772017437158387,
    "bias": -0.0009328518716598899
  },
  "epoch": 0
}