{
  "weights": {
    "signal_w": 0.0038556499568250537,
    "bias": 2.7011317308356554e-05
  },
  "epoch": 0
}