{
  "weights": {
    "signal_w": 0.00032989265925696085,
    "bias": -0.0011697425885687336
  },
  "epoch": 0
}