{
  "weights": {
    "signal_w": 0.0015107058485679724,
    "bias": -0.0017298896093040118
  },
  "epoch": 0
}