{
  "weights": {
    "signal_w": 0.0037089683082757578,
    "bias": -0.001796761496413059
  },
  "epoch": 0
}