{
  "weights": {
    "signal_w": 0.0008281161763031611,
    "bias": -0.0033449134742203563
  },
  "epoch": 0
}