{
  "weights": {
    "signal_w": -0.005900595255663839,
    "bias": -0.0014984573626652523
  },
  "epoch": 0
}