{
  "weights": {
    "signal_w": 0.001100514433148189,
    "bias": 0.0005131923313435602
  },
  "epoch": 0
}