{
  "weights": {
    "signal_w": -0.00029767602918064886,
    "bias": -0.00020199916863726394
  },
  "epoch": 0
}