{
  "weights": {
    "signal_w": 0.003043406729428817,
    "bias": 0.0021516001415835735
  },
  "epoch": 0
}