{
  "weights": {
    "signal_w": 0.010223901072340898,
    "bias": 0.006412660495535239
  },
  "epoch": 0
}