{
  "weights": {
    "signal_w": 0.0006660844315521812,
    "bias": -0.002392915639186077
  },
  "epoch": 0
}