{
  "weights": {
    "signal_w": 0.011396875504588492,
    "bias": -0.00035797392211617555
  },
  "epoch": 0
}