{
  "weights": {
    "signal_w": 0.0007447502058888056,
    "bias": -5.0871373354294144e-05
  },
  "epoch": 0
}