{
  "weights": {
    "signal_w": -0.007376034639317001,
    "bias": -0.011956312703205784
  },
  "epoch": 0
}