{
  "weights": {
    "signal_w": -0.0006435092473868453,
    "bias": -0.0007544189564131832
  },
  "epoch": 0
}