{
  "weights": {
    "signal_w": -0.006233181781478552,
    "bias": -0.0016360231804835534
  },
  "epoch": 0
}