{
  "weights": {
    "signal_w": -5.2238059610249974e-05,
    "bias": -0.000681311975619706
  },
  "epoch": 0
}