{
  "weights": {
    "signal_w": -0.007890425849047743,
    "bias": -0.005305018568532757
  },
  "epoch": 0
}