{
  "weights": {
    "signal_w": 0.005155504908959539,
    "bias": 0.0009948055268626773
  },
  "epoch": 0
}