{
  "weights": {
    "signal_w": 4.6221957572852436e-05,
    "bias": 5.251095241912807e-05
  },
  "epoch": 0
}