{
  "weights": {
    "signal_w": -0.0020753881654693943,
    "bias": 0.005637523959416047
  },
  "epoch": 0
}