{
  "weights": {
    "signal_w": -0.013189389688460172,
    "bias": -0.0040361733244516276
  },
  "epoch": 0
}