{
  "weights": {
    "signal_w": 0.0019481994411120818,
    "bias": -0.0038316433000467965
  },
  "epoch": 0
}