{
  "weights": {
    "signal_w": 0.00045260597326848454,
    "bias": -0.0007677164400516361
  },
  "epoch": 0
}