{
  "weights": {
    "signal_w": -0.006032577184416812,
    "bias": -0.00144185564077259
  },
  "epoch": 0
}