{
  "weights": {
    "signal_w": 0.003224089081770482,
    "bias": 0.0009470511767719226
  },
  "epoch": 0
}