{
  "weights": {
    "signal_w": 0.011792468524193103,
    "bias": -0.001461134027278215
  },
  "epoch": 0
}