{
  "weights": {
    "signal_w": 0.16132015090467833,
    "bias": 0.033048891506662355
  },
  "epoch": 0
}