{
  "weights": {
    "signal_w": 0.004459922645318372,
    "bias": -5.928030568898095e-07
  },
  "epoch": 0
}