{
  "weights": {
    "signal_w": -0.001264126530569966,
    "bias": 0.00781029471246892
  },
  "epoch": 0
}