{
  "weights": {
    "signal_w": -0.0013924373236482968,
    "bias": 0.00034242985737753084
  },
  "epoch": 0
}