{
  "weights": {
    "signal_w": -0.00012259786565488277,
    "bias": 0.0011085006390167183
  },
  "epoch": 0
}