{
  "weights": {
    "signal_w": 0.13906237810192704,
    "bias": -0.023677936647748213
  },
  "epoch": 0
}