{
  "weights": {
    "signal_w": 0.001999269634085229,
    "bias": -0.0007431971745141117
  },
  "epoch": 0
}