{
  "weights": {
    "signal_w": 0.004588417678073571,
    "bias": -0.0016999966606412117
  },
  "epoch": 0
}