{
  "weights": {
    "signal_w": 0.006391694109162853,
    "bias": 0.0024600945282759845
  },
  "epoch": 0
}