{
  "weights": {
    "signal_w": -0.0037034008918100216,
    "bias": 0.004607219017670922
  },
  "epoch": 0
}