{
  "weights": {
    "signal_w": -0.0004901211122909584,
    "bias": 0.00033321031299919884
  },
  "epoch": 0
}