{
  "weights": {
    "signal_w": 0.010897180079221894,
    "bias": -0.006556223875662637
  },
  "epoch": 0
}