{
  "weights": {
    "signal_w": 0.007127616006085118,
    "bias": 0.0005703137119379361
  },
  "epoch": 0
}