{
  "weights": {
    "signal_w": 0.003760984040081926,
    "bias": 0.002305514474472985
  },
  "epoch": 0
}