{
  "weights": {
    "signal_w": 0.002345305025068622,
    "bias": 0.0011349542379481081
  },
  "epoch": 0
}