{
  "weights": {
    "signal_w": -0.006924042259594332,
    "bias": 0.0006391699391222912
  },
  "epoch": 0
}