{
  "weights": {
    "signal_w": 0.00027396336103869726,
    "bias": -0.0012104171986425368
  },
  "epoch": 0
}