{
  "weights": {
    "signal_w": 0.003226314040063216,
    "bias": -0.0005829461648405759
  },
  "epoch": 0
}