{
  "weights": {
    "signal_w": -0.000918249453865794,
    "bias": -0.0021991890840027503
  },
  "epoch": 0
}