{
  "weights": {
    "signal_w": 0.030716709757837295,
    "bias": 0.0005994823358488323
  },
  "epoch": 0
}