{
  "weights": {
    "signal_w": -0.0021228861937152336,
    "bias": -0.015780392692303025
  },
  "epoch": 0
}