{
  "weights": {
    "signal_w": -0.01349439422809243,
    "bias": -0.0022408845244116086
  },
  "epoch": 0
}