{
  "weights": {
    "signal_w": 0.12088921656971964,
    "bias": 0.014400281015354795
  },
  "epoch": 0
}