{
  "weights": {
    "signal_w": 0.00045599485025205115,
    "bias": -0.0016826399568149754
  },
  "epoch": 0
}