{
  "weights": {
    "signal_w": -0.005706008287481516,
    "bias": -0.005348532470278787
  },
  "epoch": 0
}