{
  "weights": {
    "signal_w": 0.0005736977613530617,
    "bias": -0.0004157076932953857
  },
  "epoch": 0
}