{
  "weights": {
    "signal_w": -0.0010371087945019396,
    "bias": -0.001309311444324853
  },
  "epoch": 0
}