{
  "weights": {
    "signal_w": 0.0010061381028469586,
    "bias": -0.00014447910849557264
  },
  "epoch": 0
}