{
  "weights": {
    "signal_w": 0.0006220453713195507,
    "bias": -0.0015280430426006983
  },
  "epoch": 0
}