{
  "weights": {
    "signal_w": -0.007005154945349472,
    "bias": -0.00040518332268667614
  },
  "epoch": 0
}