{
  "weights": {
    "signal_w": 0.0033745255455430046,
    "bias": 0.0008536728360343229
  },
  "epoch": 0
}