{
  "weights": {
    "signal_w": 0.0002992223715954455,
    "bias": 0.01014386969305245
  },
  "epoch": 0
}