{
  "weights": {
    "signal_w": 0.002029955330681193,
    "bias": -0.002945717743538086
  },
  "epoch": 0
}