{
  "weights": {
    "signal_w": 0.014855659697051774,
    "bias": -0.004216017872631031
  },
  "epoch": 0
}