{
  "weights": {
    "signal_w": -0.00550070531115491,
    "bias": -0.0017267704622238593
  },
  "epoch": 0
}