{
  "weights": {
    "signal_w": 0.0008112105934733414,
    "bias": 0.000735324523149793
  },
  "epoch": 0
}