{
  "weights": {
    "signal_w": 0.006679676541288284,
    "bias": 0.0014176142587465006
  },
  "epoch": 0
}