{
  "weights": {
    "signal_w": -0.014814822213250976,
    "bias": -0.010744149464812735
  },
  "epoch": 0
}