{
  "weights": {
    "signal_w": -0.0023907249584042907,
    "bias": 0.003535330223922071
  },
  "epoch": 0
}