{
  "weights": {
    "signal_w": 0.00013560426563920814,
    "bias": -0.0006472981682979654
  },
  "epoch": 0
}