{
  "weights": {
    "signal_w": 0.007145666273008205,
    "bias": -0.0025902973565061814
  },
  "epoch": 0
}