{
  "weights": {
    "signal_w": -5.2718672636391876e-05,
    "bias": 0.0016685351024881732
  },
  "epoch": 0
}