{
  "weights": {
    "signal_w": -0.005893639757241578,
    "bias": -0.003078308672623513
  },
  "epoch": 0
}