{
  "weights": {
    "signal_w": -0.00042334342396387883,
    "bias": 0.0003702847286175748
  },
  "epoch": 0
}