{
  "weights": {
    "signal_w": -0.010082968975961656,
    "bias": -0.01985079420637067
  },
  "epoch": 0
}