{
  "weights": {
    "signal_w": 0.004335530504853112,
    "bias": -0.005311295554121218
  },
  "epoch": 0
}