{
  "weights": {
    "signal_w": 0.03534861232893001,
    "bias": 0.008683295105302611
  },
  "epoch": 0
}