{
  "weights": {
    "signal_w": 0.002042118066838868,
    "bias": -0.00502060811211859
  },
  "epoch": 0
}