{
  "weights": {
    "signal_w": -0.04641588094605208,
    "bias": -0.017090363309975667
  },
  "epoch": 0
}