{
  "weights": {
    "signal_w": 0.003526994159372693,
    "bias": 0.0016934520762713872
  },
  "epoch": 0
}