{
  "weights": {
    "signal_w": -0.00032475621318361875,
    "bias": -0.00041492978224686095
  },
  "epoch": 0
}