{
  "weights": {
    "signal_w": 0.002678221990786789,
    "bias": 0.0007252669952166475
  },
  "epoch": 0
}