{
  "weights": {
    "signal_w": -0.013965249138235339,
    "bias": -0.0018254702781684928
  },
  "epoch": 0
}