{
  "weights": {
    "signal_w": 0.0007651811464640295,
    "bias": -0.0009712731027167457
  },
  "epoch": 0
}