{
  "weights": {
    "signal_w": 0.021993039390006304,
    "bias": -0.003154823794591942
  },
  "epoch": 0
}