{
  "weights": {
    "signal_w": -0.08291756477316863,
    "bias": -0.0006595378469575504
  },
  "epoch": 0
}