{
  "weights": {
    "signal_w": -0.015388036948094904,
    "bias": 0.0008062805588091149
  },
  "epoch": 0
}