{
  "weights": {
    "signal_w": -0.0066480523799340935,
    "bias": 0.0008400570578950687
  },
  "epoch": 0
}