{
  "weights": {
    "signal_w": -0.008940495722972517,
    "bias": -0.00306224726802621
  },
  "epoch": 0
}