{
  "weights": {
    "signal_w": 0.0021325977617178142,
    "bias": -0.0027792853990169187
  },
  "epoch": 0
}