{
  "weights": {
    "signal_w": 0.004622623481083248,
    "bias": 0.0005403008270286743
  },
  "epoch": 0
}