{
  "weights": {
    "signal_w": 0.04686402645645197,
    "bias": -0.01834956651441788
  },
  "epoch": 0
}