{
  "weights": {
    "signal_w": -0.0005245683211922883,
    "bias": 0.0005787112513174601
  },
  "epoch": 0
}