{
  "weights": {
    "signal_w": -0.007594168255153323,
    "bias": -0.001376960748994889
  },
  "epoch": 0
}