{
  "weights": {
    "signal_w": 0.0018392393824978415,
    "bias": 0.0019331403480833192
  },
  "epoch": 0
}