{
  "weights": {
    "signal_w": 0.004755475830051357,
    "bias": -0.001936679221656015
  },
  "epoch": 0
}