{
  "weights": {
    "signal_w": -0.0006502740195064085,
    "bias": 0.003169421934312585
  },
  "epoch": 0
}