{
  "weights": {
    "signal_w": -0.003140988121551786,
    "bias": -0.0009624553618145994
  },
  "epoch": 0
}