{
  "weights": {
    "signal_w": 0.0015163244054893664,
    "bias": -0.003113516818538528
  },
  "epoch": 0
}