{
  "weights": {
    "signal_w": 0.008029853316079394,
    "bias": -0.008675407702948269
  },
  "epoch": 0
}