{
  "weights": {
    "signal_w": -0.001395415422596065,
    "bias": 0.004577779661118433
  },
  "epoch": 0
}