{
  "weights": {
    "signal_w": 0.24511794543287088,
    "bias": -0.05587159717236679
  },
  "epoch": 0
}