{
  "weights": {
    "signal_w": 0.0005623089050734411,
    "bias": 0.0015944939660674008
  },
  "epoch": 0
}