{
  "weights": {
    "signal_w": -0.002959146346702417,
    "bias": -0.0026030786443372532
  },
  "epoch": 0
}