{
  "weights": {
    "signal_w": -0.01978569217265785,
    "bias": 0.005324515359216422
  },
  "epoch": 0
}