{
  "weights": {
    "signal_w": 0.008017909736082133,
    "bias": -0.015475912540218134
  },
  "epoch": 0
}