{
  "weights": {
    "signal_w": 0.00018041386886872424,
    "bias": -6.223968750033423e-07
  },
  "epoch": 0
}