{
  "weights": {
    "signal_w": 0.0032812202859921397,
    "bias": -0.0006270671312201721
  },
  "epoch": 0
}