{
  "weights": {
    "signal_w": -0.007473520540457366,
    "bias": -0.003185341170067396
  },
  "epoch": 0
}