{
  "weights": {
    "signal_w": -0.00838797261224803,
    "bias": -0.004048432144459851
  },
  "epoch": 0
}