{
  "weights": {
    "signal_w": 0.004601801139745918,
    "bias": 0.013595642022773583
  },
  "epoch": 0
}