{
  "weights": {
    "signal_w": 0.0009454911808250824,
    "bias": 0.0005868040834012492
  },
  "epoch": 0
}