{
  "weights": {
    "signal_w": 0.005490692833417191,
    "bias": -0.005570971071745166
  },
  "epoch": 0
}