{
  "weights": {
    "signal_w": 0.00103967464651824,
    "bias": -0.0007738517883479981
  },
  "epoch": 0
}