{
  "weights": {
    "signal_w": -0.0009615908963523,
    "bias": -0.00038862369928973516
  },
  "epoch": 0
}