{
  "weights": {
    "signal_w": -0.0008703066211756205,
    "bias": 4.8685664420020845e-05
  },
  "epoch": 0
}