{
  "weights": {
    "signal_w": -0.004701749367217819,
    "bias": 0.004147263928140612
  },
  "epoch": 0
}