{
  "weights": {
    "signal_w": 0.006093020447552026,
    "bias": -0.0005148926164861144
  },
  "epoch": 0
}