{
  "weights": {
    "signal_w": 0.0013102971025961772,
    "bias": -0.013050789022688355
  },
  "epoch": 0
}