{
  "weights": {
    "signal_w": -0.005646429764856244,
    "bias": -0.003435144828887311
  },
  "epoch": 0
}