{
  "weights": {
    "signal_w": 0.0018202743378266306,
    "bias": -0.004645981622524974
  },
  "epoch": 0
}