{
  "weights": {
    "signal_w": 0.003015433800115638,
    "bias": 0.0018102651183104907
  },
  "epoch": 0
}