{
  "weights": {
    "signal_w": -0.0012248633284280663,
    "bias": 0.0013668691302455595
  },
  "epoch": 0
}