{
  "weights": {
    "signal_w": 0.007627535555707456,
    "bias": 0.007550118693213589
  },
  "epoch": 0
}