{
  "weights": {
    "signal_w": 0.0001989797718311265,
    "bias": -0.002469386258148248
  },
  "epoch": 0
}