{
  "weights": {
    "signal_w": -0.00627490296537377,
    "bias": -0.0015559012339528711
  },
  "epoch": 0
}