{
  "weights": {
    "signal_w": -0.0020468226313281536,
    "bias": 0.0006963337014289617
  },
  "epoch": 0
}