{
  "weights": {
    "signal_w": -0.0037002676584589026,
    "bias": -0.0017349304966323075
  },
  "epoch": 0
}