{
  "weights": {
    "signal_w": -0.009344399886921477,
    "bias": 0.002327749686684626
  },
  "epoch": 0
}