{
  "weights": {
    "signal_w": -0.012139570849586232,
    "bias": -0.018815359401982354
  },
  "epoch": 0
}