{
  "weights": {
    "signal_w": -0.00496536095409744,
    "bias": -0.000557542274112587
  },
  "epoch": 0
}