{
  "weights": {
    "signal_w": -0.007852151608769585,
    "bias": 0.0011737039799760466
  },
  "epoch": 0
}