{
  "weights": {
    "signal_w": 0.0012026583855339224,
    "bias": -5.4352674359252166e-05
  },
  "epoch": 0
}