{
  "weights": {
    "signal_w": -0.011559002113979406,
    "bias": 0.003052443061739946
  },
  "epoch": 0
}