{
  "weights": {
    "signal_w": 0.005854067772246065,
    "bias": 0.0027933106056283754
  },
  "epoch": 0
}