{
  "weights": {
    "signal_w": -0.0059555062684020985,
    "bias": -0.0038616863676093527
  },
  "epoch": 0
}