{
  "weights": {
    "signal_w": -0.005211245598266157,
    "bias": -0.0031479268310934186
  },
  "epoch": 0
}