{
  "weights": {
    "signal_w": 0.0011419540068026753,
    "bias": -0.003116116019643221
  },
  "epoch": 0
}