{
  "weights": {
    "signal_w": 0.005046775426832942,
    "bias": 0.00027006339706075365
  },
  "epoch": 0
}