{
  "weights": {
    "signal_w": -0.006797909281319021,
    "bias": -0.0013910813075914694
  },
  "epoch": 0
}