{
  "weights": {
    "signal_w": -0.002960897782322523,
    "bias": -0.003124838285581749
  },
  "epoch": 0
}