{
  "weights": {
    "signal_w": 0.00013310067848106182,
    "bias": -0.0002713300091713324
  },
  "epoch": 0
}