{
  "weights": {
    "signal_w": -0.005169995715136029,
    "bias": -0.0019243238778342442
  },
  "epoch": 0
}