{
  "weights": {
    "signal_w": 0.0003025624086964002,
    "bias": -0.01908755516516457
  },
  "epoch": 0
}