{
  "weights": {
    "signal_w": 0.0031328310444019413,
    "bias": -0.0006120583448209065
  },
  "epoch": 0
}