{
  "weights": {
    "signal_w": -0.0005669978868413741,
    "bias": 0.013283335237352447
  },
  "epoch": 0
}