{
  "weights": {
    "signal_w": 0.0007945208306673298,
    "bias": 0.0005527804745029714
  },
  "epoch": 0
}