{
  "weights": {
    "signal_w": 0.010952332517284174,
    "bias": 0.0014817990462116463
  },
  "epoch": 0
}