{
  "weights": {
    "signal_w": 0.0024259742638909967,
    "bias": 0.005905367568382607
  },
  "epoch": 0
}