{
  "weights": {
    "signal_w": 0.08896369361161628,
    "bias": 0.001321843680104831
  },
  "epoch": 0
}