{
  "weights": {
    "signal_w": -0.003497152083022287,
    "bias": 0.01511110197681912
  },
  "epoch": 0
}