{
  "weights": {
    "signal_w": 0.0015619255065389558,
    "bias": 0.005294318567083478
  },
  "epoch": 0
}