{
  "weights": {
    "signal_w": 0.002827583176600706,
    "bias": -0.004489874307311669
  },
  "epoch": 0
}