{
  "weights": {
    "signal_w": 0.011060629333309924,
    "bias": 0.001883564973104069
  },
  "epoch": 0
}