{
  "weights": {
    "signal_w": 0.3010575763811331,
    "bias": 0.04427233344687153
  },
  "epoch": 0
}