{
  "weights": {
    "signal_w": -0.0003884858689367295,
    "bias": 0.0004542701216528682
  },
  "epoch": 0
}