{
  "weights": {
    "signal_w": -0.0009230856129150578,
    "bias": 0.00024118042610204532
  },
  "epoch": 0
}