{
  "weights": {
    "signal_w": 0.00030404930780484636,
    "bias": -0.0006620927686462866
  },
  "epoch": 0
}