{
  "weights": {
    "signal_w": 0.0028340644641600956,
    "bias": -0.0022812408016245874
  },
  "epoch": 0
}