{
  "weights": {
    "signal_w": -0.07649769127184877,
    "bias": 0.014448887996157359
  },
  "epoch": 0
}