{
  "weights": {
    "signal_w": 0.001186006250985525,
    "bias": 0.0012309835924028333
  },
  "epoch": 0
}