{
  "weights": {
    "signal_w": -0.005926062908315691,
    "bias": -0.0002073471208069578
  },
  "epoch": 0
}