{
  "weights": {
    "signal_w": 0.002140762794678116,
    "bias": -0.0013401414788278294
  },
  "epoch": 0
}