{
  "weights": {
    "signal_w": 0.012737977608082674,
    "bias": -0.04064553567505234
  },
  "epoch": 0
}