{
  "weights": {
    "signal_w": 0.06440702594886294,
    "bias": 0.010131064325741273
  },
  "epoch": 0
}