{
  "weights": {
    "signal_w": 0.0047961380257188465,
    "bias": -0.00030725734029115806
  },
  "epoch": 0
}