{
  "weights": {
    "signal_w": -0.009771328446522561,
    "bias": 0.006658667927400372
  },
  "epoch": 0
}