{
  "weights": {
    "signal_w": 0.005713573867420383,
    "bias": -0.001493983271133779
  },
  "epoch": 0
}