{
  "weights": {
    "signal_w": -0.0059170803069398216,
    "bias": -0.0016307550375964915
  },
  "epoch": 0
}