{
  "weights": {
    "signal_w": 0.012882675996648009,
    "bias": -0.0008229532368471957
  },
  "epoch": 0
}