{
  "weights": {
    "signal_w": -0.006135146043799344,
    "bias": -0.0023025532518900016
  },
  "epoch": 0
}