{
  "weights": {
    "signal_w": 0.0020397713406484336,
    "bias": 0.0011160523723051827
  },
  "epoch": 0
}