{
  "weights": {
    "signal_w": 0.0030762868941345686,
    "bias": 0.003801555716871922
  },
  "epoch": 0
}