{
  "weights": {
    "signal_w": -0.005578209931175666,
    "bias": 0.0031826220950049943
  },
  "epoch": 0
}