{
  "weights": {
    "signal_w": -0.0060886594336014305,
    "bias": -0.0023366954202194866
  },
  "epoch": 0
}