{
  "weights": {
    "signal_w": 0.0007475837990142276,
    "bias": -0.0015157419981082286
  },
  "epoch": 0
}