{
  "weights": {
    "signal_w": 0.0005474768404316214,
    "bias": 0.0009810560500881373
  },
  "epoch": 0
}