{
  "weights": {
    "signal_w": -0.006063161610440217,
    "bias": -0.005356926629752576
  },
  "epoch": 0
}