{
  "weights": {
    "signal_w": 0.008512098452560091,
    "bias": 0.0011833295074559012
  },
  "epoch": 0
}