{
  "weights": {
    "signal_w": 0.263844283587409,
    "bias": 0.06914389730196802
  },
  "epoch": 0
}