{
  "weights": {
    "signal_w": 0.0034520624913606684,
    "bias": 0.00063495320868503
  },
  "epoch": 0
}