{
  "weights": {
    "signal_w": 0.006487824977995522,
    "bias": -0.0031539074916266284
  },
  "epoch": 0
}