{
  "weights": {
    "signal_w": -0.006027889998334326,
    "bias": -0.0007526854555411449
  },
  "epoch": 0
}