{
  "weights": {
    "signal_w": 0.0028096111202510756,
    "bias": 0.004681451553473031
  },
  "epoch": 0
}