{
  "weights": {
    "signal_w": -0.006325573532208698,
    "bias": -0.00019857093697175224
  },
  "epoch": 0
}