{
  "weights": {
    "signal_w": 0.0005331194444313656,
    "bias": -0.0038073604837193407
  },
  "epoch": 0
}