{
  "weights": {
    "signal_w": 0.003752803190626304,
    "bias": -0.0003838031995648864
  },
  "epoch": 0
}