{
  "weights": {
    "signal_w": 0.0013639892296747275,
    "bias": 0.0017291145956101468
  },
  "epoch": 0
}