{
  "weights": {
    "signal_w": 0.0025594691150850387,
    "bias": 6.690652821346953e-06
  },
  "epoch": 0
}