{
  "weights": {
    "signal_w": -0.010627947211829856,
    "bias": -0.00337922803250878
  },
  "epoch": 0
}