{
  "weights": {
    "signal_w": 0.007999203959857643,
    "bias": 0.005037166437322707
  },
  "epoch": 0
}