{
  "weights": {
    "signal_w": -0.0001318074351209453,
    "bias": -0.00024638502500357084
  },
  "epoch": 0
}