{
  "weights": {
    "signal_w": 0.011042525042719915,
    "bias": 0.0035387889002948215
  },
  "epoch": 0
}