{
  "weights": {
    "signal_w": -0.0033199976741038013,
    "bias": -0.0030882115995369583
  },
  "epoch": 0
}