{
  "weights": {
    "signal_w": 0.006657673545426402,
    "bias": 0.0015643008978252966
  },
  "epoch": 0
}