{
  "weights": {
    "signal_w": 0.00029097554576454414,
    "bias": -0.000766839189550253
  },
  "epoch": 0
}