{
  "weights": {
    "signal_w": 0.0004131398925301629,
    "bias": -0.0037949344232349256
  },
  "epoch": 0
}