{
  "weights": {
    "signal_w": 0.00023468236864920944,
    "bias": -0.004645979091658001
  },
  "epoch": 0
}