{
  "weights": {
    "signal_w": 6.825070032057205e-05,
    "bias": 0.00010920116500851593
  },
  "epoch": 0
}