{
  "weights": {
    "signal_w": 0.0034016936541773142,
    "bias": -0.00031569314408938764
  },
  "epoch": 0
}