{
  "weights": {
    "signal_w": -6.909489683785622e-05,
    "bias": -0.0003818689571136656
  },
  "epoch": 0
}