{
  "weights": {
    "signal_w": 0.011264119959566237,
    "bias": -0.00300829403885144
  },
  "epoch": 0
}