{
  "weights": {
    "signal_w": -0.002628956514914123,
    "bias": -0.001627453222912817
  },
  "epoch": 0
}