{
  "weights": {
    "signal_w": -0.004182166297142947,
    "bias": 0.00926160050674078
  },
  "epoch": 0
}