{
  "weights": {
    "signal_w": -0.002137413650765474,
    "bias": -0.0025144042250106135
  },
  "epoch": 0
}