{
  "weights": {
    "signal_w": 0.0019769059640518966,
    "bias": 0.006549078370134643
  },
  "epoch": 0
}