{
  "weights": {
    "signal_w": -0.0007980392259739418,
    "bias": -0.0011447551139191188
  },
  "epoch": 0
}