{
  "weights": {
    "signal_w": 0.002126010836811267,
    "bias": 0.0030501025705867825
  },
  "epoch": 0
}