{
  "weights": {
    "signal_w": 0.0002262908536195147,
    "bias": -0.0004021042084823389
  },
  "epoch": 0
}