{
  "weights": {
    "signal_w": -0.012787510345693521,
    "bias": 0.0007892056220287461
  },
  "epoch": 0
}