{
  "weights": {
    "signal_w": 0.004775523350791781,
    "bias": 0.0023530851963513228
  },
  "epoch": 0
}