{
  "weights": {
    "signal_w": 0.0009830232079000693,
    "bias": 0.002819355756287382
  },
  "epoch": 0
}