{
  "weights": {
    "signal_w": -0.0015619963871864571,
    "bias": -0.00274452295388917
  },
  "epoch": 0
}