{
  "weights": {
    "signal_w": 0.0019720234398128388,
    "bias": 0.0010481897960563503
  },
  "epoch": 0
}