{
  "weights": {
    "signal_w": 0.002001075097057333,
    "bias": -0.01059883672213781
  },
  "epoch": 0
}