{
  "weights": {
    "signal_w": 0.00029997654692335126,
    "bias": -0.0006829041227759362
  },
  "epoch": 0
}