{
  "weights": {
    "signal_w": -0.009048621543823757,
    "bias": -0.0013628437568526089
  },
  "epoch": 0
}