{
  "weights": {
    "signal_w": 0.0004494636012445175,
    "bias": 0.002658628919582086
  },
  "epoch": 0
}