{
  "weights": {
    "signal_w": 0.004696717820275121,
    "bias": 0.0013753647177930425
  },
  "epoch": 0
}