{
  "weights": {
    "signal_w": 0.04441085202195547,
    "bias": 0.023295585941992974
  },
  "epoch": 0
}