{
  "weights": {
    "signal_w": 0.009141126040923021,
    "bias": 0.003542490838322191
  },
  "epoch": 0
}