{
  "weights": {
    "signal_w": 0.00401228803378276,
    "bias": -0.001049355980784255
  },
  "epoch": 0
}