{
  "weights": {
    "signal_w": 0.0043746909039034205,
    "bias": 0.0010901374578129587
  },
  "epoch": 0
}