{
  "weights": {
    "signal_w": 0.0016817606398169896,
    "bias": 0.0006069769545719738
  },
  "epoch": 0
}