{
  "weights": {
    "signal_w": -0.002140259816726089,
    "bias": 0.00023507302117063765
  },
  "epoch": 0
}