{
  "weights": {
    "signal_w": -0.009565650161143982,
    "bias": -0.0020325944407375515
  },
  "epoch": 0
}