{
  "weights": {
    "signal_w": -0.004902022752311033,
    "bias": 0.002852182870935526
  },
  "epoch": 0
}