{
  "weights": {
    "signal_w": -0.00624144182309474,
    "bias": -0.001402300086399716
  },
  "epoch": 0
}