{
  "weights": {
    "signal_w": 0.05993830099516665,
    "bias": -0.011910859458590814
  },
  "epoch": 0
}