{
  "weights": {
    "signal_w": 0.00022805176510316605,
    "bias": -0.0003409442761395351
  },
  "epoch": 0
}