{
  "weights": {
    "signal_w": 0.0012512472079438692,
    "bias": -0.0026871454525245783
  },
  "epoch": 0
}