{
  "weights": {
    "signal_w": 0.004329039871895382,
    "bias": 0.0010623229399667727
  },
  "epoch": 0
}