{
  "weights": {
    "signal_w": 0.0003979248022085687,
    "bias": -0.0025607559302092925
  },
  "epoch": 0
}