{
  "weights": {
    "signal_w": 0.05704587497020817,
    "bias": 0.007372269751727395
  },
  "epoch": 0
}