{
  "weights": {
    "signal_w": -0.0005460008442594092,
    "bias": -1.2691615514753537e-05
  },
  "epoch": 0
}