{
  "weights": {
    "signal_w": 0.0031889415509322437,
    "bias": -0.004392099915653567
  },
  "epoch": 0
}