{
  "weights": {
    "signal_w": 0.0015534681699432011,
    "bias": 0.0035123948670698815
  },
  "epoch": 0
}