{
  "weights": {
    "signal_w": -0.0033878083297578417,
    "bias": -0.0026567828321266934
  },
  "epoch": 0
}