{
  "weights": {
    "signal_w": -3.305070674505661e-06,
    "bias": -0.0006094969003911892
  },
  "epoch": 0
}