{
  "weights": {
    "signal_w": -0.006214958633999094,
    "bias": -0.0009361671720484027
  },
  "epoch": 0
}