{
  "weights": {
    "signal_w": 0.002928982639471334,
    "bias": 0.0009770630538161486
  },
  "epoch": 0
}