{
  "weights": {
    "signal_w": -0.00268823634626658,
    "bias": 0.0012605981869064612
  },
  "epoch": 0
}