{
  "weights": {
    "signal_w": 0.0014921402770537856,
    "bias": -0.0011750701900225076
  },
  "epoch": 0
}