{
  "weights": {
    "signal_w": 0.0006091390905275222,
    "bias": 0.001325452936350516
  },
  "epoch": 0
}