{
  "weights": {
    "signal_w": -0.0036746582633401473,
    "bias": -0.01366248154195824
  },
  "epoch": 0
}