{
  "weights": {
    "signal_w": -0.013005879455190631,
    "bias": 0.0036444795888919013
  },
  "epoch": 0
}