{
  "weights": {
    "signal_w": -0.001021348565267447,
    "bias": 0.0021732204550261067
  },
  "epoch": 0
}