{
  "weights": {
    "signal_w": 0.003768683823858842,
    "bias": -0.0005542810971978621
  },
  "epoch": 0
}