{
  "weights": {
    "signal_w": 0.0031413329599893993,
    "bias": -0.0015309416991065438
  },
  "epoch": 0
}