{
  "weights": {
    "signal_w": 0.020036171461431686,
    "bias": 0.002930615670945308
  },
  "epoch": 0
}