{
  "weights": {
    "signal_w": -0.0008833487287920244,
    "bias": 0.011153875234534712
  },
  "epoch": 0
}