{
  "weights": {
    "signal_w": -0.01102160294514125,
    "bias": 0.0005672328511016564
  },
  "epoch": 0
}