{
  "weights": {
    "signal_w": -0.0024401100195521053,
    "bias": -0.00017478859093193668
  },
  "epoch": 0
}