{
  "weights": {
    "signal_w": -0.0009202604123157076,
    "bias": 0.0004812707285297642
  },
  "epoch": 0
}