{
  "weights": {
    "signal_w": 0.00944915148960173,
    "bias": 1.9075044500608442e-05
  },
  "epoch": 0
}