{
  "weights": {
    "signal_w": -0.0018529178064423397,
    "bias": 0.001609435932084891
  },
  "epoch": 0
}