{
  "weights": {
    "signal_w": -0.0046875543374094285,
    "bias": -0.0007889069678994485
  },
  "epoch": 0
}