{
  "weights": {
    "signal_w": 0.001280993462057958,
    "bias": 0.003906605696429793
  },
  "epoch": 0
}