{
  "weights": {
    "signal_w": 0.0011375719274997777,
    "bias": 0.007610848851242826
  },
  "epoch": 0
}