{
  "weights": {
    "signal_w": 0.0008569721822365966,
    "bias": -0.0003698770995835163
  },
  "epoch": 0
}