{
  "weights": {
    "signal_w": -0.02442464651400031,
    "bias": -0.03401171092114607
  },
  "epoch": 0
}