{
  "weights": {
    "signal_w": -0.006986519033095006,
    "bias": -0.00014647637463743087
  },
  "epoch": 0
}