{
  "weights": {
    "signal_w": 0.004124019154617982,
    "bias": 0.0015404467375326302
  },
  "epoch": 0
}