{
  "weights": {
    "signal_w": 0.004405807811398039,
    "bias": -0.001359278137138553
  },
  "epoch": 0
}