{
  "weights": {
    "signal_w": 0.0007212265168818146,
    "bias": 0.00032378053000539
  },
  "epoch": 0
}