{
  "weights": {
    "signal_w": -0.0011964215266965549,
    "bias": 0.00041562969721223384
  },
  "epoch": 0
}