{
  "weights": {
    "signal_w": 0.007659505149434085,
    "bias": 0.0057584115705606445
  },
  "epoch": 0
}