{
  "weights": {
    "signal_w": 0.004325432293153961,
    "bias": 0.0012550470104994629
  },
  "epoch": 0
}