{
  "weights": {
    "signal_w": 0.0005291078096159693,
    "bias": -0.0016209651764211856
  },
  "epoch": 0
}