{
  "weights": {
    "signal_w": -0.0012198961921212703,
    "bias": -0.000581964727783614
  },
  "epoch": 0
}