{
  "weights": {
    "signal_w": 0.06104944072460469,
    "bias": -0.004501928483654218
  },
  "epoch": 0
}