{
  "weights": {
    "signal_w": -0.00941901513033244,
    "bias": -0.0008795879388531206
  },
  "epoch": 0
}