{
  "weights": {
    "signal_w": 4.5270557217217285e-05,
    "bias": -0.01671429613761151
  },
  "epoch": 0
}