{
  "weights": {
    "signal_w": 0.004336933421672378,
    "bias": 0.0008536109621184078
  },
  "epoch": 0
}