{
  "weights": {
    "signal_w": 0.08056345329831091,
    "bias": 0.012352557417094127
  },
  "epoch": 0
}