{
  "weights": {
    "signal_w": 0.008112220037933498,
    "bias": 0.01150001115500694
  },
  "epoch": 0
}