{
  "weights": {
    "signal_w": -0.002509108311813872,
    "bias": 0.0008762319365678451
  },
  "epoch": 0
}