{
  "weights": {
    "signal_w": 0.0026988261865632654,
    "bias": -3.8925829116739096e-05
  },
  "epoch": 0
}