{
  "weights": {
    "signal_w": -0.004934396009112898,
    "bias": -0.002677365944315022
  },
  "epoch": 0
}