{
  "weights": {
    "signal_w": -0.012750265652022487,
    "bias": 0.00992520428543352
  },
  "epoch": 0
}