{
  "weights": {
    "signal_w": -0.00566714548888261,
    "bias": -0.0016171457133443664
  },
  "epoch": 0
}