{
  "weights": {
    "signal_w": -0.0012844628305139474,
    "bias": -0.0008281157443638092
  },
  "epoch": 0
}