{
  "weights": {
    "signal_w": 0.012447053783862455,
    "bias": -0.00017962079602903242
  },
  "epoch": 0
}