{
  "weights": {
    "signal_w": -0.0018183943436137432,
    "bias": 0.002530687048789789
  },
  "epoch": 0
}