{
  "weights": {
    "signal_w": -3.051870793686499e-05,
    "bias": -0.00019514013164635035
  },
  "epoch": 0
}