{
  "weights": {
    "signal_w": 0.01761689739513931,
    "bias": 0.002846935877468172
  },
  "epoch": 0
}