{
  "weights": {
    "signal_w": -0.01578989953816992,
    "bias": -0.004400504644961028
  },
  "epoch": 0
}