{
  "weights": {
    "signal_w": 0.0011789192604892659,
    "bias": -0.00022759227585195216
  },
  "epoch": 0
}