{
  "weights": {
    "signal_w": 0.0011788612307761029,
    "bias": -0.00121313993018949
  },
  "epoch": 0
}