{
  "weights": {
    "signal_w": 0.005486166254027842,
    "bias": -0.0025457050850011464
  },
  "epoch": 0
}