{
  "weights": {
    "signal_w": -0.0038865786462153116,
    "bias": -0.00398195821436462
  },
  "epoch": 0
}