{
  "weights": {
    "signal_w": -0.007663098431291736,
    "bias": -0.0013353645692842312
  },
  "epoch": 0
}