{
  "weights": {
    "signal_w": 0.029093351490877876,
    "bias": 0.0038479252239108697
  },
  "epoch": 0
}