{
  "weights": {
    "signal_w": -0.01235420720551002,
    "bias": 0.0010070251051576937
  },
  "epoch": 0
}