{
  "weights": {
    "signal_w": 0.00024249408083020893,
    "bias": 0.00044742684821150625
  },
  "epoch": 0
}