{
  "weights": {
    "signal_w": 0.09722387772494023,
    "bias": 0.014790889392167727
  },
  "epoch": 0
}