{
  "weights": {
    "signal_w": -0.0004380026834409799,
    "bias": -0.0015074404288221712
  },
  "epoch": 0
}