{
  "weights": {
    "signal_w": 0.003218683968193974,
    "bias": 0.0004520766709485149
  },
  "epoch": 0
}