{
  "weights": {
    "signal_w": -0.006289344735300635,
    "bias": -0.0034403691715200998
  },
  "epoch": 0
}