{
  "weights": {
    "signal_w": -0.00011303664744216178,
    "bias": 0.003372706336530371
  },
  "epoch": 0
}