{
  "weights": {
    "signal_w": 0.021588032018626437,
    "bias": -0.006298781782379073
  },
  "epoch": 0
}