{
  "weights": {
    "signal_w": -0.0011723483615384163,
    "bias": 0.004450069606641338
  },
  "epoch": 0
}