{
  "weights": {
    "signal_w": 7.45453366772074e-05,
    "bias": -0.00013262246739924495
  },
  "epoch": 0
}