{
  "weights": {
    "signal_w": 0.0005985243410573423,
    "bias": 0.00027737166293116775
  },
  "epoch": 0
}