{
  "weights": {
    "signal_w": 0.004425277757447764,
    "bias": -0.0004833821861024499
  },
  "epoch": 0
}