{
  "weights": {
    "signal_w": 0.0003612878712608303,
    "bias": 0.0014530757461086782
  },
  "epoch": 0
}