{
  "weights": {
    "signal_w": -0.0018837525461004318,
    "bias": 0.0025335269831595402
  },
  "epoch": 0
}