{
  "weights": {
    "signal_w": -0.0005452521368778288,
    "bias": -0.00629290303749255
  },
  "epoch": 0
}