{
  "weights": {
    "signal_w": -0.000259382435745905,
    "bias": 0.0019378721406446342
  },
  "epoch": 0
}