{
  "weights": {
    "signal_w": 0.009808054635114456,
    "bias": -0.003904678222792161
  },
  "epoch": 0
}