{
  "weights": {
    "signal_w": 0.0006618941590227702,
    "bias": -0.0008506511810576863
  },
  "epoch": 0
}