{
  "weights": {
    "signal_w": 0.0020010963646444188,
    "bias": -0.001754883333328575
  },
  "epoch": 0
}