{
  "weights": {
    "signal_w": 0.0019760567771349743,
    "bias": 0.0019297825402440731
  },
  "epoch": 0
}