{
  "weights": {
    "signal_w": -0.001407482388216323,
    "bias": -0.002008792677508184
  },
  "epoch": 0
}