{
  "weights": {
    "signal_w": 0.004145640453892496,
    "bias": 0.002665323250232476
  },
  "epoch": 0
}