{
  "weights": {
    "signal_w": 0.0025181277638484673,
    "bias": -0.0014911995603033835
  },
  "epoch": 0
}