{
  "weights": {
    "signal_w": 4.8180346388488235e-06,
    "bias": -0.005746679084739129
  },
  "epoch": 0
}