{
  "weights": {
    "signal_w": 0.0027985582280488867,
    "bias": -0.00021890412758306913
  },
  "epoch": 0
}