{
  "weights": {
    "signal_w": -0.007221554379871959,
    "bias": -0.0005897384314700379
  },
  "epoch": 0
}