{
  "weights": {
    "signal_w": 0.08062341801969199,
    "bias": 0.011949864556919338
  },
  "epoch": 0
}