{
  "weights": {
    "signal_w": 0.019802280641177273,
    "bias": 0.004490410397206447
  },
  "epoch": 0
}