{
  "weights": {
    "signal_w": -0.000276761327551022,
    "bias": -0.007428116077517872
  },
  "epoch": 0
}