{
  "weights": {
    "signal_w": -0.054831733101519904,
    "bias": -0.0011300228144821441
  },
  "epoch": 0
}