{
  "weights": {
    "signal_w": 0.004076671605419436,
    "bias": -0.0021347337070642845
  },
  "epoch": 0
}