{
  "weights": {
    "signal_w": -0.0007360774926874315,
    "bias": -0.0003412881086647301
  },
  "epoch": 0
}