{
  "weights": {
    "signal_w": -0.00918309057917519,
    "bias": -0.0012170861364814553
  },
  "epoch": 0
}