{
  "weights": {
    "signal_w": -0.015291572917516292,
    "bias": -0.007091063859346598
  },
  "epoch": 0
}