{
  "weights": {
    "signal_w": -0.005620995381776181,
    "bias": 0.0010660069617841109
  },
  "epoch": 0
}