{
  "weights": {
    "signal_w": -0.005246836893702511,
    "bias": 0.05204946091142851
  },
  "epoch": 0
}