{
  "weights": {
    "signal_w": 0.0015955291681215018,
    "bias": 0.007238648450319686
  },
  "epoch": 0
}