{
  "weights": {
    "signal_w": 0.00015131150844534721,
    "bias": 0.00043167925681406716
  },
  "epoch": 0
}