{
  "weights": {
    "signal_w": -0.004187535560516884,
    "bias": 0.0010555076079087806
  },
  "epoch": 0
}