{
  "weights": {
    "signal_w": 0.00040670895750833036,
    "bias": -0.0009537712529164358
  },
  "epoch": 0
}