{
  "weights": {
    "signal_w": -0.001103993303584814,
    "bias": 0.002113632203740291
  },
  "epoch": 0
}