{
  "weights": {
    "signal_w": 0.0018618888978699094,
    "bias": -0.002997240028290508
  },
  "epoch": 0
}