{
  "weights": {
    "signal_w": 0.0023932426106447286,
    "bias": 0.01161583766736467
  },
  "epoch": 0
}