{
  "weights": {
    "signal_w": -2.026673753594662e-05,
    "bias": 0.0014123745940051876
  },
  "epoch": 0
}