{
  "weights": {
    "signal_w": -0.002720805864332551,
    "bias": 0.0038439358631398818
  },
  "epoch": 0
}