{
  "weights": {
    "signal_w": 0.0008510450461347946,
    "bias": 0.00017890698693241974
  },
  "epoch": 0
}