{
  "weights": {
    "signal_w": 0.003337699645117102,
    "bias": 0.0011922093505878622
  },
  "epoch": 0
}