{
  "weights": {
    "signal_w": 0.01719933079541596,
    "bias": 0.005030618623630601
  },
  "epoch": 0
}