{
  "weights": {
    "signal_w": -0.0032005952326206767,
    "bias": -0.0015582202494015772
  },
  "epoch": 0
}