{
  "weights": {
    "signal_w": -0.0016175951871048478,
    "bias": 0.004485811354154549
  },
  "epoch": 0
}