{
  "weights": {
    "signal_w": 0.0028823523166322234,
    "bias": -0.0032730870771173004
  },
  "epoch": 0
}