{
  "weights": {
    "signal_w": -0.000755909810291016,
    "bias": 0.00013784021127941933
  },
  "epoch": 0
}