{
  "weights": {
    "signal_w": -0.002425662351866543,
    "bias": 0.0032333389042129893
  },
  "epoch": 0
}