{
  "weights": {
    "signal_w": -0.0019146888365323639,
    "bias": -0.0004956890370488866
  },
  "epoch": 0
}