{
  "weights": {
    "signal_w": 0.0013845361279377336,
    "bias": -0.0004380479340133096
  },
  "epoch": 0
}