{
  "weights": {
    "signal_w": -0.003110434299637967,
    "bias": -9.43336230404203e-05
  },
  "epoch": 0
}