{
  "weights": {
    "signal_w": -0.00019154116449379834,
    "bias": 0.007146571626432667
  },
  "epoch": 0
}