{
  "weights": {
    "signal_w": 0.30283310244161643,
    "bias": 0.032435493043644695
  },
  "epoch": 0
}