{
  "weights": {
    "signal_w": 0.0005928689772993263,
    "bias": 0.008711430194410699
  },
  "epoch": 0
}