{
  "weights": {
    "signal_w": 0.0021006943197379884,
    "bias": -0.0006351549575244382
  },
  "epoch": 0
}