{
  "weights": {
    "signal_w": 0.001821553106276104,
    "bias": 0.0007880361508274346
  },
  "epoch": 0
}