{
  "weights": {
    "signal_w": 0.002484836664717642,
    "bias": -0.0007234245710547838
  },
  "epoch": 0
}