{
  "weights": {
    "signal_w": -0.0011008889787430698,
    "bias": -0.0009815922514875774
  },
  "epoch": 0
}