{
  "weights": {
    "signal_w": 0.00011402396767208602,
    "bias": 0.00042323359029547506
  },
  "epoch": 0
}