{
  "weights": {
    "signal_w": -0.005346744697785899,
    "bias": -0.001975282934348982
  },
  "epoch": 0
}