{
  "weights": {
    "signal_w": -0.008376324120492233,
    "bias": -0.0032476181625503762
  },
  "epoch": 0
}