{
  "weights": {
    "signal_w": -0.009472573241784944,
    "bias": 0.0014635720750814172
  },
  "epoch": 0
}