{
  "weights": {
    "signal_w": 0.0003753801153512611,
    "bias": -0.0005479874740726608
  },
  "epoch": 0
}