{
  "weights": {
    "signal_w": -0.00331500075339104,
    "bias": 0.0016510129201348718
  },
  "epoch": 0
}