{
  "weights": {
    "signal_w": 0.029733237288939653,
    "bias": 0.005440550567921572
  },
  "epoch": 0
}