{
  "weights": {
    "signal_w": -0.00012736536269867502,
    "bias": 0.0014013566921497842
  },
  "epoch": 0
}