{
  "weights": {
    "signal_w": 0.004627014471753029,
    "bias": 0.0007637823418647533
  },
  "epoch": 0
}