{
  "weights": {
    "signal_w": -0.0040024711465310794,
    "bias": -0.003073761189950692
  },
  "epoch": 0
}