{
  "weights": {
    "signal_w": -0.0006249825104187602,
    "bias": -0.0040685033900198005
  },
  "epoch": 0
}