{
  "weights": {
    "signal_w": 0.0019537560885683927,
    "bias": 0.002967197543626495
  },
  "epoch": 0
}