{
  "weights": {
    "signal_w": -0.0016371752181635105,
    "bias": -0.0012202725666362276
  },
  "epoch": 0
}