{
  "weights": {
    "signal_w": 0.003933305773783979,
    "bias": -0.0005315802506424675
  },
  "epoch": 0
}