{
  "weights": {
    "signal_w": -0.0011955871646396735,
    "bias": -0.0012123886068090828
  },
  "epoch": 0
}