{
  "weights": {
    "signal_w": -0.0028324079516771515,
    "bias": -0.0019479471415037076
  },
  "epoch": 0
}