{
  "weights": {
    "signal_w": -0.007139652928971079,
    "bias": -0.0012044879213747811
  },
  "epoch": 0
}