{
  "weights": {
    "signal_w": -0.0023550040230773963,
    "bias": 0.0047611691187732464
  },
  "epoch": 0
}