{
  "weights": {
    "signal_w": 0.00044075788718916535,
    "bias": -0.0073386529150113984
  },
  "epoch": 0
}