{
  "weights": {
    "signal_w": 0.0025976003599940817,
    "bias": -0.00560548198841358
  },
  "epoch": 0
}