{
  "weights": {
    "signal_w": 0.0053678927258426256,
    "bias": -0.005257394093311775
  },
  "epoch": 0
}