{
  "weights": {
    "signal_w": 0.007378879197237576,
    "bias": -0.0011047742285199959
  },
  "epoch": 0
}