{
  "weights": {
    "signal_w": 0.0008908105056537961,
    "bias": -0.0035024184355501157
  },
  "epoch": 0
}