{
  "weights": {
    "signal_w": 0.003230403186728855,
    "bias": 0.0009049571437159966
  },
  "epoch": 0
}