{
  "weights": {
    "signal_w": 0.00338024189422135,
    "bias": 0.0011424644507004602
  },
  "epoch": 0
}