{
  "weights": {
    "signal_w": -0.00018053490079651858,
    "bias": -0.0017971243054239648
  },
  "epoch": 0
}