{
  "weights": {
    "signal_w": -0.005743459611138518,
    "bias": -0.00017563076677832624
  },
  "epoch": 0
}