{
  "weights": {
    "signal_w": -0.010611435505870076,
    "bias": -0.002167216764599594
  },
  "epoch": 0
}