{
  "weights": {
    "signal_w": 0.004654911608705824,
    "bias": 0.0012795206833905604
  },
  "epoch": 0
}