{
  "weights": {
    "signal_w": -0.009987565963631645,
    "bias": 0.00011210916883878878
  },
  "epoch": 0
}