{
  "weights": {
    "signal_w": -0.001357368174753618,
    "bias": 0.00022977459673098393
  },
  "epoch": 0
}