{
  "weights": {
    "signal_w": 0.009696675999420562,
    "bias": 0.002871252595283714
  },
  "epoch": 0
}