{
  "weights": {
    "signal_w": -0.0043732161119220455,
    "bias": 0.002667232845466282
  },
  "epoch": 0
}