{
  "weights": {
    "signal_w": -0.0008354052493327106,
    "bias": -0.00035800153079544974
  },
  "epoch": 0
}