{
  "weights": {
    "signal_w": 0.005911120698705965,
    "bias": 0.007251269512018082
  },
  "epoch": 0
}