{
  "weights": {
    "signal_w": 0.0001884820612358689,
    "bias": -0.00021015995626949563
  },
  "epoch": 0
}