{
  "weights": {
    "signal_w": 0.0032174485528177186,
    "bias": -0.0015560090001876163
  },
  "epoch": 0
}