{
  "weights": {
    "signal_w": 0.08066284484479153,
    "bias": 0.0116870187494266
  },
  "epoch": 0
}