{
  "weights": {
    "signal_w": 0.004254825440503604,
    "bias": 0.0008531625255234208
  },
  "epoch": 0
}