{
  "weights": {
    "signal_w": 0.0016160148697885002,
    "bias": -0.0014724364878039176
  },
  "epoch": 0
}