{
  "weights": {
    "signal_w": -0.00017092310352986048,
    "bias": -0.0033140653970133538
  },
  "epoch": 0
}