{
  "weights": {
    "signal_w": 0.0036676514097374467,
    "bias": 0.002303785565233976
  },
  "epoch": 0
}