{
  "weights": {
    "signal_w": 0.005499204504897506,
    "bias": 0.003386229543133363
  },
  "epoch": 0
}