{
  "weights": {
    "signal_w": 0.007166603406457672,
    "bias": -0.0008261565706805928
  },
  "epoch": 0
}