{
  "weights": {
    "signal_w": 0.369415948043274,
    "bias": -0.05916153853489314
  },
  "epoch": 0
}