{
  "weights": {
    "signal_w": 0.0006201470495202163,
    "bias": -0.0020866664256420607
  },
  "epoch": 0
}