{
  "weights": {
    "signal_w": -0.0010186001157622868,
    "bias": -1.0330948767386416e-05
  },
  "epoch": 0
}