{
  "weights": {
    "signal_w": -0.0003024416129702235,
    "bias": 0.0016340906899691583
  },
  "epoch": 0
}