{
  "weights": {
    "signal_w": 0.0006088167442109631,
    "bias": 0.0020846136611062534
  },
  "epoch": 0
}