{
  "weights": {
    "signal_w": -0.010481043329513481,
    "bias": 0.00014067046968568915
  },
  "epoch": 0
}