{
  "weights": {
    "signal_w": -0.00921229294623634,
    "bias": 0.0007294505317573903
  },
  "epoch": 0
}