{
  "weights": {
    "signal_w": -0.000860935800677261,
    "bias": -0.0005585846592983685
  },
  "epoch": 0
}