{
  "weights": {
    "signal_w": 0.02023339302107795,
    "bias": 0.0016163280915632002
  },
  "epoch": 0
}