{
  "weights": {
    "signal_w": 0.0014685756411441577,
    "bias": -0.0010179726310677476
  },
  "epoch": 0
}