{
  "weights": {
    "signal_w": -0.00026986568830948725,
    "bias": 6.251207613892513e-05
  },
  "epoch": 0
}