{
  "weights": {
    "signal_w": 0.00029549116791750146,
    "bias": -0.0008634396292985566
  },
  "epoch": 0
}