{
  "weights": {
    "signal_w": -0.009476960436878158,
    "bias": 0.0007405981385988447
  },
  "epoch": 0
}