{
  "weights": {
    "signal_w": 0.003654748075800762,
    "bias": -0.0006628592320309912
  },
  "epoch": 0
}