{
  "weights": {
    "signal_w": -0.0696744262966586,
    "bias": 0.0037592714555536276
  },
  "epoch": 0
}