{
  "weights": {
    "signal_w": 0.0029857329943500438,
    "bias": 0.003642095705228461
  },
  "epoch": 0
}