{
  "weights": {
    "signal_w": 0.00044507741343333736,
    "bias": -0.00017421727258224833
  },
  "epoch": 0
}