{
  "weights": {
    "signal_w": -0.0009593883076636631,
    "bias": 0.002967379691809328
  },
  "epoch": 0
}