{
  "weights": {
    "signal_w": 0.0022834349171704017,
    "bias": -0.0019736318626728307
  },
  "epoch": 0
}