{
  "weights": {
    "signal_w": 0.0008936003314308822,
    "bias": 0.00153184567104655
  },
  "epoch": 0
}