{
  "weights": {
    "signal_w": 0.003761949807354929,
    "bias": 0.002156949176900531
  },
  "epoch": 0
}