{
  "weights": {
    "signal_w": 0.0008080186778192756,
    "bias": 0.001859810919385183
  },
  "epoch": 0
}