{
  "weights": {
    "signal_w": 0.004556627741872198,
    "bias": -0.0006043312385248948
  },
  "epoch": 0
}