{
  "weights": {
    "signal_w": -0.000996384884954935,
    "bias": -0.0010738496443043369
  },
  "epoch": 0
}