{
  "weights": {
    "signal_w": 0.1532942059775138,
    "bias": -0.023221934219511884
  },
  "epoch": 0
}