{
  "weights": {
    "signal_w": -7.936041462285969e-05,
    "bias": 0.00036573515180664745
  },
  "epoch": 0
}