{
  "weights": {
    "signal_w": 0.0008298527278543206,
    "bias": -0.00018913151974353005
  },
  "epoch": 0
}