{
  "weights": {
    "signal_w": -0.0012933188929216183,
    "bias": -0.00010350121220029783
  },
  "epoch": 0
}