{
  "weights": {
    "signal_w": -0.014130525204855924,
    "bias": 0.002334168800315886
  },
  "epoch": 0
}