{
  "weights": {
    "signal_w": 0.005589986080342929,
    "bias": 0.005465074297216729
  },
  "epoch": 0
}