{
  "weights": {
    "signal_w": 0.00015730038585985516,
    "bias": -0.00013882037294242052
  },
  "epoch": 0
}