{
  "weights": {
    "signal_w": 0.022903451572794713,
    "bias": 0.0032483106013309077
  },
  "epoch": 0
}