{
  "weights": {
    "signal_w": -0.013768583175518965,
    "bias": -0.0006531038051815058
  },
  "epoch": 0
}