{
  "weights": {
    "signal_w": -0.0009523511426061736,
    "bias": 0.001090911125010534
  },
  "epoch": 0
}