{
  "weights": {
    "signal_w": 0.48952696963568626,
    "bias": -0.07253898764372721
  },
  "epoch": 0
}