{
  "weights": {
    "signal_w": 0.09724988245895493,
    "bias": 0.014617524498736526
  },
  "epoch": 0
}