{
  "weights": {
    "signal_w": -0.0029302240734351663,
    "bias": 0.013236670595532511
  },
  "epoch": 0
}