{
  "weights": {
    "signal_w": -0.04434874124149752,
    "bias": 0.012600102383162249
  },
  "epoch": 0
}