{
  "weights": {
    "signal_w": 0.002477317114554823,
    "bias": -0.009542220685952304
  },
  "epoch": 0
}