{
  "weights": {
    "signal_w": -0.0003028676438298249,
    "bias": -0.0009151461439008657
  },
  "epoch": 0
}