{
  "weights": {
    "signal_w": -0.0010582825601411225,
    "bias": -0.0006672230115358766
  },
  "epoch": 0
}