{
  "weights": {
    "signal_w": 0.002041974845297905,
    "bias": 0.0008590246645177176
  },
  "epoch": 0
}