{
  "weights": {
    "signal_w": -1.1988685567193924e-05,
    "bias": 0.0009064334164845314
  },
  "epoch": 0
}