{
  "weights": {
    "signal_w": 0.0001960349035373425,
    "bias": -8.65490132709362e-05
  },
  "epoch": 0
}