{
  "weights": {
    "signal_w": -0.006510248432084337,
    "bias": -0.0024363580156113464
  },
  "epoch": 0
}