{
  "weights": {
    "signal_w": 0.049658330120244926,
    "bias": -0.007984219707504618
  },
  "epoch": 0
}