{
  "weights": {
    "signal_w": 0.007136107020884368,
    "bias": 0.0016706953478364953
  },
  "epoch": 0
}