{
  "weights": {
    "signal_w": -0.015920204503717353,
    "bias": 0.01911403473768494
  },
  "epoch": 0
}