{
  "weights": {
    "signal_w": 0.00066121370136807,
    "bias": 0.000558078330034294
  },
  "epoch": 0
}