{
  "weights": {
    "signal_w": -0.0012801562197719849,
    "bias": 0.00041665168377679027
  },
  "epoch": 0
}