{
  "weights": {
    "signal_w": -0.0008697113648036128,
    "bias": -0.007467559614478156
  },
  "epoch": 0
}