{
  "weights": {
    "signal_w": 0.008739436441913481,
    "bias": 0.0005395497743147424
  },
  "epoch": 0
}