{
  "weights": {
    "signal_w": 0.0003719487550418654,
    "bias": 0.002476927887645574
  },
  "epoch": 0
}