{
  "weights": {
    "signal_w": 0.03264882973900308,
    "bias": 0.05483292453539631
  },
  "epoch": 0
}