{
  "weights": {
    "signal_w": -0.006150099006486571,
    "bias": -0.0009861082342669542
  },
  "epoch": 0
}