{
  "weights": {
    "signal_w": -0.0013728184450415343,
    "bias": 0.0016163702396565238
  },
  "epoch": 0
}