{
  "weights": {
    "signal_w": -0.0001516478808631043,
    "bias": 9.015341576718215e-05
  },
  "epoch": 0
}