{
  "weights": {
    "signal_w": -0.0032893406593446643,
    "bias": 0.00028104691239695396
  },
  "epoch": 0
}