{
  "weights": {
    "signal_w": 0.003957727040411044,
    "bias": -0.0017634301859542757
  },
  "epoch": 0
}