{
  "weights": {
    "signal_w": 0.004223332018103915,
    "bias": 0.0010804049788933159
  },
  "epoch": 0
}