{
  "weights": {
    "signal_w": -0.005744233944077801,
    "bias": 0.013581576803000595
  },
  "epoch": 0
}