{
  "weights": {
    "signal_w": -0.0038025605308475954,
    "bias": 0.011111506660104707
  },
  "epoch": 0
}