{
  "weights": {
    "signal_w": 0.01217220791429487,
    "bias": -0.006147190807352233
  },
  "epoch": 0
}