{
  "weights": {
    "signal_w": 0.00877234512732351,
    "bias": -0.003362210705537141
  },
  "epoch": 0
}