{
  "weights": {
    "signal_w": 0.0030496849774536853,
    "bias": 0.0020526363220129654
  },
  "epoch": 0
}