{
  "weights": {
    "signal_w": -0.020900052323186057,
    "bias": -0.007975568884692854
  },
  "epoch": 0
}