{
  "weights": {
    "signal_w": -0.0070350360766360046,
    "bias": -0.0018331937863764049
  },
  "epoch": 0
}