{
  "weights": {
    "signal_w": 0.0010914356478871328,
    "bias": -4.260721258035339e-05
  },
  "epoch": 0
}