{
  "weights": {
    "signal_w": 0.0007396779421383815,
    "bias": 0.0011352682111350361
  },
  "epoch": 0
}