{
  "weights": {
    "signal_w": 0.002837486338304915,
    "bias": 0.0020095808719912058
  },
  "epoch": 0
}