{
  "weights": {
    "signal_w": 0.0032207253245631917,
    "bias": 0.003932233445300473
  },
  "epoch": 0
}