{
  "weights": {
    "signal_w": 0.0016957088098781322,
    "bias": 0.004635457519926413
  },
  "epoch": 0
}