{
  "weights": {
    "signal_w": -0.004094825325755492,
    "bias": -0.010911132523551165
  },
  "epoch": 0
}