{
  "weights": {
    "signal_w": 0.004991449200661295,
    "bias": 0.005789825130450146
  },
  "epoch": 0
}