{
  "weights": {
    "signal_w": 0.0017091040269139339,
    "bias": 0.003619589124940878
  },
  "epoch": 0
}