{
  "weights": {
    "signal_w": -0.002317468605309625,
    "bias": -0.0006989972376881894
  },
  "epoch": 0
}