{
  "weights": {
    "signal_w": -0.006429790679758273,
    "bias": 0.0009139815366306478
  },
  "epoch": 0
}