{
  "weights": {
    "signal_w": 0.00046975893519909327,
    "bias": -0.0026184346841275725
  },
  "epoch": 0
}