{
  "weights": {
    "signal_w": 0.0042340999173306505,
    "bias": -0.0029914331592297864
  },
  "epoch": 0
}