{
  "weights": {
    "signal_w": 0.0002385337611439288,
    "bias": -0.0002843335883390612
  },
  "epoch": 0
}