{
  "weights": {
    "signal_w": -0.00045630109303362827,
    "bias": 0.0007752792888573878
  },
  "epoch": 0
}