{
  "weights": {
    "signal_w": 0.0018419899626258259,
    "bias": -0.000399284888623851
  },
  "epoch": 0
}