{
  "weights": {
    "signal_w": -0.005108883437361341,
    "bias": -0.012651324475268632
  },
  "epoch": 0
}