{
  "weights": {
    "signal_w": 0.0030269766731563174,
    "bias": 0.002306752508717346
  },
  "epoch": 0
}