{
  "weights": {
    "signal_w": -0.004817548696412743,
    "bias": -0.0002597345840424849
  },
  "epoch": 0
}