{
  "weights": {
    "signal_w": -0.00012991994618092732,
    "bias": 0.0034334109608868705
  },
  "epoch": 0
}