{
  "weights": {
    "signal_w": 0.0029981731143500405,
    "bias": -0.006541163373960519
  },
  "epoch": 0
}