{
  "weights": {
    "signal_w": 0.0041954802733187215,
    "bias": 0.0005133400125008552
  },
  "epoch": 0
}