{
  "weights": {
    "signal_w": 0.004623488014333732,
    "bias": -0.0013880343363105888
  },
  "epoch": 0
}