{
  "weights": {
    "signal_w": 0.0021791453077946144,
    "bias": 0.0002675339033154195
  },
  "epoch": 0
}