{
  "weights": {
    "signal_w": 0.0027873131521678517,
    "bias": -0.002592916221050978
  },
  "epoch": 0
}