{
  "weights": {
    "signal_w": -0.0010495436197296964,
    "bias": -0.000383660703253831
  },
  "epoch": 0
}