{
  "weights": {
    "signal_w": -0.0014199867534637352,
    "bias": 0.0004161693554892963
  },
  "epoch": 0
}