{
  "weights": {
    "signal_w": 0.001711717078332184,
    "bias": 0.0005137995588423946
  },
  "epoch": 0
}