{
  "weights": {
    "signal_w": 0.0007351670741881478,
    "bias": 0.0012422780243366665
  },
  "epoch": 0
}