{
  "weights": {
    "signal_w": -0.004241063937933632,
    "bias": -0.0072995775961762505
  },
  "epoch": 0
}