{
  "weights": {
    "signal_w": 0.06394140199898507,
    "bias": 0.013235203485210949
  },
  "epoch": 0
}