{
  "weights": {
    "signal_w": 0.0008786633065185072,
    "bias": 0.0035228615613227964
  },
  "epoch": 0
}