{
  "weights": {
    "signal_w": 0.08052360283656025,
    "bias": 0.012615299111130992
  },
  "epoch": 0
}