{
  "weights": {
    "signal_w": 0.003972299850475067,
    "bias": -0.0007915410158318962
  },
  "epoch": 0
}