{
  "weights": {
    "signal_w": -0.0005294597094215716,
    "bias": -0.0015147492095159785
  },
  "epoch": 0
}