{
  "weights": {
    "signal_w": 0.010343554363028194,
    "bias": 0.005640440206020744
  },
  "epoch": 0
}