{
  "weights": {
    "signal_w": -0.001668160809158817,
    "bias": 0.0012764146563408753
  },
  "epoch": 0
}