{
  "weights": {
    "signal_w": -0.002337661075246056,
    "bias": 0.0015122657562742403
  },
  "epoch": 0
}