{
  "weights": {
    "signal_w": 0.000312592513267886,
    "bias": -0.0001279577638971906
  },
  "epoch": 0
}