{
  "weights": {
    "signal_w": -0.0006634456830996631,
    "bias": -0.002344920321734294
  },
  "epoch": 0
}