{
  "weights": {
    "signal_w": -0.007307020364473038,
    "bias": -0.012410199406243884
  },
  "epoch": 0
}