{
  "weights": {
    "signal_w": -0.00045122123354466497,
    "bias": 0.0041286280259732
  },
  "epoch": 0
}