{
  "weights": {
    "signal_w": -0.00041837873203846,
    "bias": 0.000602972560856307
  },
  "epoch": 0
}