{
  "weights": {
    "signal_w": -0.011731915978113348,
    "bias": 0.003529013616936368
  },
  "epoch": 0
}