{
  "weights": {
    "signal_w": 0.002844953599047233,
    "bias": 0.0015389532626373496
  },
  "epoch": 0
}