{
  "weights": {
    "signal_w": -0.0012284913906810283,
    "bias": -0.004245073087799264
  },
  "epoch": 0
}