{
  "weights": {
    "signal_w": -0.008613426436905283,
    "bias": 0.0012767287531404103
  },
  "epoch": 0
}