{
  "weights": {
    "signal_w": -0.0024217776076998097,
    "bias": -0.0012611548444510703
  },
  "epoch": 0
}