{
  "weights": {
    "signal_w": 0.0008796584717447478,
    "bias": -0.0012452564261537504
  },
  "epoch": 0
}