{
  "weights": {
    "signal_w": -0.0005764642685267873,
    "bias": -0.006500983915152275
  },
  "epoch": 0
}