{
  "weights": {
    "signal_w": 0.00011070403844360137,
    "bias": -0.0006620952192007712
  },
  "epoch": 0
}