{
  "weights": {
    "signal_w": 0.0003349493974421263,
    "bias": -0.0007925733503071651
  },
  "epoch": 0
}