{
  "weights": {
    "signal_w": 0.007657236890652704,
    "bias": -0.0016792617208159066
  },
  "epoch": 0
}