{
  "weights": {
    "signal_w": -0.007713268019816049,
    "bias": -0.007495032764664695
  },
  "epoch": 0
}