{
  "weights": {
    "signal_w": 0.0047080955473208525,
    "bias": -0.0016689092242673854
  },
  "epoch": 0
}