{
  "weights": {
    "signal_w": 0.00018984967719003716,
    "bias": 0.0007383857245904803
  },
  "epoch": 0
}