{
  "weights": {
    "signal_w": 0.025011535621142018,
    "bias": -0.002191864527396355
  },
  "epoch": 0
}