{
  "weights": {
    "signal_w": -0.004782362938619565,
    "bias": -0.003720452119549884
  },
  "epoch": 0
}