{
  "weights": {
    "signal_w": -0.001192553007836657,
    "bias": 0.0035834654897964765
  },
  "epoch": 0
}