{
  "weights": {
    "signal_w": 0.011282251148552316,
    "bias": -0.0028874192047496144
  },
  "epoch": 0
}