{
  "weights": {
    "signal_w": 0.007218284357012021,
    "bias": 0.0012529376810314892
  },
  "epoch": 0
}