{
  "weights": {
    "signal_w": -0.00022110490466431274,
    "bias": 0.0011448038723877755
  },
  "epoch": 0
}