{
  "weights": {
    "signal_w": 0.39654437448186847,
    "bias": -0.08207164742073433
  },
  "epoch": 0
}