{
  "weights": {
    "signal_w": 0.01120099609955376,
    "bias": -0.00010208288115032885
  },
  "epoch": 0
}