{
  "weights": {
    "signal_w": -0.000494946314848218,
    "bias": 0.0007196709298173413
  },
  "epoch": 0
}