{
  "weights": {
    "signal_w": 0.00046119488940345014,
    "bias": -0.000638314324341369
  },
  "epoch": 0
}