{
  "weights": {
    "signal_w": -0.005615155815606327,
    "bias": 0.001104937384419892
  },
  "epoch": 0
}