{
  "weights": {
    "signal_w": 0.00040006112741887277,
    "bias": 0.0004251742044266467
  },
  "epoch": 0
}