{
  "weights": {
    "signal_w": 0.0057906758035831144,
    "bias": 0.0011189144610578234
  },
  "epoch": 0
}