{
  "weights": {
    "signal_w": -0.005185364541685274,
    "bias": -0.0017821215826308613
  },
  "epoch": 0
}