{
  "weights": {
    "signal_w": 0.0009978606972713918,
    "bias": -0.0005090129423330424
  },
  "epoch": 0
}