{
  "weights": {
    "signal_w": 0.00460180536407126,
    "bias": -0.0007050914439446534
  },
  "epoch": 0
}