{
  "weights": {
    "signal_w": 0.007249979094951966,
    "bias": -0.004714159253122889
  },
  "epoch": 0
}