{
  "weights": {
    "signal_w": -0.0040379627409567985,
    "bias": 0.002586508735193963
  },
  "epoch": 0
}