{
  "weights": {
    "signal_w": -0.001686952862215016,
    "bias": -0.00014565630021260613
  },
  "epoch": 0
}