{
  "weights": {
    "signal_w": -0.008401254331192301,
    "bias": -0.0030814167578832267
  },
  "epoch": 0
}