{
  "weights": {
    "signal_w": 0.0022818783784311182,
    "bias": 0.0015577985488678223
  },
  "epoch": 0
}