{
  "weights": {
    "signal_w": -0.00144615003498202,
    "bias": -0.0013455647132828818
  },
  "epoch": 0
}