{
  "weights": {
    "signal_w": 0.012282723980539997,
    "bias": 0.012061853639085438
  },
  "epoch": 0
}