{
  "weights": {
    "signal_w": -0.00025328853460258595,
    "bias": -0.0008798966571491959
  },
  "epoch": 0
}