{
  "weights": {
    "signal_w": 0.0037533604161017085,
    "bias": -0.000993091053374649
  },
  "epoch": 0
}