{
  "weights": {
    "signal_w": 0.002005472929229526,
    "bias": -0.001202793159532267
  },
  "epoch": 0
}