{
  "weights": {
    "signal_w": 0.0008275241776380403,
    "bias": -0.0006026978516825209
  },
  "epoch": 0
}