{
  "weights": {
    "signal_w": -0.0015187858731398906,
    "bias": -0.003150317861550133
  },
  "epoch": 0
}