{
  "weights": {
    "signal_w": 0.0017915642784130381,
    "bias": 0.0005580795901046673
  },
  "epoch": 0
}