{
  "weights": {
    "signal_w": -0.014868681077290643,
    "bias": 0.021966914109002617
  },
  "epoch": 0
}