{
  "weights": {
    "signal_w": 0.020049486647009233,
    "bias": 0.002842961726146124
  },
  "epoch": 0
}