{
  "weights": {
    "signal_w": -0.0029589971679830573,
    "bias": -0.0038994024413606236
  },
  "epoch": 0
}