{
  "weights": {
    "signal_w": 0.0044757772964984475,
    "bias": 0.0004644109661928242
  },
  "epoch": 0
}