{
  "weights": {
    "signal_w": -0.00025678381335135004,
    "bias": 0.00037336097336258356
  },
  "epoch": 0
}