{
  "weights": {
    "signal_w": 0.005393454319555117,
    "bias": -0.0022411584903680995
  },
  "epoch": 0
}