{
  "weights": {
    "signal_w": -0.0005815537687172823,
    "bias": 0.006960951740338126
  },
  "epoch": 0
}