{
  "weights": {
    "signal_w": -0.0036318078902228238,
    "bias": -0.0046682676432963565
  },
  "epoch": 0
}