{
  "weights": {
    "signal_w": -0.0058145523417969785,
    "bias": 0.008647528338925337
  },
  "epoch": 0
}