{
  "weights": {
    "signal_w": -0.0013690415018603173,
    "bias": 0.002327713670763703
  },
  "epoch": 0
}