{
  "weights": {
    "signal_w": 0.003600902833892174,
    "bias": -0.0006053042004747072
  },
  "epoch": 0
}