{
  "weights": {
    "signal_w": 0.01078977437881346,
    "bias": 0.0026401200692888482
  },
  "epoch": 0
}