{
  "weights": {
    "signal_w": -2.389132654633709e-05,
    "bias": -0.0005125461650736605
  },
  "epoch": 0
}