{
  "weights": {
    "signal_w": 0.0018038189775981582,
    "bias": -0.0022605889968062677
  },
  "epoch": 0
}