{
  "weights": {
    "signal_w": 0.0011642233729016848,
    "bias": -2.7630906177656504e-05
  },
  "epoch": 0
}