{
  "weights": {
    "signal_w": -0.007024058994516732,
    "bias": 0.0009015374553527447
  },
  "epoch": 0
}