{
  "weights": {
    "signal_w": -0.006228088185763023,
    "bias": -7.366767625120823e-05
  },
  "epoch": 0
}