{
  "weights": {
    "signal_w": 0.0019074451861200823,
    "bias": -0.0019650098022557113
  },
  "epoch": 0
}