{
  "weights": {
    "signal_w": -0.0042378687014682625,
    "bias": 0.00013424150933285677
  },
  "epoch": 0
}