{
  "weights": {
    "signal_w": -0.001052362351831658,
    "bias": 0.0013619617010768963
  },
  "epoch": 0
}