{
  "weights": {
    "signal_w": 0.0030909092036420674,
    "bias": 0.00031975274463373957
  },
  "epoch": 0
}