{
  "weights": {
    "signal_w": 0.00370023411730061,
    "bias": 0.0006367820887116461
  },
  "epoch": 0
}