{
  "weights": {
    "signal_w": -0.0020378766291142335,
    "bias": -0.0013201240580143544
  },
  "epoch": 0
}