{
  "weights": {
    "signal_w": -0.0008328359098892443,
    "bias": 0.0018995421554401696
  },
  "epoch": 0
}