{
  "weights": {
    "signal_w": -0.0011674040808882984,
    "bias": 0.009667484201579181
  },
  "epoch": 0
}