{
  "weights": {
    "signal_w": 0.003559399455139787,
    "bias": -2.7201760946307484e-05
  },
  "epoch": 0
}