{
  "weights": {
    "signal_w": 0.05430756796935537,
    "bias": -0.009217070815622471
  },
  "epoch": 0
}