{
  "weights": {
    "signal_w": -0.00810702700472323,
    "bias": 0.0023209816815427664
  },
  "epoch": 0
}