{
  "weights": {
    "signal_w": -0.0013700764800885926,
    "bias": 0.0010161200858875069
  },
  "epoch": 0
}