{
  "weights": {
    "signal_w": -0.07764058206504422,
    "bias": 0.010215783883311435
  },
  "epoch": 0
}