{
  "weights": {
    "signal_w": 0.06453829165443975,
    "bias": 0.009255939115495139
  },
  "epoch": 0
}