{
  "weights": {
    "signal_w": 0.0008234661703214891,
    "bias": -0.001787664959958736
  },
  "epoch": 0
}