{
  "weights": {
    "signal_w": 0.01795798175115795,
    "bias": 0.002595468901335094
  },
  "epoch": 0
}