{
  "weights": {
    "signal_w": -0.001380684964402301,
    "bias": -0.0034748788132389677
  },
  "epoch": 0
}