{
  "weights": {
    "signal_w": 0.005876366951512808,
    "bias": 0.0008718132323646838
  },
  "epoch": 0
}