{
  "weights": {
    "signal_w": -0.028377124252158294,
    "bias": -0.001175225889057997
  },
  "epoch": 0
}