{
  "weights": {
    "signal_w": 0.005031051403263529,
    "bias": -0.015336401749927252
  },
  "epoch": 0
}