{
  "weights": {
    "signal_w": 0.012444298063098332,
    "bias": -0.0037459356942523125
  },
  "epoch": 0
}