{
  "weights": {
    "signal_w": -0.008500828521747052,
    "bias": 0.001340985502281382
  },
  "epoch": 0
}