{
  "weights": {
    "signal_w": -0.005804483193827833,
    "bias": 0.0006927504144937971
  },
  "epoch": 0
}