{
  "weights": {
    "signal_w": 0.004720569783025891,
    "bias": 0.014591100034428175
  },
  "epoch": 0
}