{
  "weights": {
    "signal_w": 0.004961103830691897,
    "bias": -0.004400425462079532
  },
  "epoch": 0
}