{
  "weights": {
    "signal_w": 0.0015300202046208706,
    "bias": -0.0010437980781048259
  },
  "epoch": 0
}