{
  "weights": {
    "signal_w": 0.01791923028587358,
    "bias": 0.0028538598191298324
  },
  "epoch": 0
}