{
  "weights": {
    "signal_w": 0.0001106499573485138,
    "bias": 0.002504038405180418
  },
  "epoch": 0
}