{
  "weights": {
    "signal_w": -0.0054538235985112735,
    "bias": -0.0007237061874591876
  },
  "epoch": 0
}