{
  "weights": {
    "signal_w": -0.013708391169824953,
    "bias": -0.0010543672626095735
  },
  "epoch": 0
}