{
  "weights": {
    "signal_w": -0.0007962377048446617,
    "bias": 0.0015843772756165817
  },
  "epoch": 0
}