{
  "weights": {
    "signal_w": 0.0009796364472717254,
    "bias": -5.440060121784856e-05
  },
  "epoch": 0
}