{
  "weights": {
    "signal_w": -0.0043776676748055,
    "bias": 0.0027926537202190853
  },
  "epoch": 0
}