{
  "weights": {
    "signal_w": -0.011480445097558951,
    "bias": 0.006257363639459756
  },
  "epoch": 0
}