{
  "weights": {
    "signal_w": 0.06816901774068278,
    "bias": -0.014948901459440294
  },
  "epoch": 0
}