{
  "weights": {
    "signal_w": -0.01965527435230628,
    "bias": 0.004636401716257717
  },
  "epoch": 0
}