{
  "weights": {
    "signal_w": 0.0033748925750970863,
    "bias": -0.00042218586651595534
  },
  "epoch": 0
}