{
  "weights": {
    "signal_w": -0.005450268853801338,
    "bias": -0.00044402203183466324
  },
  "epoch": 0
}