{
  "weights": {
    "signal_w": -0.0022766924888251417,
    "bias": 0.0010550112184976937
  },
  "epoch": 0
}