{
  "weights": {
    "signal_w": -2.825279732197405e-05,
    "bias": 0.00026433221429507907
  },
  "epoch": 0
}