{
  "weights": {
    "signal_w": -0.0080478054066598,
    "bias": -0.004568535437271321
  },
  "epoch": 0
}