{
  "weights": {
    "signal_w": 0.0004364519161458265,
    "bias": -0.00033222130586221495
  },
  "epoch": 0
}