{
  "weights": {
    "signal_w": 0.00017792097364972218,
    "bias": 0.002759150401769899
  },
  "epoch": 0
}