{
  "weights": {
    "signal_w": 0.0033565982003387162,
    "bias": 0.0005523725564224172
  },
  "epoch": 0
}