{
  "weights": {
    "signal_w": 0.08073791869170664,
    "bias": 0.011186519065386955
  },
  "epoch": 0
}