{
  "weights": {
    "signal_w": 0.0005170326678162826,
    "bias": 0.0031144940642905657
  },
  "epoch": 0
}