{
  "weights": {
    "signal_w": -0.002345470859145879,
    "bias": 0.005347819653260253
  },
  "epoch": 0
}