{
  "weights": {
    "signal_w": 0.0002179821381464459,
    "bias": 0.0008640517764057601
  },
  "epoch": 0
}