{
  "weights": {
    "signal_w": 0.0044280708693592375,
    "bias": -0.0018884754410540424
  },
  "epoch": 0
}