{
  "weights": {
    "signal_w": -0.001055504437909125,
    "bias": 0.00041508315325967265
  },
  "epoch": 0
}