{
  "weights": {
    "signal_w": 0.0022632089087476596,
    "bias": -0.002041529547287949
  },
  "epoch": 0
}