{
  "weights": {
    "signal_w": 0.0011360324012349352,
    "bias": -0.0044940422876538115
  },
  "epoch": 0
}