{
  "weights": {
    "signal_w": -0.0011677629304748566,
    "bias": 0.0010701635010840309
  },
  "epoch": 0
}