{
  "weights": {
    "signal_w": 0.006687919189517028,
    "bias": 0.001931222871673755
  },
  "epoch": 0
}