{
  "weights": {
    "signal_w": 0.0004059033807098276,
    "bias": 0.0037910446500119734
  },
  "epoch": 0
}