{
  "weights": {
    "signal_w": 0.00020202710441724072,
    "bias": -0.002512585558511743
  },
  "epoch": 0
}