{
  "weights": {
    "signal_w": 0.08411871802763604,
    "bias": -0.016590108644980492
  },
  "epoch": 0
}