{
  "weights": {
    "signal_w": 0.0013421743408263723,
    "bias": 0.00042501505645854346
  },
  "epoch": 0
}