{
  "weights": {
    "signal_w": 0.0023042037257426057,
    "bias": -0.004012299983633746
  },
  "epoch": 0
}