{
  "weights": {
    "signal_w": -0.00837238900740791,
    "bias": 0.004641953304268436
  },
  "epoch": 0
}