{
  "weights": {
    "signal_w": 0.003986410150284885,
    "bias": -5.461153651018015e-05
  },
  "epoch": 0
}