{
  "weights": {
    "signal_w": 0.0027841373805809286,
    "bias": -0.0006878861488443436
  },
  "epoch": 0
}