{
  "weights": {
    "signal_w": -0.00021690721973211284,
    "bias": -0.0007404578982941708
  },
  "epoch": 0
}