{
  "weights": {
    "signal_w": 0.0005245414562011847,
    "bias": -0.0021800035179614916
  },
  "epoch": 0
}