{
  "weights": {
    "signal_w": -0.003257459237479064,
    "bias": -0.0010891477976850417
  },
  "epoch": 0
}