{
  "weights": {
    "signal_w": -0.06249808245976455,
    "bias": -0.010446668872352318
  },
  "epoch": 0
}