{
  "weights": {
    "signal_w": 0.003748585141220936,
    "bias": -0.0004722511916625542
  },
  "epoch": 0
}