{
  "weights": {
    "signal_w": 0.004270051521737933,
    "bias": 0.0025935097202991323
  },
  "epoch": 0
}