{
  "weights": {
    "signal_w": 0.0008131017832253859,
    "bias": -0.0012903312119754322
  },
  "epoch": 0
}