{
  "weights": {
    "signal_w": -0.001072028533344994,
    "bias": -0.000738008715024365
  },
  "epoch": 0
}