{
  "weights": {
    "signal_w": 0.0017055789486203773,
    "bias": 0.0001463936871562686
  },
  "epoch": 0
}