{
  "weights": {
    "signal_w": -0.00941323193463874,
    "bias": 8.932777486001432e-05
  },
  "epoch": 0
}