{
  "weights": {
    "signal_w": -0.0005336784008793035,
    "bias": -0.01023219495550836
  },
  "epoch": 0
}