{
  "weights": {
    "signal_w": 0.00036445024717454005,
    "bias": 0.00018776833714497613
  },
  "epoch": 0
}