{
  "weights": {
    "signal_w": 0.0017210313875222454,
    "bias": 0.00045169941483902545
  },
  "epoch": 0
}