{
  "weights": {
    "signal_w": -0.005492625430832366,
    "bias": -0.002789385915667761
  },
  "epoch": 0
}