{
  "weights": {
    "signal_w": -0.007038868892041076,
    "bias": 0.006865371989029939
  },
  "epoch": 0
}