{
  "weights": {
    "signal_w": -0.001703784468890625,
    "bias": -0.000869450927220446
  },
  "epoch": 0
}