{
  "weights": {
    "signal_w": 0.011304030020659618,
    "bias": -0.0007889760769086754
  },
  "epoch": 0
}