{
  "weights": {
    "signal_w": 0.0026924982161552636,
    "bias": 0.002127075712469753
  },
  "epoch": 0
}