{
  "weights": {
    "signal_w": -0.004019376659527564,
    "bias": -0.0021307435868290416
  },
  "epoch": 0
}