{
  "weights": {
    "signal_w": -0.0029333128871892647,
    "bias": 0.0027837644101061723
  },
  "epoch": 0
}