{
  "weights": {
    "signal_w": -0.002222468154732701,
    "bias": 0.0028710531056715324
  },
  "epoch": 0
}