{
  "weights": {
    "signal_w": -0.01037316768398395,
    "bias": 0.002646400776642844
  },
  "epoch": 0
}