{
  "weights": {
    "signal_w": 0.3217579485092024,
    "bias": -0.09177894382675629
  },
  "epoch": 0
}