{
  "weights": {
    "signal_w": 0.06455665571512499,
    "bias": 0.009133511985032509
  },
  "epoch": 0
}