{
  "weights": {
    "signal_w": -0.0011222846142222552,
    "bias": -0.00034512784679847415
  },
  "epoch": 0
}