{
  "weights": {
    "signal_w": 0.0003136723052011244,
    "bias": -0.001834529874580412
  },
  "epoch": 0
}