{
  "weights": {
    "signal_w": -0.010741955307917151,
    "bias": -0.002394535646227743
  },
  "epoch": 0
}