{
  "weights": {
    "signal_w": -0.0002790480793388822,
    "bias": -0.0009655991522009809
  },
  "epoch": 0
}