{
  "weights": {
    "signal_w": -0.0058981750865732645,
    "bias": 0.0014597017102771354
  },
  "epoch": 0
}