{
  "weights": {
    "signal_w": 0.0019105206840509068,
    "bias": 0.00244355026242994
  },
  "epoch": 0
}