{
  "weights": {
    "signal_w": 0.0021394873164473104,
    "bias": 0.00020893170565605175
  },
  "epoch": 0
}