{
  "weights": {
    "signal_w": -0.0061928983624279016,
    "bias": -0.0015135086536975809
  },
  "epoch": 0
}