{
  "weights": {
    "signal_w": 0.009516585991777404,
    "bias": 0.0007181251356722308
  },
  "epoch": 0
}