{
  "weights": {
    "signal_w": -0.012587973980064171,
    "bias": -0.0004781461075998232
  },
  "epoch": 0
}