{
  "weights": {
    "signal_w": 0.004302587332784601,
    "bias": 0.0023766043358541857
  },
  "epoch": 0
}