{
  "weights": {
    "signal_w": -0.0001697424338662446,
    "bias": -9.452718129648542e-05
  },
  "epoch": 0
}