{
  "weights": {
    "signal_w": -0.003445104882787474,
    "bias": 0.011337151871484456
  },
  "epoch": 0
}