{
  "weights": {
    "signal_w": -0.0002769626313696966,
    "bias": -0.0008864574581327522
  },
  "epoch": 0
}