{
  "weights": {
    "signal_w": -0.008833220303215228,
    "bias": -0.002253011823139861
  },
  "epoch": 0
}