{
  "weights": {
    "signal_w": -0.0003532158571001301,
    "bias": 0.003534177332786501
  },
  "epoch": 0
}