{
  "weights": {
    "signal_w": 0.0038806372494306443,
    "bias": 0.0006820743203616363
  },
  "epoch": 0
}