{
  "weights": {
    "signal_w": 2.759934492639295e-05,
    "bias": -9.727860214851577e-06
  },
  "epoch": 0
}