{
  "weights": {
    "signal_w": 0.004427896812804751,
    "bias": 0.0004092214217477923
  },
  "epoch": 0
}