{
  "weights": {
    "signal_w": 0.0032143424298585895,
    "bias": 0.000539307797496064
  },
  "epoch": 0
}