{
  "weights": {
    "signal_w": -0.00982316264464398,
    "bias": -0.0012924355432738187
  },
  "epoch": 0
}