{
  "weights": {
    "signal_w": 0.0008552474527083063,
    "bias": -0.0007410184407890524
  },
  "epoch": 0
}