{
  "weights": {
    "signal_w": 0.002541888906178453,
    "bias": 0.0003133126039423231
  },
  "epoch": 0
}