{
  "weights": {
    "signal_w": -0.0003181200424400405,
    "bias": -0.002246348355902575
  },
  "epoch": 0
}