{
  "weights": {
    "signal_w": -0.003487210126143505,
    "bias": 0.002907489866982291
  },
  "epoch": 0
}