{
  "weights": {
    "signal_w": -0.005369696363658857,
    "bias": 0.0020557406675012608
  },
  "epoch": 0
}