{
  "weights": {
    "signal_w": 0.00014612147291875912,
    "bias": 0.0002100590862805718
  },
  "epoch": 0
}