{
  "weights": {
    "signal_w": 0.0005906092539888393,
    "bias": 0.00031719609404436296
  },
  "epoch": 0
}