{
  "weights": {
    "signal_w": 0.001998149620487788,
    "bias": 0.0027162702777225748
  },
  "epoch": 0
}