{
  "weights": {
    "signal_w": 0.029695919404951067,
    "bias": -0.00016919420807677484
  },
  "epoch": 0
}