{
  "weights": {
    "signal_w": -0.0011130669085311314,
    "bias": -0.0010928031250506472
  },
  "epoch": 0
}