{
  "weights": {
    "signal_w": -0.0004321675589748692,
    "bias": 0.00010276811232348972
  },
  "epoch": 0
}