{
  "weights": {
    "signal_w": 0.2951174542398643,
    "bias": 0.08582435130216456
  },
  "epoch": 0
}