{
  "weights": {
    "signal_w": -0.002592499122572535,
    "bias": -0.0023648618473359026
  },
  "epoch": 0
}