{
  "weights": {
    "signal_w": -0.0038519564199783873,
    "bias": 0.0075882134777564515
  },
  "epoch": 0
}