{
  "weights": {
    "signal_w": 0.003913240717754474,
    "bias": -0.0007107537783448061
  },
  "epoch": 0
}