{
  "weights": {
    "signal_w": 0.0014983074627525543,
    "bias": -0.001906620530771873
  },
  "epoch": 0
}