{
  "weights": {
    "signal_w": 0.013362349050683144,
    "bias": 0.004864353085716545
  },
  "epoch": 0
}