{
  "weights": {
    "signal_w": 6.770445669612889e-05,
    "bias": -0.0013369745253129003
  },
  "epoch": 0
}