{
  "weights": {
    "signal_w": -0.01087209925827581,
    "bias": 0.0010870051848243232
  },
  "epoch": 0
}