{
  "weights": {
    "signal_w": -0.000316179649124066,
    "bias": 0.0011532103615571102
  },
  "epoch": 0
}