{
  "weights": {
    "signal_w": 0.0038194756946805576,
    "bias": -0.00041903661732673223
  },
  "epoch": 0
}