{
  "weights": {
    "signal_w": 0.003709292040053537,
    "bias": 0.0009254458254010281
  },
  "epoch": 0
}