{
  "weights": {
    "signal_w": -0.0013433987612239827,
    "bias": 0.00014220572829522053
  },
  "epoch": 0
}