{
  "weights": {
    "signal_w": 0.003980721716939655,
    "bias": 0.002706904132134948
  },
  "epoch": 0
}