{
  "weights": {
    "signal_w": -0.006804824331867456,
    "bias": -0.0004585866326424162
  },
  "epoch": 0
}