{
  "weights": {
    "signal_w": -0.00287929987448335,
    "bias": 6.13726245991849e-05
  },
  "epoch": 0
}