{
  "weights": {
    "signal_w": -0.0018066669731276461,
    "bias": 0.002769836115289608
  },
  "epoch": 0
}