{
  "weights": {
    "signal_w": -0.0012740864249996186,
    "bias": -0.0009034761475659808
  },
  "epoch": 0
}