{
  "weights": {
    "signal_w": -0.010304524245592427,
    "bias": -0.0012932409352956718
  },
  "epoch": 0
}