{
  "weights": {
    "signal_w": -0.0017596881120213782,
    "bias": 0.0003498209031404351
  },
  "epoch": 0
}