{
  "weights": {
    "signal_w": 0.06452874082346441,
    "bias": 0.00931961132199786
  },
  "epoch": 0
}