{
  "weights": {
    "signal_w": 0.004326645976543321,
    "bias": 0.0008132358917883766
  },
  "epoch": 0
}