{
  "weights": {
    "signal_w": -0.0034312402688259445,
    "bias": 0.0027409771785642805
  },
  "epoch": 0
}