{
  "weights": {
    "signal_w": 0.000201651250261635,
    "bias": 0.0002919333647389857
  },
  "epoch": 0
}