{
  "weights": {
    "signal_w": 0.007058516883767916,
    "bias": -5.356815197849179e-05
  },
  "epoch": 0
}