{
  "weights": {
    "signal_w": -0.00038857795736990387,
    "bias": 0.0005703274195167128
  },
  "epoch": 0
}