{
  "weights": {
    "signal_w": -0.00808560969139486,
    "bias": -0.00508095318295264
  },
  "epoch": 0
}