{
  "weights": {
    "signal_w": -0.00018446229888185756,
    "bias": -0.0009058870120463513
  },
  "epoch": 0
}