{
  "weights": {
    "signal_w": -0.0036681196533387027,
    "bias": -0.000790027353803484
  },
  "epoch": 0
}