{
  "weights": {
    "signal_w": -0.001348646455617457,
    "bias": -0.0008416898805361511
  },
  "epoch": 0
}