{
  "weights": {
    "signal_w": -0.00400128649829054,
    "bias": 0.004055914829296518
  },
  "epoch": 0
}