{
  "weights": {
    "signal_w": 0.3694609849395421,
    "bias": 0.09848428286147529
  },
  "epoch": 0
}