{
  "weights": {
    "signal_w": 0.0014490792233781563,
    "bias": -0.012910216837971824
  },
  "epoch": 0
}