{
  "weights": {
    "signal_w": -0.0018948974766821204,
    "bias": -0.0005920426478718736
  },
  "epoch": 0
}