{
  "weights": {
    "signal_w": -0.0018742894522018965,
    "bias": -0.00612452615943668
  },
  "epoch": 0
}