{
  "weights": {
    "signal_w": 0.12067728650522941,
    "bias": 0.01581366113341967
  },
  "epoch": 0
}