{
  "weights": {
    "signal_w": -0.002476267492425775,
    "bias": -0.0026608519957818087
  },
  "epoch": 0
}