{
  "weights": {
    "signal_w": 0.016244319773664466,
    "bias": -0.0015916832943989176
  },
  "epoch": 0
}