{
  "weights": {
    "signal_w": -0.0013920440698208774,
    "bias": -0.0016585639029368978
  },
  "epoch": 0
}