{
  "weights": {
    "signal_w": 0.0023477413703643733,
    "bias": -0.00047306193260652525
  },
  "epoch": 0
}