{
  "weights": {
    "signal_w": -0.008950466322538061,
    "bias": 0.0005435749311501754
  },
  "epoch": 0
}