{
  "weights": {
    "signal_w": -0.005330273461518115,
    "bias": -0.0018736579099062243
  },
  "epoch": 0
}