{
  "weights": {
    "signal_w": -0.0026985979688712003,
    "bias": -0.0006288550151235847
  },
  "epoch": 0
}