{
  "weights": {
    "signal_w": 2.0383402688787105e-05,
    "bias": -0.0004068714392206526
  },
  "epoch": 0
}