{
  "weights": {
    "signal_w": 0.0014249123916480427,
    "bias": -0.0015224354548738636
  },
  "epoch": 0
}