{
  "weights": {
    "signal_w": -0.005758494727599898,
    "bias": -0.0007704204425594252
  },
  "epoch": 0
}