{
  "weights": {
    "signal_w": -0.004779100822218425,
    "bias": -0.0037421995513665417
  },
  "epoch": 0
}