{
  "weights": {
    "signal_w": -0.0018211218664390566,
    "bias": 0.0007488037279476594
  },
  "epoch": 0
}