{
  "weights": {
    "signal_w": -0.006677804563913851,
    "bias": -0.0009480771436592917
  },
  "epoch": 0
}