{
  "weights": {
    "signal_w": 0.006964259419193215,
    "bias": -0.0004796112045549052
  },
  "epoch": 0
}