{
  "weights": {
    "signal_w": 0.0310804917243434,
    "bias": 0.00772082150589275
  },
  "epoch": 0
}