{
  "weights": {
    "signal_w": -0.07335314819720352,
    "bias": -0.01938147329056982
  },
  "epoch": 0
}