{
  "weights": {
    "signal_w": -0.006085132474497615,
    "bias": 0.001444682990859254
  },
  "epoch": 0
}