{
  "weights": {
    "signal_w": 0.0032497437617174624,
    "bias": 0.0007760199212524826
  },
  "epoch": 0
}