{
  "weights": {
    "signal_w": 0.005636957855853141,
    "bias": -0.0004909884578013943
  },
  "epoch": 0
}