{
  "weights": {
    "signal_w": 0.003632393593764099,
    "bias": 0.0014381021339449113
  },
  "epoch": 0
}