{
  "weights": {
    "signal_w": -0.004079817821722027,
    "bias": -0.0032498562788839214
  },
  "epoch": 0
}