{
  "weights": {
    "signal_w": -0.020228984138989145,
    "bias": 0.010499018881989277
  },
  "epoch": 0
}