{
  "weights": {
    "signal_w": 0.02922204967056073,
    "bias": 0.0029904588226089936
  },
  "epoch": 0
}