{
  "weights": {
    "signal_w": -0.05342273770611086,
    "bias": 0.010794021794434635
  },
  "epoch": 0
}