{
  "weights": {
    "signal_w": -0.012275010213581685,
    "bias": 0.0003068515432687219
  },
  "epoch": 0
}