{
  "weights": {
    "signal_w": 0.0016072438298371581,
    "bias": -0.0003126096276111177
  },
  "epoch": 0
}