{
  "weights": {
    "signal_w": 0.004651087140032355,
    "bias": 0.00015332352524787102
  },
  "epoch": 0
}