{
  "weights": {
    "signal_w": 0.00750479988237094,
    "bias": 0.0028695299200662294
  },
  "epoch": 0
}