{
  "weights": {
    "signal_w": -0.002644805354542396,
    "bias": 0.0008417929185940256
  },
  "epoch": 0
}