{
  "weights": {
    "signal_w": 0.00010050207668155383,
    "bias": -0.0004267047017475044
  },
  "epoch": 0
}