{
  "weights": {
    "signal_w": 0.0038787753202663756,
    "bias": -0.00015699072427657532
  },
  "epoch": 0
}