{
  "weights": {
    "signal_w": -0.0002454080701939559,
    "bias": 0.0018890968994357883
  },
  "epoch": 0
}