{
  "weights": {
    "signal_w": -0.0003668951174252387,
    "bias": -0.0005257204042240848
  },
  "epoch": 0
}