{
  "weights": {
    "signal_w": 0.004741510423580275,
    "bias": -0.006165114711871626
  },
  "epoch": 0
}