{
  "weights": {
    "signal_w": 0.036424911020319826,
    "bias": 0.001507970505093595
  },
  "epoch": 0
}