{
  "weights": {
    "signal_w": 0.0045293105487805695,
    "bias": 0.005100894646995594
  },
  "epoch": 0
}