{
  "weights": {
    "signal_w": 0.003672752932922953,
    "bias": 0.0011652743927288958
  },
  "epoch": 0
}