{
  "weights": {
    "signal_w": -0.005853133578176344,
    "bias": 0.0017230606059467895
  },
  "epoch": 0
}