{
  "weights": {
    "signal_w": 0.0003496598910662914,
    "bias": -8.140922537034728e-05
  },
  "epoch": 0
}