{
  "weights": {
    "signal_w": 7.914496479004663e-05,
    "bias": 0.00022790998984141087
  },
  "epoch": 0
}