{
  "weights": {
    "signal_w": 0.0032962975027661947,
    "bias": -0.000915536211547614
  },
  "epoch": 0
}