{
  "weights": {
    "signal_w": 0.01574777627276405,
    "bias": 0.0017336623776722294
  },
  "epoch": 0
}