{
  "weights": {
    "signal_w": 0.01280752619819355,
    "bias": 0.000359873282488813
  },
  "epoch": 0
}