{
  "weights": {
    "signal_w": 0.0033682450142086934,
    "bias": 0.00027951729661362414
  },
  "epoch": 0
}