{
  "weights": {
    "signal_w": -8.874107081966015e-05,
    "bias": -0.0005334959378456601
  },
  "epoch": 0
}