{
  "weights": {
    "signal_w": -0.009749320512886146,
    "bias": 0.004537079464302197
  },
  "epoch": 0
}