{
  "weights": {
    "signal_w": -0.00014226878726404513,
    "bias": 2.5367528830423533e-05
  },
  "epoch": 0
}