{
  "weights": {
    "signal_w": 0.0037347593618104347,
    "bias": -0.0020925365338805633
  },
  "epoch": 0
}