{
  "weights": {
    "signal_w": 0.003255041887093923,
    "bias": -0.00028831223572874283
  },
  "epoch": 0
}