{
  "weights": {
    "signal_w": -0.00014512440313289542,
    "bias": 0.002024586016704524
  },
  "epoch": 0
}