{
  "weights": {
    "signal_w": -0.0012401047765907332,
    "bias": -0.0012050161900618846
  },
  "epoch": 0
}