{
  "weights": {
    "signal_w": 0.002396150421698354,
    "bias": -0.00027195213130250245
  },
  "epoch": 0
}