{
  "weights": {
    "signal_w": 0.0037494120787829517,
    "bias": -0.0038658268171049585
  },
  "epoch": 0
}