{
  "weights": {
    "signal_w": -0.0005801649102631076,
    "bias": -1.041476496158681e-05
  },
  "epoch": 0
}