{
  "weights": {
    "signal_w": -0.00741169589981252,
    "bias": -0.002113469565118079
  },
  "epoch": 0
}