{
  "weights": {
    "signal_w": -0.014383562360190848,
    "bias": 0.005114198483975579
  },
  "epoch": 0
}