{
  "weights": {
    "signal_w": 0.004584550594102321,
    "bias": -0.0008452762879876149
  },
  "epoch": 0
}