{
  "weights": {
    "signal_w": 0.006560797994387828,
    "bias": 0.0032761249488233272
  },
  "epoch": 0
}