{
  "weights": {
    "signal_w": -0.00038273537894754043,
    "bias": 0.0003650631750691791
  },
  "epoch": 0
}