{
  "weights": {
    "signal_w": -0.0036868800112057017,
    "bias": -0.0009362220475969537
  },
  "epoch": 0
}