{
  "weights": {
    "signal_w": 0.020032972567350704,
    "bias": 0.0057114998036297895
  },
  "epoch": 0
}