{
  "weights": {
    "signal_w": 0.004321568987461135,
    "bias": 0.0010994186824237412
  },
  "epoch": 0
}