{
  "weights": {
    "signal_w": 0.00658991910756876,
    "bias": 0.002015997150210005
  },
  "epoch": 0
}