{
  "weights": {
    "signal_w": -8.42687470186857e-06,
    "bias": -0.0021210578731092576
  },
  "epoch": 0
}