{
  "weights": {
    "signal_w": 0.002141330271517817,
    "bias": 0.001539623455265988
  },
  "epoch": 0
}