{
  "weights": {
    "signal_w": -0.00784065857137023,
    "bias": 0.0015966789655470863
  },
  "epoch": 0
}