{
  "weights": {
    "signal_w": -0.00629695859654667,
    "bias": 0.0026533167298694186
  },
  "epoch": 0
}