{
  "weights": {
    "signal_w": -0.0013745985570234368,
    "bias": 0.00021204446272671224
  },
  "epoch": 0
}