{
  "weights": {
    "signal_w": -0.0014711555196798975,
    "bias": 0.0010984362834066234
  },
  "epoch": 0
}