{
  "weights": {
    "signal_w": 0.0021883241919024017,
    "bias": -0.0027928147262838783
  },
  "epoch": 0
}