{
  "weights": {
    "signal_w": -0.004099003230105174,
    "bias": -0.0029495549894668037
  },
  "epoch": 0
}