{
  "weights": {
    "signal_w": 0.011333626597736108,
    "bias": 0.001597854660449119
  },
  "epoch": 0
}