{
  "weights": {
    "signal_w": -0.00016658430961449054,
    "bias": -0.0014429524519486666
  },
  "epoch": 0
}