{
  "weights": {
    "signal_w": -0.005273222307808428,
    "bias": 0.0006866899162683038
  },
  "epoch": 0
}