{
  "weights": {
    "signal_w": -0.0001623936935236804,
    "bias": -0.0014708858137085564
  },
  "epoch": 0
}