{
  "weights": {
    "signal_w": 0.00013642228460978518,
    "bias": -0.0005591495045360439
  },
  "epoch": 0
}