{
  "weights": {
    "signal_w": -0.003081998950989052,
    "bias": -0.0007056717287992509
  },
  "epoch": 0
}