{
  "weights": {
    "signal_w": 0.0015765147652058494,
    "bias": -0.00019918784281907343
  },
  "epoch": 0
}