{
  "weights": {
    "signal_w": -0.004049391735283606,
    "bias": -0.0032621327580383726
  },
  "epoch": 0
}