{
  "weights": {
    "signal_w": -0.004166715151925636,
    "bias": -0.0025701366306551
  },
  "epoch": 0
}