{
  "weights": {
    "signal_w": -7.89642459971986e-06,
    "bias": -0.00034597167458376725
  },
  "epoch": 0
}