{
  "weights": {
    "signal_w": -0.0017192653710781881,
    "bias": -0.012043272925255472
  },
  "epoch": 0
}