{
  "weights": {
    "signal_w": -0.0011201921047469489,
    "bias": 0.0008576413861146976
  },
  "epoch": 0
}