{
  "weights": {
    "signal_w": 4.629578891019301e-05,
    "bias": -0.0003043893672994215
  },
  "epoch": 0
}