{
  "weights": {
    "signal_w": 0.0005582845853018933,
    "bias": 0.00010071962074300372
  },
  "epoch": 0
}