{
  "weights": {
    "signal_w": 0.0016629264208202648,
    "bias": -0.0034543139148053804
  },
  "epoch": 0
}