{
  "weights": {
    "signal_w": 0.0036392222841724036,
    "bias": 0.0013888120510860682
  },
  "epoch": 0
}