{
  "weights": {
    "signal_w": -7.469754609113892e-05,
    "bias": 0.0037397136153809367
  },
  "epoch": 0
}