{
  "weights": {
    "signal_w": -0.003904917398660444,
    "bias": -0.003795388657445561
  },
  "epoch": 0
}