{
  "weights": {
    "signal_w": 0.00019280339440059036,
    "bias": -0.00228712520091483
  },
  "epoch": 0
}