{
  "weights": {
    "signal_w": 0.011279544034606969,
    "bias": -0.00206123724284493
  },
  "epoch": 0
}