{
  "weights": {
    "signal_w": -0.0003710927851659366,
    "bias": -0.04888647764489773
  },
  "epoch": 0
}