{
  "weights": {
    "signal_w": 0.0018046796840683348,
    "bias": 0.001015331950574228
  },
  "epoch": 0
}