{
  "weights": {
    "signal_w": 0.0008373644414459495,
    "bias": 0.0012139609627419459
  },
  "epoch": 0
}