{
  "weights": {
    "signal_w": -0.023789790150394195,
    "bias": 0.025049981414568573
  },
  "epoch": 0
}