{
  "weights": {
    "signal_w": 0.0010369097205031302,
    "bias": -0.0006036191346226811
  },
  "epoch": 0
}