{
  "weights": {
    "signal_w": 0.0010314970805855531,
    "bias": -0.0007332554977564609
  },
  "epoch": 0
}