{
  "weights": {
    "signal_w": -0.0012986615091998572,
    "bias": -0.0013594362741817143
  },
  "epoch": 0
}