{
  "weights": {
    "signal_w": 0.001715497906657769,
    "bias": 0.0007075099794176453
  },
  "epoch": 0
}