{
  "weights": {
    "signal_w": -0.0036961041186931412,
    "bias": -0.0017482820246483399
  },
  "epoch": 0
}