{
  "weights": {
    "signal_w": 0.0017380364554618595,
    "bias": -0.0002481202330348072
  },
  "epoch": 0
}