{
  "weights": {
    "signal_w": -0.0017730447984537526,
    "bias": -0.006932100225008069
  },
  "epoch": 0
}