{
  "weights": {
    "signal_w": 0.005067894089602516,
    "bias": 0.0015044497522808953
  },
  "epoch": 0
}