{
  "weights": {
    "signal_w": -0.0017037398051010697,
    "bias": 0.005162588928751602
  },
  "epoch": 0
}