{
  "weights": {
    "signal_w": -4.079745236055385e-05,
    "bias": -9.093997548287864e-05
  },
  "epoch": 0
}