{
  "weights": {
    "signal_w": -0.0004797060589588388,
    "bias": 0.0010118214069921663
  },
  "epoch": 0
}