{
  "weights": {
    "signal_w": 0.00021071655775101644,
    "bias": 3.57064906307572e-05
  },
  "epoch": 0
}