{
  "weights": {
    "signal_w": 0.02892962216319731,
    "bias": 0.0049405087296999035
  },
  "epoch": 0
}