{
  "weights": {
    "signal_w": -0.009723068818946062,
    "bias": -0.005879798608679054
  },
  "epoch": 0
}