{
  "weights": {
    "signal_w": -0.00150452735592931,
    "bias": 0.0002282870523661683
  },
  "epoch": 0
}