{
  "weights": {
    "signal_w": -0.0040884263400666485,
    "bias": 0.0020346461735486904
  },
  "epoch": 0
}