{
  "weights": {
    "signal_w": 0.0007669789233825492,
    "bias": 0.0007339496115246419
  },
  "epoch": 0
}