{
  "weights": {
    "signal_w": 0.003947150827918834,
    "bias": 0.0012639207466439884
  },
  "epoch": 0
}