{
  "weights": {
    "signal_w": -0.002096565547171125,
    "bias": -0.00010788083631086467
  },
  "epoch": 0
}