{
  "weights": {
    "signal_w": 0.012151253957808068,
    "bias": 0.0012516542494228533
  },
  "epoch": 0
}