{
  "weights": {
    "signal_w": 5.62800755329714e-06,
    "bias": 0.0002186126577434759
  },
  "epoch": 0
}