{
  "weights": {
    "signal_w": -0.009529074409221546,
    "bias": 0.001086888927075065
  },
  "epoch": 0
}