{
  "weights": {
    "signal_w": -0.0009544159229594578,
    "bias": 0.0002510632068643121
  },
  "epoch": 0
}