{
  "weights": {
    "signal_w": -0.0043966635083101824,
    "bias": -0.008155618473540056
  },
  "epoch": 0
}