{
  "weights": {
    "signal_w": -0.006473484680523137,
    "bias": 0.0014975276666031748
  },
  "epoch": 0
}