{
  "weights": {
    "signal_w": 0.011977694867115286,
    "bias": 0.0027807731117871497
  },
  "epoch": 0
}