{
  "weights": {
    "signal_w": 0.0017207348912809091,
    "bias": -0.0008377811417226372
  },
  "epoch": 0
}