{
  "weights": {
    "signal_w": 0.0032479224622800726,
    "bias": -0.011065514764146021
  },
  "epoch": 0
}