{
  "weights": {
    "signal_w": 0.04746465600150581,
    "bias": 0.011193820224014144
  },
  "epoch": 0
}