{
  "weights": {
    "signal_w": 0.0016324412837514248,
    "bias": -0.0007403619936978042
  },
  "epoch": 0
}