{
  "weights": {
    "signal_w": -0.005681295132450528,
    "bias": 0.003566278035003362
  },
  "epoch": 0
}