{
  "weights": {
    "signal_w": 0.006084655324243069,
    "bias": -0.0016112034929750259
  },
  "epoch": 0
}