{
  "weights": {
    "signal_w": 0.0023795779139150516,
    "bias": -0.0037251673277148806
  },
  "epoch": 0
}