{
  "weights": {
    "signal_w": -0.008958770486631892,
    "bias": 0.0034065877280194433
  },
  "epoch": 0
}