{
  "weights": {
    "signal_w": 9.446507573616452e-05,
    "bias": -0.004353671461431706
  },
  "epoch": 0
}