{
  "weights": {
    "signal_w": 0.00371230100905497,
    "bias": 0.00029533775828836424
  },
  "epoch": 0
}