{
  "weights": {
    "signal_w": 0.0008479081796856383,
    "bias": -0.0022447812930532934
  },
  "epoch": 0
}