{
  "weights": {
    "signal_w": 0.00042021720087618924,
    "bias": 0.0009505238063456926
  },
  "epoch": 0
}