{
  "weights": {
    "signal_w": -0.010444203026554235,
    "bias": -0.00752960622923656
  },
  "epoch": 0
}