{
  "weights": {
    "signal_w": -0.0009799846101100273,
    "bias": -0.001001184798141218
  },
  "epoch": 0
}