{
  "weights": {
    "signal_w": -0.007640690312983366,
    "bias": -0.0005868401439787773
  },
  "epoch": 0
}