{
  "weights": {
    "signal_w": 0.0027568133018875812,
    "bias": -0.0015268763277566364
  },
  "epoch": 0
}