{
  "weights": {
    "signal_w": -0.002110170017709403,
    "bias": -0.00012464857974359684
  },
  "epoch": 0
}