{
  "weights": {
    "signal_w": -8.829245320664515e-06,
    "bias": 0.00012214818145543456
  },
  "epoch": 0
}