{
  "weights": {
    "signal_w": 0.0027712031561736017,
    "bias": -0.0005704110748310142
  },
  "epoch": 0
}