{
  "weights": {
    "signal_w": 0.00155374913575864,
    "bias": -0.0013563759325304842
  },
  "epoch": 0
}