{
  "weights": {
    "signal_w": 0.004191042961352705,
    "bias": 0.0013626033823716764
  },
  "epoch": 0
}