{
  "weights": {
    "signal_w": -0.0014839692642782802,
    "bias": -0.007811532841190974
  },
  "epoch": 0
}