{
  "weights": {
    "signal_w": -0.005270718414962726,
    "bias": -0.0067306252655391745
  },
  "epoch": 0
}