{
  "weights": {
    "signal_w": 0.000158388614329421,
    "bias": -0.0010256074137311795
  },
  "epoch": 0
}