{
  "weights": {
    "signal_w": -0.004154323025863712,
    "bias": -0.0026527508047376417
  },
  "epoch": 0
}