{
  "weights": {
    "signal_w": 0.00326779419901342,
    "bias": -0.0003998815215057421
  },
  "epoch": 0
}