{
  "weights": {
    "signal_w": -0.00011412066646052874,
    "bias": 0.00031516529705983995
  },
  "epoch": 0
}