{
  "weights": {
    "signal_w": -0.008014116027759827,
    "bias": 0.0014230941904599713
  },
  "epoch": 0
}