{
  "weights": {
    "signal_w": -0.001172618948543452,
    "bias": -0.001774482251706055
  },
  "epoch": 0
}