{
  "weights": {
    "signal_w": -0.00366630407130206,
    "bias": 0.014153395276356125
  },
  "epoch": 0
}