{
  "weights": {
    "signal_w": -0.00634787678369909,
    "bias": -0.0008713898323405842
  },
  "epoch": 0
}