{
  "weights": {
    "signal_w": 0.0035000615034192386,
    "bias": -0.000273221387627048
  },
  "epoch": 0
}