{
  "weights": {
    "signal_w": -0.001139652707229282,
    "bias": -0.0024194947126101917
  },
  "epoch": 0
}