{
  "weights": {
    "signal_w": 9.868892282081744e-06,
    "bias": 0.000294864698178539
  },
  "epoch": 0
}