{
  "weights": {
    "signal_w": 0.0018510141606077426,
    "bias": 0.0012493848046051222
  },
  "epoch": 0
}