{
  "weights": {
    "signal_w": -0.0008816521595576587,
    "bias": -0.00023402854914768357
  },
  "epoch": 0
}