{
  "weights": {
    "signal_w": -0.007937108904896885,
    "bias": -0.003121155363310567
  },
  "epoch": 0
}