{
  "weights": {
    "signal_w": -0.005834374789013721,
    "bias": -0.0028080747482840613
  },
  "epoch": 0
}