{
  "weights": {
    "signal_w": -0.0035602982633123853,
    "bias": 0.00092977905465945
  },
  "epoch": 0
}