{
  "weights": {
    "signal_w": -0.0009793871881276055,
    "bias": -0.0006749172570450666
  },
  "epoch": 0
}