{
  "weights": {
    "signal_w": -0.004008481822016525,
    "bias": -0.0009545455195598141
  },
  "epoch": 0
}