{
  "weights": {
    "signal_w": 0.0027772739279635673,
    "bias": -0.0006538916155607987
  },
  "epoch": 0
}