{
  "weights": {
    "signal_w": -0.004691484165897998,
    "bias": -0.0027288830069470303
  },
  "epoch": 0
}