{
  "weights": {
    "signal_w": 0.07175056173053074,
    "bias": 0.009700421241581452
  },
  "epoch": 0
}