{
  "weights": {
    "signal_w": 0.0050274023961081275,
    "bias": 0.001968982356511046
  },
  "epoch": 0
}