{
  "weights": {
    "signal_w": -0.0024997010241672706,
    "bias": -0.00010705907412170664
  },
  "epoch": 0
}