{
  "weights": {
    "signal_w": -0.00011804242898857766,
    "bias": 8.233151101292e-05
  },
  "epoch": 0
}