{
  "weights": {
    "signal_w": 0.004445171885031692,
    "bias": 0.00044470803008672417
  },
  "epoch": 0
}