{
  "weights": {
    "signal_w": -0.0843180809669483,
    "bias": 0.002532235215906256
  },
  "epoch": 0
}