{
  "weights": {
    "signal_w": -0.0052776990143573645,
    "bias": -0.03550640556738435
  },
  "epoch": 0
}