{
  "weights": {
    "signal_w": 0.00203645910403896,
    "bias": -0.00040899996556655564
  },
  "epoch": 0
}