{
  "weights": {
    "signal_w": 0.003933833466021076,
    "bias": -0.0005752624945919285
  },
  "epoch": 0
}