{
  "weights": {
    "signal_w": 0.0074570386613959415,
    "bias": 0.0012514567263429302
  },
  "epoch": 0
}