{
  "weights": {
    "signal_w": -0.008840991941192936,
    "bias": 0.0031635757766745724
  },
  "epoch": 0
}