{
  "weights": {
    "signal_w": -0.001572453102530126,
    "bias": 0.002100730786513963
  },
  "epoch": 0
}