{
  "weights": {
    "signal_w": -2.7164532252357452e-05,
    "bias": 0.0008922591915435619
  },
  "epoch": 0
}