{
  "weights": {
    "signal_w": -0.004113323196522141,
    "bias": 0.0033672559415872487
  },
  "epoch": 0
}