{
  "weights": {
    "signal_w": 0.004839305829973691,
    "bias": -0.00377883054145765
  },
  "epoch": 0
}