{
  "weights": {
    "signal_w": -0.005629594854151169,
    "bias": -0.0034079991793926775
  },
  "epoch": 0
}