{
  "weights": {
    "signal_w": 0.0012454249648679117,
    "bias": 0.0006991185400743688
  },
  "epoch": 0
}