{
  "weights": {
    "signal_w": 0.06457435442415176,
    "bias": 0.009015540594897543
  },
  "epoch": 0
}