{
  "weights": {
    "signal_w": 0.004799126282812685,
    "bias": 0.0008915639370223223
  },
  "epoch": 0
}