{
  "weights": {
    "signal_w": 0.00040953891935258677,
    "bias": 0.0003680939672401043
  },
  "epoch": 0
}