{
  "weights": {
    "signal_w": 0.0006114960927078164,
    "bias": 0.00020252029785617894
  },
  "epoch": 0
}