{
  "weights": {
    "signal_w": 0.0019041189197370424,
    "bias": -0.004406973122638554
  },
  "epoch": 0
}