{
  "weights": {
    "signal_w": 0.0007914416706661487,
    "bias": -0.002001164030078325
  },
  "epoch": 0
}