{
  "weights": {
    "signal_w": 0.003415302165511417,
    "bias": -6.436314754707672e-05
  },
  "epoch": 0
}