{
  "weights": {
    "signal_w": -0.0006139156968838149,
    "bias": -0.008135242740614322
  },
  "epoch": 0
}