{
  "weights": {
    "signal_w": 0.003900453942656878,
    "bias": 0.0032084460127597123
  },
  "epoch": 0
}