{
  "weights": {
    "signal_w": 0.0018254009058699253,
    "bias": -0.0002440536687600797
  },
  "epoch": 0
}