{
  "weights": {
    "signal_w": 1.5345609740253025e-05,
    "bias": -0.0005127609563438777
  },
  "epoch": 0
}