{
  "weights": {
    "signal_w": -0.023640488842527934,
    "bias": -0.012901726955524336
  },
  "epoch": 0
}