{
  "weights": {
    "signal_w": -0.002961767266983039,
    "bias": 0.006961523532479981
  },
  "epoch": 0
}