{
  "weights": {
    "signal_w": 0.016840740126753347,
    "bias": 0.002384244480454646
  },
  "epoch": 0
}