{
  "weights": {
    "signal_w": 0.0006537104010581889,
    "bias": -0.0005347473875006224
  },
  "epoch": 0
}