{
  "weights": {
    "signal_w": 0.0031821515091529397,
    "bias": 0.00022479848169913212
  },
  "epoch": 0
}