{
  "weights": {
    "signal_w": -0.0009672911765198502,
    "bias": 0.00018052190073201705
  },
  "epoch": 0
}