{
  "weights": {
    "signal_w": -0.008431519520716552,
    "bias": -0.006487360324176553
  },
  "epoch": 0
}