{
  "weights": {
    "signal_w": -0.00657426890291221,
    "bias": 0.002970992317005135
  },
  "epoch": 0
}