{
  "weights": {
    "signal_w": -4.2710288438427646e-05,
    "bias": -0.006930734926619303
  },
  "epoch": 0
}