{
  "weights": {
    "signal_w": 0.0020342030499184436,
    "bias": 0.001617219442292785
  },
  "epoch": 0
}