{
  "weights": {
    "signal_w": 0.00609889155175383,
    "bias": 0.0011611493068871916
  },
  "epoch": 0
}