{
  "weights": {
    "signal_w": -0.0006545388413586827,
    "bias": 0.025064128077970756
  },
  "epoch": 0
}