{
  "weights": {
    "signal_w": -0.0015647635470096223,
    "bias": 0.005978204227630171
  },
  "epoch": 0
}