{
  "weights": {
    "signal_w": 8.564985491712488e-05,
    "bias": 0.0011677965671024614
  },
  "epoch": 0
}