{
  "weights": {
    "signal_w": -0.07394220755884512,
    "bias": -0.009519356107715636
  },
  "epoch": 0
}