{
  "weights": {
    "signal_w": -0.0013225910990957194,
    "bias": -0.001200333019241804
  },
  "epoch": 0
}