{
  "weights": {
    "signal_w": -0.0019076170398502456,
    "bias": -0.0004518274443037773
  },
  "epoch": 0
}