{
  "weights": {
    "signal_w": -0.000615587485761063,
    "bias": 0.0020010964846167495
  },
  "epoch": 0
}