{
  "weights": {
    "signal_w": -0.007056054298769615,
    "bias": -0.00486269753399012
  },
  "epoch": 0
}