{
  "weights": {
    "signal_w": 0.010921819768967334,
    "bias": -0.0017639824386528945
  },
  "epoch": 0
}