{
  "weights": {
    "signal_w": -0.004595226643378083,
    "bias": -0.0004433451993059682
  },
  "epoch": 0
}