{
  "weights": {
    "signal_w": 0.0011396810490199322,
    "bias": -0.0066752336371735275
  },
  "epoch": 0
}