{
  "weights": {
    "signal_w": -0.008725773356115773,
    "bias": -0.001110493523479235
  },
  "epoch": 0
}