{
  "weights": {
    "signal_w": 0.003786188740194925,
    "bias": -0.000716774159580339
  },
  "epoch": 0
}