{
  "weights": {
    "signal_w": 0.011288048854909246,
    "bias": -0.0006816852086466511
  },
  "epoch": 0
}