{
  "weights": {
    "signal_w": -0.00891558355068731,
    "bias": 0.0008112207983789084
  },
  "epoch": 0
}