{
  "weights": {
    "signal_w": 0.0014728531127970236,
    "bias": 0.0003235591459970319
  },
  "epoch": 0
}