{
  "weights": {
    "signal_w": 0.0005119861399728514,
    "bias": -0.00912639277219609
  },
  "epoch": 0
}