{
  "weights": {
    "signal_w": 0.002795504612169632,
    "bias": -0.007652317686272513
  },
  "epoch": 0
}