{
  "weights": {
    "signal_w": -0.007076384134943612,
    "bias": 0.0009180528806616248
  },
  "epoch": 0
}