{
  "weights": {
    "signal_w": -0.00012970264773647816,
    "bias": -0.00026041664978190766
  },
  "epoch": 0
}