{
  "weights": {
    "signal_w": -0.0018066050743854368,
    "bias": 0.0005436902194876315
  },
  "epoch": 0
}