{
  "weights": {
    "signal_w": 0.00018372143899831226,
    "bias": 0.0046448205563761405
  },
  "epoch": 0
}