{
  "weights": {
    "signal_w": -0.00033065432849304466,
    "bias": -0.00216278630768559
  },
  "epoch": 0
}