{
  "weights": {
    "signal_w": 0.004267469736481091,
    "bias": 2.46137912262824e-05
  },
  "epoch": 0
}