{
  "weights": {
    "signal_w": -0.0012312742963628365,
    "bias": -0.0007434535808677081
  },
  "epoch": 0
}