{
  "weights": {
    "signal_w": -0.003262100054909777,
    "bias": 0.010800700258320646
  },
  "epoch": 0
}