{
  "weights": {
    "signal_w": 0.0014565111736761344,
    "bias": -0.0021875288006512434
  },
  "epoch": 0
}