{
  "weights": {
    "signal_w": 0.14621249135631031,
    "bias": 0.023989496606507007
  },
  "epoch": 0
}