{
  "weights": {
    "signal_w": 0.006008601453400298,
    "bias": -0.0017342350461797811
  },
  "epoch": 0
}