{
  "weights": {
    "signal_w": 0.003484467111965254,
    "bias": -0.0005254627905726713
  },
  "epoch": 0
}