{
  "weights": {
    "signal_w": -0.002069037703038858,
    "bias": -5.1716499022910794e-05
  },
  "epoch": 0
}