{
  "weights": {
    "signal_w": 0.006264643280884307,
    "bias": -0.002811108201451399
  },
  "epoch": 0
}