{
  "weights": {
    "signal_w": -0.00025558848484536915,
    "bias": -3.266928028868016e-05
  },
  "epoch": 0
}