{
  "weights": {
    "signal_w": -0.00020185465200321805,
    "bias": -0.00016936025127903414
  },
  "epoch": 0
}