{
  "weights": {
    "signal_w": 0.004675128344366854,
    "bias": -0.0014016577927097522
  },
  "epoch": 0
}