{
  "weights": {
    "signal_w": -0.0029238942245657772,
    "bias": 0.0003387987724578984
  },
  "epoch": 0
}