{
  "weights": {
    "signal_w": 0.002186098939806223,
    "bias": -0.0036444807430919997
  },
  "epoch": 0
}