{
  "weights": {
    "signal_w": -0.000903754704287898,
    "bias": 0.00010105207818078657
  },
  "epoch": 0
}