{
  "weights": {
    "signal_w": -0.0008466942595961962,
    "bias": -0.00046740741649910455
  },
  "epoch": 0
}