{
  "weights": {
    "signal_w": -0.0013815075254487205,
    "bias": 0.001573415148165671
  },
  "epoch": 0
}