{
  "weights": {
    "signal_w": 0.006729814866664699,
    "bias": 0.0012914282548050734
  },
  "epoch": 0
}