{
  "weights": {
    "signal_w": 0.012651345189678352,
    "bias": 0.0007093397171304228
  },
  "epoch": 0
}