{
  "weights": {
    "signal_w": -0.0014051657150061941,
    "bias": 0.00010402102855999648
  },
  "epoch": 0
}