{
  "weights": {
    "signal_w": 0.006777998978676359,
    "bias": 0.0018281214341936026
  },
  "epoch": 0
}