{
  "weights": {
    "signal_w": -0.005696079645567414,
    "bias": 0.0005654855570056349
  },
  "epoch": 0
}