{
  "weights": {
    "signal_w": 0.0005778461839101976,
    "bias": -0.0012331792358994632
  },
  "epoch": 0
}