{
  "weights": {
    "signal_w": 0.00075121924051387,
    "bias": -0.0008970571587462921
  },
  "epoch": 0
}