{
  "weights": {
    "signal_w": -0.008333846944361772,
    "bias": 0.006843410081985726
  },
  "epoch": 0
}