{
  "weights": {
    "signal_w": 0.000956212117504868,
    "bias": 0.0027556808575023343
  },
  "epoch": 0
}