{
  "weights": {
    "signal_w": 0.0017444977335178107,
    "bias": 0.0027306953132410924
  },
  "epoch": 0
}