{
  "weights": {
    "signal_w": 0.0014501266885743873,
    "bias": -0.011747316246037776
  },
  "epoch": 0
}