{
  "weights": {
    "signal_w": -0.0007345092156720293,
    "bias": 0.0025889027150410608
  },
  "epoch": 0
}