{
  "weights": {
    "signal_w": -0.0016396025550548137,
    "bias": 0.011841510725272383
  },
  "epoch": 0
}