{
  "weights": {
    "signal_w": 0.00019748248310923677,
    "bias": -0.0001326913395827161
  },
  "epoch": 0
}