{
  "weights": {
    "signal_w": 0.004086097615985064,
    "bias": 0.00045439204183443324
  },
  "epoch": 0
}