{
  "weights": {
    "signal_w": 0.0011025599829230098,
    "bias": -0.0005891738484969202
  },
  "epoch": 0
}