{
  "weights": {
    "signal_w": -0.00020111070278721143,
    "bias": -0.0016619862236505203
  },
  "epoch": 0
}