{
  "weights": {
    "signal_w": -0.0033921979107449304,
    "bias": -0.0020309001584476317
  },
  "epoch": 0
}