{
  "weights": {
    "signal_w": -0.00037542163497481873,
    "bias": 0.0012811878202452082
  },
  "epoch": 0
}