{
  "weights": {
    "signal_w": 0.00011234975891360423,
    "bias": 0.0001570790065345734
  },
  "epoch": 0
}