{
  "weights": {
    "signal_w": 0.019967284423918628,
    "bias": 0.0033898625877290035
  },
  "epoch": 0
}