{
  "weights": {
    "signal_w": 0.006939457111492621,
    "bias": -0.0338164852998012
  },
  "epoch": 0
}