{
  "weights": {
    "signal_w": 0.002387816503706617,
    "bias": -0.000738421899974345
  },
  "epoch": 0
}