{
  "weights": {
    "signal_w": 0.002191150859958507,
    "bias": -0.001676459354541694
  },
  "epoch": 0
}