{
  "weights": {
    "signal_w": -0.006079345663804577,
    "bias": -0.006748662489237152
  },
  "epoch": 0
}