{
  "weights": {
    "signal_w": 0.0021353954779334897,
    "bias": 0.0003872721378492788
  },
  "epoch": 0
}