{
  "weights": {
    "signal_w": 0.0010339212250441748,
    "bias": 0.0010699315425024953
  },
  "epoch": 0
}