{
  "weights": {
    "signal_w": -0.006775574842517194,
    "bias": -0.003361177898375098
  },
  "epoch": 0
}