{
  "weights": {
    "signal_w": 0.009902664907513918,
    "bias": -0.007617410483524885
  },
  "epoch": 0
}