{
  "weights": {
    "signal_w": 0.0021207586216392188,
    "bias": -0.004696577525482197
  },
  "epoch": 0
}