{
  "weights": {
    "signal_w": -0.008894825437401265,
    "bias": -0.000651717215395727
  },
  "epoch": 0
}