{
  "weights": {
    "signal_w": 0.011356898043622755,
    "bias": -0.003924768340289054
  },
  "epoch": 0
}