{
  "weights": {
    "signal_w": 0.0022744038711717094,
    "bias": 0.0007421199091970185
  },
  "epoch": 0
}