{
  "weights": {
    "signal_w": 0.0034649268086541663,
    "bias": -0.0006571442500431722
  },
  "epoch": 0
}