{
  "weights": {
    "signal_w": 0.0012889316332376076,
    "bias": -0.0020297693110164043
  },
  "epoch": 0
}