{
  "weights": {
    "signal_w": -0.0011452134927377258,
    "bias": -0.0016398729163395762
  },
  "epoch": 0
}