{
  "weights": {
    "signal_w": -0.0016007605662628928,
    "bias": 0.0007438198301910702
  },
  "epoch": 0
}