{
  "weights": {
    "signal_w": 0.00336537988199581,
    "bias": -0.0003949240083034938
  },
  "epoch": 0
}