{
  "weights": {
    "signal_w": 0.002336123344615108,
    "bias": 0.0013616142947650719
  },
  "epoch": 0
}