{
  "weights": {
    "signal_w": 0.0016133161457553566,
    "bias": -2.3545192324649647e-06
  },
  "epoch": 0
}