{
  "weights": {
    "signal_w": 0.0021093694515941,
    "bias": -0.0006902287479516728
  },
  "epoch": 0
}