{
  "weights": {
    "signal_w": -0.003992144504067383,
    "bias": 0.002888124542290604
  },
  "epoch": 0
}