{
  "weights": {
    "signal_w": 0.00092272019165379,
    "bias": -0.0009452777719638622
  },
  "epoch": 0
}