{
  "weights": {
    "signal_w": 0.0013969737072173215,
    "bias": -0.0001567999642909457
  },
  "epoch": 0
}