{
  "weights": {
    "signal_w": 0.0213298194317595,
    "bias": -0.0044923240356340615
  },
  "epoch": 0
}