{
  "weights": {
    "signal_w": -0.0010497488317194523,
    "bias": -0.0008286987256428773
  },
  "epoch": 0
}