{
  "weights": {
    "signal_w": -0.0008592334125096565,
    "bias": 0.0006247342444456585
  },
  "epoch": 0
}