{
  "weights": {
    "signal_w": -0.0027167432359223864,
    "bias": 0.005271817185399251
  },
  "epoch": 0
}