{
  "weights": {
    "signal_w": 4.876925788912573e-05,
    "bias": 0.0009841790142237467
  },
  "epoch": 0
}