{
  "weights": {
    "signal_w": -0.0034760365143489272,
    "bias": -0.002189284838757928
  },
  "epoch": 0
}