{
  "weights": {
    "signal_w": 0.004278036299527043,
    "bias": 0.001358479245874994
  },
  "epoch": 0
}