{
  "weights": {
    "signal_w": 0.0021191455926833857,
    "bias": 5.795208406590368e-05
  },
  "epoch": 0
}