{
  "weights": {
    "signal_w": 0.22898793933843506,
    "bias": 0.051663066846184075
  },
  "epoch": 0
}