{
  "weights": {
    "signal_w": -0.028569255607110374,
    "bias": -0.008407673029022147
  },
  "epoch": 0
}