{
  "weights": {
    "signal_w": -0.0011960283507473262,
    "bias": -0.0010680855464409176
  },
  "epoch": 0
}