{
  "weights": {
    "signal_w": -0.002975309749464968,
    "bias": 0.001743902341042086
  },
  "epoch": 0
}