{
  "weights": {
    "signal_w": 0.0006206622449813433,
    "bias": 0.005728976781954886
  },
  "epoch": 0
}