{
  "weights": {
    "signal_w": 0.007884640102888356,
    "bias": -0.0022388146683623277
  },
  "epoch": 0
}