{
  "weights": {
    "signal_w": 0.0026542748855453795,
    "bias": -0.0006246177821533723
  },
  "epoch": 0
}