{
  "weights": {
    "signal_w": 0.002064647418137444,
    "bias": -0.00039484418611057974
  },
  "epoch": 0
}