{
  "weights": {
    "signal_w": 0.0026944860675809828,
    "bias": -0.004373761241883145
  },
  "epoch": 0
}