{
  "weights": {
    "signal_w": 0.01073657147140101,
    "bias": 8.319658456243666e-05
  },
  "epoch": 0
}