{
  "weights": {
    "signal_w": -0.0006089887895936671,
    "bias": -0.0010883583367083003
  },
  "epoch": 0
}