{
  "weights": {
    "signal_w": 0.003927550805218228,
    "bias": 0.0002992613542310204
  },
  "epoch": 0
}