{
  "weights": {
    "signal_w": -0.00015853221757851192,
    "bias": -0.003310006444774132
  },
  "epoch": 0
}