{
  "weights": {
    "signal_w": -0.0059802056408633395,
    "bias": 0.00015642078681674576
  },
  "epoch": 0
}