{
  "weights": {
    "signal_w": -0.0067216357335662625,
    "bias": -0.0005670379313181122
  },
  "epoch": 0
}