{
  "weights": {
    "signal_w": -0.009126860471939703,
    "bias": 0.0014542354705422466
  },
  "epoch": 0
}