{
  "weights": {
    "signal_w": -0.0009087803805147607,
    "bias": 0.0006376290201662018
  },
  "epoch": 0
}