{
  "weights": {
    "signal_w": 0.0045749711593020695,
    "bias": -0.003121066320327963
  },
  "epoch": 0
}