{
  "weights": {
    "signal_w": 0.002663904338972849,
    "bias": 0.00019388648842818472
  },
  "epoch": 0
}