{
  "weights": {
    "signal_w": 0.06439882442410166,
    "bias": 0.010185720651082645
  },
  "epoch": 0
}