{
  "weights": {
    "signal_w": 0.01102649764020966,
    "bias": 0.0010619692614701553
  },
  "epoch": 0
}