{
  "weights": {
    "signal_w": 0.0648079426077019,
    "bias": 0.00745826609374793
  },
  "epoch": 0
}