{
  "weights": {
    "signal_w": 0.0006592275975533786,
    "bias": -0.005616473731267794
  },
  "epoch": 0
}