{
  "weights": {
    "signal_w": -0.0008620749045356134,
    "bias": 0.0023919537232432414
  },
  "epoch": 0
}