{
  "weights": {
    "signal_w": 0.002544339460154173,
    "bias": 0.004273843497236547
  },
  "epoch": 0
}