{
  "weights": {
    "signal_w": 0.0021018974235529004,
    "bias": -0.00046232347628170396
  },
  "epoch": 0
}