{
  "weights": {
    "signal_w": 0.0009841032571469962,
    "bias": -0.0005489438575415409
  },
  "epoch": 0
}