{
  "weights": {
    "signal_w": -0.001356576641222503,
    "bias": 0.004059822708607972
  },
  "epoch": 0
}