{
  "weights": {
    "signal_w": 0.005256061064962683,
    "bias": 0.0028543785756624074
  },
  "epoch": 0
}