{
  "weights": {
    "signal_w": 0.0013134618810552096,
    "bias": 0.004072681877318458
  },
  "epoch": 0
}