{
  "weights": {
    "signal_w": 0.008653876362790105,
    "bias": 0.004651401853000699
  },
  "epoch": 0
}