{
  "weights": {
    "signal_w": 0.0021878494738867523,
    "bias": -0.0024472905392042914
  },
  "epoch": 0
}