{
  "weights": {
    "signal_w": -0.00605106657429818,
    "bias": -0.0016114746093614028
  },
  "epoch": 0
}