{
  "weights": {
    "signal_w": -7.279643136889107e-05,
    "bias": 0.0016606569225339617
  },
  "epoch": 0
}