{
  "weights": {
    "signal_w": 0.0021504508959480683,
    "bias": 0.0008320677371330568
  },
  "epoch": 0
}