{
  "weights": {
    "signal_w": 0.0022393011454809055,
    "bias": 0.0001318145552346699
  },
  "epoch": 0
}