{
  "weights": {
    "signal_w": 0.007269104700901057,
    "bias": 0.0009141353884379747
  },
  "epoch": 0
}