{
  "weights": {
    "signal_w": 0.0028394516489561625,
    "bias": 0.002482589279365056
  },
  "epoch": 0
}