{
  "weights": {
    "signal_w": 0.004875254567073721,
    "bias": -0.005895533434243677
  },
  "epoch": 0
}