{
  "weights": {
    "signal_w": 0.0011746787761201757,
    "bias": -0.001687893705883685
  },
  "epoch": 0
}