{
  "weights": {
    "signal_w": -0.00041232746851602875,
    "bias": -5.6724786801261345e-05
  },
  "epoch": 0
}