{
  "weights": {
    "signal_w": -0.001950817328750553,
    "bias": 0.0048070517146237704
  },
  "epoch": 0
}