{
  "weights": {
    "signal_w": -0.0003930180020738687,
    "bias": 0.0018256094445579618
  },
  "epoch": 0
}