{
  "weights": {
    "signal_w": -0.009636543381382947,
    "bias": -0.007077457980874082
  },
  "epoch": 0
}