{
  "weights": {
    "signal_w": -0.0015281930470415536,
    "bias": 0.0013995294050883917
  },
  "epoch": 0
}