{
  "weights": {
    "signal_w": -0.0019477394436895866,
    "bias": 0.0015770776841932236
  },
  "epoch": 0
}