{
  "weights": {
    "signal_w": 0.004169289276060999,
    "bias": -0.000708210682725765
  },
  "epoch": 0
}