{
  "weights": {
    "signal_w": -0.006685239922646655,
    "bias": -0.01667441258825919
  },
  "epoch": 0
}