{
  "weights": {
    "signal_w": 0.08055045616536952,
    "bias": 0.01243627880189625
  },
  "epoch": 0
}