{
  "weights": {
    "signal_w": 1.508921085117575e-05,
    "bias": 0.0013817433641792431
  },
  "epoch": 0
}