{
  "weights": {
    "signal_w": 0.004509878054876756,
    "bias": -0.0010817280664027142
  },
  "epoch": 0
}