{
  "weights": {
    "signal_w": 0.0027207149479457076,
    "bias": 0.002116434009520849
  },
  "epoch": 0
}