{
  "weights": {
    "signal_w": 0.00100882489484852,
    "bias": 0.000523768419191561
  },
  "epoch": 0
}