{
  "weights": {
    "signal_w": -0.011779679202483719,
    "bias": -0.00046549645485644974
  },
  "epoch": 0
}