{
  "weights": {
    "signal_w": -0.0050050867075065245,
    "bias": -0.0006618358833689397
  },
  "epoch": 0
}