{
  "weights": {
    "signal_w": -0.008749795979745574,
    "bias": -0.0003187975511177919
  },
  "epoch": 0
}