{
  "weights": {
    "signal_w": 0.054814826897510015,
    "bias": -0.005759557532515878
  },
  "epoch": 0
}