{
  "weights": {
    "signal_w": -0.0006463669362047641,
    "bias": -0.0008393817381332023
  },
  "epoch": 0
}