{
  "weights": {
    "signal_w": -0.008945538457721206,
    "bias": 0.001416351569806293
  },
  "epoch": 0
}