{
  "weights": {
    "signal_w": 0.0005960896685790623,
    "bias": 0.009578071297149191
  },
  "epoch": 0
}