{
  "weights": {
    "signal_w": -1.364999226087691e-05,
    "bias": -0.0015738897661934533
  },
  "epoch": 0
}