{
  "weights": {
    "signal_w": 0.007125732848783833,
    "bias": 0.0013894419778677472
  },
  "epoch": 0
}