{
  "weights": {
    "signal_w": 0.004753367189142446,
    "bias": 0.0006225935797933709
  },
  "epoch": 0
}