{
  "weights": {
    "signal_w": 0.0010112994114314243,
    "bias": 6.019978946684728e-05
  },
  "epoch": 0
}