{
  "weights": {
    "signal_w": 0.04764373537122475,
    "bias": 0.015480923446358234
  },
  "epoch": 0
}