{
  "weights": {
    "signal_w": -0.0027243968628164424,
    "bias": 0.005154726767872707
  },
  "epoch": 0
}