{
  "weights": {
    "signal_w": 0.0029329533158887534,
    "bias": 0.002524075861541553
  },
  "epoch": 0
}