{
  "weights": {
    "signal_w": 0.0007757696162647781,
    "bias": 0.0011568269007596259
  },
  "epoch": 0
}