{
  "weights": {
    "signal_w": -0.00520497307571707,
    "bias": 0.0017612868891529942
  },
  "epoch": 0
}