{
  "weights": {
    "signal_w": 0.002276463359175835,
    "bias": 0.0053288883510701265
  },
  "epoch": 0
}