{
  "weights": {
    "signal_w": -0.002270723703398733,
    "bias": -0.000569052137277614
  },
  "epoch": 0
}