{
  "weights": {
    "signal_w": -0.0044700986856729494,
    "bias": 0.0032185392552803657
  },
  "epoch": 0
}