{
  "weights": {
    "signal_w": 0.0012208692833361049,
    "bias": 0.0010172295374793687
  },
  "epoch": 0
}