{
  "weights": {
    "signal_w": 0.010592433871921998,
    "bias": -0.006454374380843815
  },
  "epoch": 0
}