{
  "weights": {
    "signal_w": 0.007352555311472248,
    "bias": 0.001948304767073075
  },
  "epoch": 0
}