{
  "weights": {
    "signal_w": -0.001964549218396551,
    "bias": -0.0005092788709458074
  },
  "epoch": 0
}