{
  "weights": {
    "signal_w": -0.01346170744395217,
    "bias": 0.04242489273371103
  },
  "epoch": 0
}