{
  "weights": {
    "signal_w": 0.12001951777511327,
    "bias": 0.02019878836025167
  },
  "epoch": 0
}