{
  "weights": {
    "signal_w": -0.0009918920242271553,
    "bias": 0.0001455790621736941
  },
  "epoch": 0
}