{
  "weights": {
    "signal_w": -0.07516699553180288,
    "bias": 0.020092686583486584
  },
  "epoch": 0
}