{
  "weights": {
    "signal_w": 0.002421350229829428,
    "bias": 0.0007123228508051655
  },
  "epoch": 0
}