{
  "weights": {
    "signal_w": 0.0004495398987670641,
    "bias": -0.0007472759433754992
  },
  "epoch": 0
}