{
  "weights": {
    "signal_w": -0.008326248475655747,
    "bias": 0.010139542324008644
  },
  "epoch": 0
}