{
  "weights": {
    "signal_w": -0.005071037095111541,
    "bias": -0.0034887867255393398
  },
  "epoch": 0
}