{
  "weights": {
    "signal_w": 0.0016007904843727658,
    "bias": 0.0003914157793021557
  },
  "epoch": 0
}