{
  "weights": {
    "signal_w": 0.0007932057128351833,
    "bias": 0.006770860565679201
  },
  "epoch": 0
}