{
  "weights": {
    "signal_w": -0.0010102929466612584,
    "bias": -0.0009169184719284516
  },
  "epoch": 0
}