{
  "weights": {
    "signal_w": 0.0012080242089652989,
    "bias": 0.0011028633569456095
  },
  "epoch": 0
}