{
  "weights": {
    "signal_w": 0.004031441349291515,
    "bias": 0.0022274881461073477
  },
  "epoch": 0
}