{
  "weights": {
    "signal_w": 0.003387748694498814,
    "bias": -0.0010006569579206963
  },
  "epoch": 0
}