{
  "weights": {
    "signal_w": -0.008183099911634314,
    "bias": -0.0048954412228038
  },
  "epoch": 0
}