{
  "weights": {
    "signal_w": -0.00038669150632278523,
    "bias": -0.0015459148354975934
  },
  "epoch": 0
}