{
  "weights": {
    "signal_w": 0.0040625095337936965,
    "bias": -0.0017784163706108323
  },
  "epoch": 0
}