{
  "weights": {
    "signal_w": 0.0008678708457824202,
    "bias": -0.002544100851045624
  },
  "epoch": 0
}