{
  "weights": {
    "signal_w": 0.009780046746054606,
    "bias": 0.003491707529611984
  },
  "epoch": 0
}