{
  "weights": {
    "signal_w": 0.004927757711260102,
    "bias": -0.00523890727746952
  },
  "epoch": 0
}