{
  "weights": {
    "signal_w": 0.0018693467102284661,
    "bias": -0.005901821198883495
  },
  "epoch": 0
}