{
  "weights": {
    "signal_w": -0.005490815489339197,
    "bias": 0.0010654900948534472
  },
  "epoch": 0
}