{
  "weights": {
    "signal_w": -0.00029757101414119196,
    "bias": 0.00240345400535836
  },
  "epoch": 0
}