{
  "weights": {
    "signal_w": -0.005442037052968141,
    "bias": 0.0020564466802252403
  },
  "epoch": 0
}