{
  "weights": {
    "signal_w": -0.008981246945039639,
    "bias": 0.0012801866345846307
  },
  "epoch": 0
}