{
  "weights": {
    "signal_w": 0.003993076973962433,
    "bias": 0.00046690911252852155
  },
  "epoch": 0
}