{
  "weights": {
    "signal_w": 0.0044455597188612275,
    "bias": 0.0002914687287467161
  },
  "epoch": 0
}