{
  "weights": {
    "signal_w": -7.436507236046286e-05,
    "bias": -0.0003898443314962234
  },
  "epoch": 0
}