{
  "weights": {
    "signal_w": -0.01265004875210248,
    "bias": -0.009066227884030286
  },
  "epoch": 0
}