{
  "weights": {
    "signal_w": -0.0809952893976015,
    "bias": 0.004601240725815588
  },
  "epoch": 0
}