{
  "weights": {
    "signal_w": 0.004823124010557255,
    "bias": 0.004339363331937538
  },
  "epoch": 0
}