{
  "weights": {
    "signal_w": -0.0003337113725997516,
    "bias": -0.0003266257156856044
  },
  "epoch": 0
}