{
  "weights": {
    "signal_w": 0.0005299545762570637,
    "bias": -0.0038220539231297503
  },
  "epoch": 0
}