{
  "weights": {
    "signal_w": -0.03575416293444554,
    "bias": 0.005264176832822186
  },
  "epoch": 0
}