{
  "weights": {
    "signal_w": 0.0019221052112722006,
    "bias": -0.004731939014270952
  },
  "epoch": 0
}