{
  "weights": {
    "signal_w": -0.0018712716973710046,
    "bias": 0.004154292539365329
  },
  "epoch": 0
}