{
  "weights": {
    "signal_w": 0.0009842450884467095,
    "bias": -0.001122329777212315
  },
  "epoch": 0
}