{
  "weights": {
    "signal_w": -0.012348973223997695,
    "bias": 0.0004665923551325549
  },
  "epoch": 0
}