{
  "weights": {
    "signal_w": -0.0011519323297239565,
    "bias": -0.00211084838405958
  },
  "epoch": 0
}