{
  "weights": {
    "signal_w": -0.00023397649350734734,
    "bias": -0.0003875964052597055
  },
  "epoch": 0
}