{
  "weights": {
    "signal_w": -0.0043478235368787565,
    "bias": 0.0013178077449516343
  },
  "epoch": 0
}