{
  "weights": {
    "signal_w": -0.000990751330539826,
    "bias": 0.0014565142241005516
  },
  "epoch": 0
}