{
  "weights": {
    "signal_w": -0.0019184498567731362,
    "bias": -0.0035401220856973205
  },
  "epoch": 0
}