{
  "weights": {
    "signal_w": 0.4715701250949981,
    "bias": 0.06044351175665853
  },
  "epoch": 0
}