{
  "weights": {
    "signal_w": -0.0026871909622484045,
    "bias": -0.004416114540697339
  },
  "epoch": 0
}