{
  "weights": {
    "signal_w": -0.00023796916534170036,
    "bias": 0.0013787619019272471
  },
  "epoch": 0
}