{
  "weights": {
    "signal_w": -0.004596360333347142,
    "bias": -0.00033936608262233667
  },
  "epoch": 0
}