{
  "weights": {
    "signal_w": -0.0012362986123917955,
    "bias": -0.003807971572599215
  },
  "epoch": 0
}