{
  "weights": {
    "signal_w": -0.011546549513658933,
    "bias": -0.004569442884043642
  },
  "epoch": 0
}