{
  "weights": {
    "signal_w": -0.0016570878303670963,
    "bias": -0.0008981490567658338
  },
  "epoch": 0
}