{
  "weights": {
    "signal_w": -0.004824231496115503,
    "bias": -0.000311967415963866
  },
  "epoch": 0
}