{
  "weights": {
    "signal_w": 0.056892752140926185,
    "bias": 0.008401065458442797
  },
  "epoch": 0
}