{
  "weights": {
    "signal_w": 0.0028884102312203615,
    "bias": 0.005031870686999766
  },
  "epoch": 0
}