{
  "weights": {
    "signal_w": 0.010892333616015184,
    "bias": -5.12925865046429e-05
  },
  "epoch": 0
}