{
  "weights": {
    "signal_w": 0.0025629125914999194,
    "bias": -0.002371555966704711
  },
  "epoch": 0
}