{
  "weights": {
    "signal_w": 0.0012283380127044994,
    "bias": 0.0014779103183236878
  },
  "epoch": 0
}