{
  "weights": {
    "signal_w": -0.000582458846810647,
    "bias": 0.00022476645391225205
  },
  "epoch": 0
}