{
  "weights": {
    "signal_w": -0.001104346583905651,
    "bias": -0.005549137198223064
  },
  "epoch": 0
}