{
  "weights": {
    "signal_w": -0.00199190899161593,
    "bias": 0.0002714743466037743
  },
  "epoch": 0
}