{
  "weights": {
    "signal_w": 0.003299208615066107,
    "bias": -0.00022993280682797896
  },
  "epoch": 0
}