{
  "weights": {
    "signal_w": 0.003214455826844053,
    "bias": 9.390963058438949e-06
  },
  "epoch": 0
}