{
  "weights": {
    "signal_w": 0.0019614013647163385,
    "bias": -0.0017144878698173794
  },
  "epoch": 0
}