{
  "weights": {
    "signal_w": 0.028882777250976086,
    "bias": 0.0052527847186945465
  },
  "epoch": 0
}