{
  "weights": {
    "signal_w": -0.0020348278207423624,
    "bias": 0.027159409587294202
  },
  "epoch": 0
}