{
  "weights": {
    "signal_w": 4.1704082783161645e-05,
    "bias": -2.293769129921426e-05
  },
  "epoch": 0
}