{
  "weights": {
    "signal_w": 0.10921222363031516,
    "bias": 0.014423043407741396
  },
  "epoch": 0
}