{
  "weights": {
    "signal_w": 0.0035095146326310565,
    "bias": 0.002007024211259052
  },
  "epoch": 0
}