{
  "weights": {
    "signal_w": -0.012095510506460063,
    "bias": 0.0077139979203573504
  },
  "epoch": 0
}