{
  "weights": {
    "signal_w": 0.0007772710458017503,
    "bias": -0.000534666542502139
  },
  "epoch": 0
}