{
  "weights": {
    "signal_w": -0.01047369549880087,
    "bias": -0.0011667268150517868
  },
  "epoch": 0
}