{
  "weights": {
    "signal_w": 0.030031702907706882,
    "bias": 0.0034507797760869397
  },
  "epoch": 0
}