{
  "weights": {
    "signal_w": 0.07609059380014827,
    "bias": -0.01747015474117854
  },
  "epoch": 0
}