{
  "weights": {
    "signal_w": -0.008916526005099314,
    "bias": 0.0009557759815328653
  },
  "epoch": 0
}