{
  "weights": {
    "signal_w": 0.0038460166310402546,
    "bias": 0.0007160994320051148
  },
  "epoch": 0
}