{
  "weights": {
    "signal_w": 0.0003822237560018938,
    "bias": -0.001328107373719182
  },
  "epoch": 0
}