{
  "weights": {
    "signal_w": 0.0011043388174176983,
    "bias": -0.0007148629505224671
  },
  "epoch": 0
}