{
  "weights": {
    "signal_w": -0.008028889661722721,
    "bias": -0.0021767603716215216
  },
  "epoch": 0
}