{
  "weights": {
    "signal_w": -0.002110504011575622,
    "bias": 0.0004918619710021427
  },
  "epoch": 0
}