{
  "weights": {
    "signal_w": 0.0016474571470755292,
    "bias": -0.007895295151875396
  },
  "epoch": 0
}