{
  "weights": {
    "signal_w": 0.00892121091738423,
    "bias": -0.0017901013315042204
  },
  "epoch": 0
}