{
  "weights": {
    "signal_w": 0.003977981411572939,
    "bias": -0.0008658166514473635
  },
  "epoch": 0
}