{
  "weights": {
    "signal_w": -0.006973718517292876,
    "bias": -0.0046825172842542085
  },
  "epoch": 0
}