{
  "weights": {
    "signal_w": -0.0017663547628049116,
    "bias": -0.0005693888219428701
  },
  "epoch": 0
}