{
  "weights": {
    "signal_w": -0.00034815268198964126,
    "bias": -0.0017490034682695124
  },
  "epoch": 0
}