{
  "weights": {
    "signal_w": -0.0029255424113869112,
    "bias": 0.013630945259643265
  },
  "epoch": 0
}