{
  "weights": {
    "signal_w": 0.10889788047012432,
    "bias": 0.016519433404778825
  },
  "epoch": 0
}