{
  "weights": {
    "signal_w": -0.008846734049492351,
    "bias": -0.0009650602353312833
  },
  "epoch": 0
}