{
  "weights": {
    "signal_w": -3.218196073077652e-05,
    "bias": -0.0006321207152329575
  },
  "epoch": 0
}