{
  "weights": {
    "signal_w": 0.004116450652387006,
    "bias": 0.002485529172721333
  },
  "epoch": 0
}