{
  "weights": {
    "signal_w": 0.061135827966602954,
    "bias": -0.007176591811411578
  },
  "epoch": 0
}