{
  "weights": {
    "signal_w": -0.0024615629581325434,
    "bias": -0.0003029080928222646
  },
  "epoch": 0
}