{
  "weights": {
    "signal_w": 0.0044261816904819645,
    "bias": -0.00029642692450284746
  },
  "epoch": 0
}