{
  "weights": {
    "signal_w": 0.0022838930766000743,
    "bias": -0.0007709986227047206
  },
  "epoch": 0
}