{
  "weights": {
    "signal_w": 0.005126053511012358,
    "bias": 0.0010022662326942477
  },
  "epoch": 0
}