{
  "weights": {
    "signal_w": 0.0007687492318597941,
    "bias": -0.001057423557011986
  },
  "epoch": 0
}