{
  "weights": {
    "signal_w": 0.4993338435977546,
    "bias": -0.00778853395285575
  },
  "epoch": 0
}