{
  "weights": {
    "signal_w": -0.010381857593348991,
    "bias": -0.0021083548107452793
  },
  "epoch": 0
}