{
  "weights": {
    "signal_w": -0.002819126280676402,
    "bias": 0.0001327849254239432
  },
  "epoch": 0
}