{
  "weights": {
    "signal_w": -0.006673617889812938,
    "bias": -0.0013332962458118284
  },
  "epoch": 0
}