{
  "weights": {
    "signal_w": 0.015493395116305219,
    "bias": 0.003414481090549811
  },
  "epoch": 0
}