{
  "weights": {
    "signal_w": 0.0017111505699249623,
    "bias": -0.0003454810114701231
  },
  "epoch": 0
}