{
  "weights": {
    "signal_w": 0.000598407613428428,
    "bias": -0.002353192747647913
  },
  "epoch": 0
}