{
  "weights": {
    "signal_w": 0.0023744276794223492,
    "bias": 0.004348912551577797
  },
  "epoch": 0
}