{
  "weights": {
    "signal_w": 6.442754259047667e-05,
    "bias": 0.00013358814233891883
  },
  "epoch": 0
}