{
  "weights": {
    "signal_w": 0.14578855523348044,
    "bias": 0.026815737407952574
  },
  "epoch": 0
}