{
  "weights": {
    "signal_w": -0.0002385064208227,
    "bias": 0.000768603749528685
  },
  "epoch": 0
}