{
  "weights": {
    "signal_w": -0.0021503755059502057,
    "bias": 0.00026439864603677
  },
  "epoch": 0
}