{
  "weights": {
    "signal_w": -0.07788783748896753,
    "bias": -0.0038224007943360745
  },
  "epoch": 0
}