{
  "weights": {
    "signal_w": -0.0010381398023240754,
    "bias": -0.0023421557377148136
  },
  "epoch": 0
}