{
  "weights": {
    "signal_w": 0.02753260082947048,
    "bias": -0.0038409659937409632
  },
  "epoch": 0
}