{
  "weights": {
    "signal_w": 0.010515751844589433,
    "bias": 0.000877864248323484
  },
  "epoch": 0
}