{
  "weights": {
    "signal_w": 0.0005690063452384571,
    "bias": 0.00047415830174201063
  },
  "epoch": 0
}