{
  "weights": {
    "signal_w": 0.003604112253650844,
    "bias": -0.00032254154190767534
  },
  "epoch": 0
}