{
  "weights": {
    "signal_w": 0.002356444389100786,
    "bias": 0.0012347903948095474
  },
  "epoch": 0
}