{
  "weights": {
    "signal_w": -0.00412403076265952,
    "bias": 0.0014130026869289042
  },
  "epoch": 0
}