{
  "weights": {
    "signal_w": -0.0024966771281238415,
    "bias": 0.002560806696182402
  },
  "epoch": 0
}