{
  "weights": {
    "signal_w": 0.009165282749490532,
    "bias": 0.00420166287384407
  },
  "epoch": 0
}