{
  "weights": {
    "signal_w": 0.0026959371353856526,
    "bias": 0.0023657806309484264
  },
  "epoch": 0
}