{
  "weights": {
    "signal_w": 0.0013151718685214487,
    "bias": -0.005737246814613205
  },
  "epoch": 0
}