{
  "weights": {
    "signal_w": 0.00038813243965582354,
    "bias": -0.0006337835676761262
  },
  "epoch": 0
}