{
  "weights": {
    "signal_w": -0.01819311288799346,
    "bias": 0.024129822822062132
  },
  "epoch": 0
}