{
  "weights": {
    "signal_w": 0.008549636734275135,
    "bias": -0.003259948671018829
  },
  "epoch": 0
}