{
  "weights": {
    "signal_w": -0.0012891990622703596,
    "bias": -7.666003417843912e-05
  },
  "epoch": 0
}