{
  "weights": {
    "signal_w": 0.0004023989428341862,
    "bias": -0.00011143697808812271
  },
  "epoch": 0
}