{
  "weights": {
    "signal_w": -0.005191480284258798,
    "bias": 0.0015839590851266386
  },
  "epoch": 0
}