{
  "weights": {
    "signal_w": 0.0023495231511958944,
    "bias": -0.0016496977073896964
  },
  "epoch": 0
}