{
  "weights": {
    "signal_w": 0.0012388659371310212,
    "bias": 0.016408161087908397
  },
  "epoch": 0
}