{
  "weights": {
    "signal_w": 0.37132324140379436,
    "bias": -0.046446248121894386
  },
  "epoch": 0
}