{
  "weights": {
    "signal_w": -0.008921157177457862,
    "bias": -0.001211454874818266
  },
  "epoch": 0
}