{
  "weights": {
    "signal_w": -0.015544591124145999,
    "bias": -0.006035882793087696
  },
  "epoch": 0
}