{
  "weights": {
    "signal_w": 0.1468297883174218,
    "bias": 0.019874183514836115
  },
  "epoch": 0
}