{
  "weights": {
    "signal_w": 0.0004657286365594422,
    "bias": -0.0011355025322050455
  },
  "epoch": 0
}