{
  "weights": {
    "signal_w": 0.001175300037405913,
    "bias": 0.0015375103564830913
  },
  "epoch": 0
}