{
  "weights": {
    "signal_w": 0.001183197621779487,
    "bias": 0.0008845474993396368
  },
  "epoch": 0
}