{
  "weights": {
    "signal_w": -0.0005529237263552934,
    "bias": 0.0008640232142980129
  },
  "epoch": 0
}