{
  "weights": {
    "signal_w": 0.0006740704114149565,
    "bias": 0.00012533064271958976
  },
  "epoch": 0
}