{
  "weights": {
    "signal_w": -0.0006564184394556744,
    "bias": 9.234487715402922e-06
  },
  "epoch": 0
}