{
  "weights": {
    "signal_w": 0.004788181143500506,
    "bias": 0.002268700130633195
  },
  "epoch": 0
}