{
  "weights": {
    "signal_w": 0.002200615593158535,
    "bias": -0.0036079475023576284
  },
  "epoch": 0
}