{
  "weights": {
    "signal_w": -0.007265067323998681,
    "bias": -0.0034692616507587992
  },
  "epoch": 0
}