{
  "weights": {
    "signal_w": -0.0031505049932576135,
    "bias": 0.0004923906609199733
  },
  "epoch": 0
}