{
  "weights": {
    "signal_w": -0.006721666068712701,
    "bias": -0.001334794078061127
  },
  "epoch": 0
}