{
  "weights": {
    "signal_w": -0.0009974202484374234,
    "bias": 0.00018409523274767693
  },
  "epoch": 0
}