{
  "weights": {
    "signal_w": 0.005329633194880961,
    "bias": -4.588966884666633e-05
  },
  "epoch": 0
}