{
  "weights": {
    "signal_w": 0.003264195119985038,
    "bias": -0.0011614164799001636
  },
  "epoch": 0
}