{
  "weights": {
    "signal_w": -0.0004801001030868722,
    "bias": -0.0005159236625438679
  },
  "epoch": 0
}