{
  "weights": {
    "signal_w": 0.0012098497118713486,
    "bias": 0.0002704756990390267
  },
  "epoch": 0
}