{
  "weights": {
    "signal_w": 8.607081074664672e-05,
    "bias": 0.0005375903408323839
  },
  "epoch": 0
}