{
  "weights": {
    "signal_w": 0.004120732672850522,
    "bias": -0.008091592215324014
  },
  "epoch": 0
}