{
  "weights": {
    "signal_w": 0.0003827231806529116,
    "bias": -0.0022813038693864536
  },
  "epoch": 0
}