{
  "weights": {
    "signal_w": 0.0011339019849142676,
    "bias": -0.0033268655980701633
  },
  "epoch": 0
}