{
  "weights": {
    "signal_w": -0.0018111758792884506,
    "bias": -0.008185398983244892
  },
  "epoch": 0
}