{
  "weights": {
    "signal_w": -0.0052512781593175226,
    "bias": -0.0020747237839682845
  },
  "epoch": 0
}