{
  "weights": {
    "signal_w": 0.0009912058098999847,
    "bias": -0.00402266045772943
  },
  "epoch": 0
}