{
  "weights": {
    "signal_w": -0.0012691575530257898,
    "bias": -0.0008027383540451244
  },
  "epoch": 0
}