{
  "weights": {
    "signal_w": -0.012075167538162793,
    "bias": 0.002235362954517335
  },
  "epoch": 0
}