{
  "weights": {
    "signal_w": -0.004692818820257485,
    "bias": 0.00590354272236741
  },
  "epoch": 0
}