{
  "weights": {
    "signal_w": 0.04063695370589784,
    "bias": 0.0015787644204809793
  },
  "epoch": 0
}