{
  "weights": {
    "signal_w": -0.0025803461010995054,
    "bias": 0.0008302428033722854
  },
  "epoch": 0
}