{
  "weights": {
    "signal_w": 0.003075710121677322,
    "bias": -6.544932250441296e-06
  },
  "epoch": 0
}