{
  "weights": {
    "signal_w": -0.0001325555767780527,
    "bias": -0.0064667671734542735
  },
  "epoch": 0
}