{
  "weights": {
    "signal_w": 0.0032140351480298315,
    "bias": -0.0005010868846180266
  },
  "epoch": 0
}