{
  "weights": {
    "signal_w": 0.0003034242071398393,
    "bias": 0.0005546300875133722
  },
  "epoch": 0
}