{
  "weights": {
    "signal_w": -0.01977222088296473,
    "bias": 0.0038254063541541348
  },
  "epoch": 0
}