{
  "weights": {
    "signal_w": 0.03314237653010311,
    "bias": -0.006025077283338616
  },
  "epoch": 0
}