{
  "weights": {
    "signal_w": -0.0013648090474862294,
    "bias": -0.0001650616468718443
  },
  "epoch": 0
}