{
  "weights": {
    "signal_w": -0.037148553207207384,
    "bias": 0.276370403202402
  },
  "epoch": 0
}