{
  "weights": {
    "signal_w": -0.003820440806068061,
    "bias": 0.0008246711693250181
  },
  "epoch": 0
}