{
  "weights": {
    "signal_w": 0.0037078139125326028,
    "bias": -0.0006894476962472774
  },
  "epoch": 0
}