{
  "weights": {
    "signal_w": -0.0019071480028488446,
    "bias": -0.00044519527727830715
  },
  "epoch": 0
}