{
  "weights": {
    "signal_w": 0.0036934261975034837,
    "bias": -0.0002937412675790496
  },
  "epoch": 0
}