{
  "weights": {
    "signal_w": 0.01104446079823777,
    "bias": 0.011421975518248096
  },
  "epoch": 0
}