{
  "weights": {
    "signal_w": -0.006246979690593502,
    "bias": 0.002324210960845248
  },
  "epoch": 0
}