{
  "weights": {
    "signal_w": 0.0017468014701794016,
    "bias": 0.0038736657718423375
  },
  "epoch": 0
}