{
  "weights": {
    "signal_w": -0.0022267157854504774,
    "bias": 0.0006058750241235711
  },
  "epoch": 0
}