{
  "weights": {
    "signal_w": -0.005724034040568771,
    "bias": -0.00044411467365083955
  },
  "epoch": 0
}