{
  "weights": {
    "signal_w": 0.007887627644209071,
    "bias": 0.0004618815240747191
  },
  "epoch": 0
}