{
  "weights": {
    "signal_w": 0.0012865938114817784,
    "bias": -0.0020084438896474177
  },
  "epoch": 0
}