{
  "weights": {
    "signal_w": -0.0005805901652039191,
    "bias": -0.0024500923422396304
  },
  "epoch": 0
}