{
  "weights": {
    "signal_w": -0.00010395053036969687,
    "bias": 0.00043836035220122283
  },
  "epoch": 0
}