{
  "weights": {
    "signal_w": -0.00035262893218081454,
    "bias": -0.0009678867765781119
  },
  "epoch": 0
}