{
  "weights": {
    "signal_w": 0.007371774996406159,
    "bias": 0.022536702362580187
  },
  "epoch": 0
}