{
  "weights": {
    "signal_w": 0.004185052378658568,
    "bias": -0.002856214512949455
  },
  "epoch": 0
}