{
  "weights": {
    "signal_w": 0.001380345030039403,
    "bias": -0.0010782205869061935
  },
  "epoch": 0
}