{
  "weights": {
    "signal_w": 0.0025575584246468525,
    "bias": -0.014753573329780067
  },
  "epoch": 0
}