{
  "weights": {
    "signal_w": 0.004135333196058707,
    "bias": 0.00559890958255127
  },
  "epoch": 0
}