{
  "weights": {
    "signal_w": -0.008851586533442299,
    "bias": -0.004661859819353043
  },
  "epoch": 0
}