{
  "weights": {
    "signal_w": -0.05901049667457362,
    "bias": -0.02907277025623927
  },
  "epoch": 0
}