{
  "weights": {
    "signal_w": -0.0021745989142067453,
    "bias": -0.0018517714046544062
  },
  "epoch": 0
}