{
  "weights": {
    "signal_w": -0.013756037471788808,
    "bias": -0.003713500592851811
  },
  "epoch": 0
}