{
  "weights": {
    "signal_w": 0.022220112455228574,
    "bias": 0.007717969755410796
  },
  "epoch": 0
}