{
  "weights": {
    "signal_w": -0.009618063744225958,
    "bias": -0.001531840301061072
  },
  "epoch": 0
}