{
  "weights": {
    "signal_w": 0.4671873488809346,
    "bias": 0.08967759239371334
  },
  "epoch": 0
}