{
  "weights": {
    "signal_w": 0.013958871601561633,
    "bias": 0.0017660513454178862
  },
  "epoch": 0
}