{
  "weights": {
    "signal_w": 0.09333724764035983,
    "bias": -0.011452988896568254
  },
  "epoch": 0
}