{
  "weights": {
    "signal_w": 0.00014796929384693536,
    "bias": 0.00021567530584013078
  },
  "epoch": 0
}