{
  "weights": {
    "signal_w": -0.003394846774825212,
    "bias": 0.029421988122696495
  },
  "epoch": 0
}