{
  "weights": {
    "signal_w": 0.05454845684991992,
    "bias": -0.008206787016154626
  },
  "epoch": 0
}