{
  "weights": {
    "signal_w": -0.03804523672854636,
    "bias": 0.013587838184714911
  },
  "epoch": 0
}