{
  "weights": {
    "signal_w": 0.0019771897980965245,
    "bias": -0.001256408596710054
  },
  "epoch": 0
}