{
  "weights": {
    "signal_w": -0.006346237937279685,
    "bias": -0.0011719928232975462
  },
  "epoch": 0
}