{
  "weights": {
    "signal_w": 0.0011866892165438246,
    "bias": -0.0001760540653975606
  },
  "epoch": 0
}