{
  "weights": {
    "signal_w": -0.010333578829042294,
    "bias": -0.002100837947317051
  },
  "epoch": 0
}