{
  "weights": {
    "signal_w": 0.0008550517876150796,
    "bias": 0.0009470505814949914
  },
  "epoch": 0
}