{
  "weights": {
    "signal_w": -0.007421083411266166,
    "bias": 0.011263921439261821
  },
  "epoch": 0
}