{
  "weights": {
    "signal_w": -0.002004250592337643,
    "bias": 0.0014162693563711407
  },
  "epoch": 0
}