{
  "weights": {
    "signal_w": -0.007227132872745365,
    "bias": -0.010039685663367572
  },
  "epoch": 0
}