{
  "weights": {
    "signal_w": -0.0028907830840914288,
    "bias": 0.0001180578359623063
  },
  "epoch": 0
}