{
  "weights": {
    "signal_w": -0.0036366504605518297,
    "bias": 0.002941602227934002
  },
  "epoch": 0
}