{
  "weights": {
    "signal_w": 0.017705291803131823,
    "bias": 0.0016575452388580454
  },
  "epoch": 0
}