{
  "weights": {
    "signal_w": -0.005711822510699493,
    "bias": -0.010025949329805661
  },
  "epoch": 0
}