{
  "weights": {
    "signal_w": -0.00028296454821747475,
    "bias": -0.001432316003000378
  },
  "epoch": 0
}