{
  "weights": {
    "signal_w": -0.007885583263037756,
    "bias": 0.014360587117739021
  },
  "epoch": 0
}