{
  "weights": {
    "signal_w": -0.00448854531918072,
    "bias": 0.026282241967033385
  },
  "epoch": 0
}