{
  "weights": {
    "signal_w": 0.0009021079359289103,
    "bias": 0.0004625367502544087
  },
  "epoch": 0
}