{
  "weights": {
    "signal_w": -0.0017821574510882732,
    "bias": -0.01082620995145827
  },
  "epoch": 0
}