{
  "weights": {
    "signal_w": 0.0026341364891107376,
    "bias": -6.840138816821423e-05
  },
  "epoch": 0
}