{
  "weights": {
    "signal_w": -0.0011043446305115062,
    "bias": 0.004112608881935639
  },
  "epoch": 0
}