{
  "weights": {
    "signal_w": 0.07701798244946538,
    "bias": -0.010131359736059446
  },
  "epoch": 0
}