{
  "weights": {
    "signal_w": -0.0006826886437846096,
    "bias": -0.00318473782112395
  },
  "epoch": 0
}