{
  "weights": {
    "signal_w": -0.015225164125538643,
    "bias": 0.0004826335821223232
  },
  "epoch": 0
}