{
  "weights": {
    "signal_w": 0.0011081056745044845,
    "bias": -0.007071187779600597
  },
  "epoch": 0
}