{
  "weights": {
    "signal_w": 0.00032205336121065236,
    "bias": -0.000996574633543817
  },
  "epoch": 0
}