{
  "weights": {
    "signal_w": -0.005350153817369336,
    "bias": 6.87609791327071e-05
  },
  "epoch": 0
}