{
  "weights": {
    "signal_w": 0.012347471344898388,
    "bias": 0.0003155965919375886
  },
  "epoch": 0
}