{
  "weights": {
    "signal_w": -0.012662419871483598,
    "bias": 0.019787395470280782
  },
  "epoch": 0
}