{
  "weights": {
    "signal_w": -0.001069924523263239,
    "bias": 0.0006292941018234562
  },
  "epoch": 0
}