{
  "weights": {
    "signal_w": 0.00016561498878391975,
    "bias": 0.00011829488114737096
  },
  "epoch": 0
}