{
  "weights": {
    "signal_w": 0.00934462568797236,
    "bias": -0.002614815885595014
  },
  "epoch": 0
}