{
  "weights": {
    "signal_w": 4.174231832246721e-05,
    "bias": 0.0006680850347697041
  },
  "epoch": 0
}