{
  "weights": {
    "signal_w": -0.0002785979133387147,
    "bias": -0.0010769443466824282
  },
  "epoch": 0
}