{
  "weights": {
    "signal_w": 0.0006011572422816234,
    "bias": -0.0023341896521167434
  },
  "epoch": 0
}