{
  "weights": {
    "signal_w": -0.008740914158256874,
    "bias": 0.015984089273585068
  },
  "epoch": 0
}