{
  "weights": {
    "signal_w": -0.006985675709391844,
    "bias": 0.0008535388943702603
  },
  "epoch": 0
}