{
  "weights": {
    "signal_w": 0.004286183936018,
    "bias": 0.001539241449380692
  },
  "epoch": 0
}