{
  "weights": {
    "signal_w": -0.006322351089897136,
    "bias": 0.0004899705051474928
  },
  "epoch": 0
}