{
  "weights": {
    "signal_w": 0.0006438108517784804,
    "bias": 0.0015775582071668808
  },
  "epoch": 0
}