{
  "weights": {
    "signal_w": 0.0025455030438059174,
    "bias": 0.007271441014020519
  },
  "epoch": 0
}