{
  "weights": {
    "signal_w": 0.48423060546470736,
    "bias": -0.10876468823748153
  },
  "epoch": 0
}