{
  "weights": {
    "signal_w": 0.0008640606197879399,
    "bias": 0.0003829877203380919
  },
  "epoch": 0
}