{
  "weights": {
    "signal_w": 0.0017330879739635048,
    "bias": 0.0010352697016288164
  },
  "epoch": 0
}