{
  "weights": {
    "signal_w": 0.00023850844662322613,
    "bias": 0.0016703732494610314
  },
  "epoch": 0
}