{
  "weights": {
    "signal_w": -0.010245164711550766,
    "bias": 0.00048548880328352386
  },
  "epoch": 0
}