{
  "weights": {
    "signal_w": -0.0005870173223345525,
    "bias": 0.00200072046202087
  },
  "epoch": 0
}