{
  "weights": {
    "signal_w": 0.010592019979625854,
    "bias": 0.0004897603906682909
  },
  "epoch": 0
}