{
  "weights": {
    "signal_w": 0.0075738540002789415,
    "bias": -0.0011218874593592635
  },
  "epoch": 0
}