{
  "weights": {
    "signal_w": 0.08800067874002532,
    "bias": 0.02412449695960366
  },
  "epoch": 0
}