{
  "weights": {
    "signal_w": 0.001035502825481633,
    "bias": -0.00014193710584749745
  },
  "epoch": 0
}