{
  "weights": {
    "signal_w": 0.007868434066062427,
    "bias": -0.005653145808281678
  },
  "epoch": 0
}