{
  "weights": {
    "signal_w": -0.00529486634095955,
    "bias": -0.0010521094815827735
  },
  "epoch": 0
}