{
  "weights": {
    "signal_w": 0.0014439741201682937,
    "bias": -0.0013104605964864937
  },
  "epoch": 0
}