{
  "weights": {
    "signal_w": -0.0023654336663762395,
    "bias": 0.0035415437226839538
  },
  "epoch": 0
}