{
  "weights": {
    "signal_w": -0.016461300609861795,
    "bias": -0.000760335385684317
  },
  "epoch": 0
}