{
  "weights": {
    "signal_w": 0.0018914891119847397,
    "bias": 0.00018662966870522558
  },
  "epoch": 0
}