{
  "weights": {
    "signal_w": -0.002464039484663905,
    "bias": 0.0021524807823017802
  },
  "epoch": 0
}