{
  "weights": {
    "signal_w": -0.02227952965774968,
    "bias": 0.004255948478643176
  },
  "epoch": 0
}