{
  "weights": {
    "signal_w": -0.004832457249306558,
    "bias": -0.0019149172699574307
  },
  "epoch": 0
}