{
  "weights": {
    "signal_w": 0.0017818555752237295,
    "bias": -5.994744499572888e-05
  },
  "epoch": 0
}