{
  "weights": {
    "signal_w": -0.0008081963322077801,
    "bias": -0.002648633962812473
  },
  "epoch": 0
}