{
  "weights": {
    "signal_w": 0.0028144445457696406,
    "bias": -0.002626231761486127
  },
  "epoch": 0
}