{
  "weights": {
    "signal_w": -0.0006247221710659282,
    "bias": -0.00030746316536510806
  },
  "epoch": 0
}