{
  "weights": {
    "signal_w": 0.002377429527766108,
    "bias": -0.00014714617157520315
  },
  "epoch": 0
}