{
  "weights": {
    "signal_w": -0.006093027256954005,
    "bias": -0.0012483989035198954
  },
  "epoch": 0
}