{
  "weights": {
    "signal_w": 0.003932842896314851,
    "bias": -0.0003933113829490391
  },
  "epoch": 0
}