{
  "weights": {
    "signal_w": 0.00022202985462925343,
    "bias": 0.0005845771981839406
  },
  "epoch": 0
}