{
  "weights": {
    "signal_w": 0.004542824967653064,
    "bias": -0.0005189993444202963
  },
  "epoch": 0
}