{
  "weights": {
    "signal_w": 0.004848052953895963,
    "bias": 0.0008474377768512764
  },
  "epoch": 0
}