{
  "weights": {
    "signal_w": 0.0039254686126843795,
    "bias": -9.916595486744632e-05
  },
  "epoch": 0
}