{
  "weights": {
    "signal_w": 0.004565542359151945,
    "bias": 0.0010756295022956934
  },
  "epoch": 0
}