{
  "weights": {
    "signal_w": 0.0031782853576384526,
    "bias": -0.0006903798390659337
  },
  "epoch": 0
}