{
  "weights": {
    "signal_w": -0.007691395414333427,
    "bias": -0.000728788910907
  },
  "epoch": 0
}