{
  "weights": {
    "signal_w": 0.0015883727236659065,
    "bias": 0.002962710594011809
  },
  "epoch": 0
}