{
  "weights": {
    "signal_w": -0.008667271555277172,
    "bias": -0.0016377694206328383
  },
  "epoch": 0
}