{
  "weights": {
    "signal_w": -0.005806980769465694,
    "bias": -0.0042145562007546615
  },
  "epoch": 0
}