{
  "weights": {
    "signal_w": 0.00015890560236952704,
    "bias": -0.0038649525046912728
  },
  "epoch": 0
}