{
  "weights": {
    "signal_w": 0.002244675611203829,
    "bias": 0.03098776205202588
  },
  "epoch": 0
}