{
  "weights": {
    "signal_w": -0.009336053509154375,
    "bias": -0.010361308020119794
  },
  "epoch": 0
}