{
  "weights": {
    "signal_w": -0.0061907186236532085,
    "bias": 0.0009919460665542116
  },
  "epoch": 0
}