{
  "weights": {
    "signal_w": -0.01984163822592669,
    "bias": -0.008907608525966108
  },
  "epoch": 0
}