{
  "weights": {
    "signal_w": 0.00015969154602628205,
    "bias": -0.006673051807568245
  },
  "epoch": 0
}