{
  "weights": {
    "signal_w": 0.1316619033316459,
    "bias": 0.025660381805192783
  },
  "epoch": 0
}