{
  "weights": {
    "signal_w": -0.0012434601288975004,
    "bias": 0.0003562730337595019
  },
  "epoch": 0
}