{
  "weights": {
    "signal_w": -0.005257133927553855,
    "bias": -0.0005327453681421091
  },
  "epoch": 0
}