{
  "weights": {
    "signal_w": -0.0015537034640628242,
    "bias": -0.0011423205159964535
  },
  "epoch": 0
}