{
  "weights": {
    "signal_w": 0.0032867622884087603,
    "bias": -0.003626401038171773
  },
  "epoch": 0
}