{
  "weights": {
    "signal_w": -0.0009901868796950545,
    "bias": 0.0009474471777256179
  },
  "epoch": 0
}