{
  "weights": {
    "signal_w": 0.029559387409216112,
    "bias": 0.006599549767968582
  },
  "epoch": 0
}