{
  "weights": {
    "signal_w": 0.0025729198382536352,
    "bias": -0.0032839504068277064
  },
  "epoch": 0
}