{
  "weights": {
    "signal_w": 0.0009097037972370592,
    "bias": 0.0007147732924424312
  },
  "epoch": 0
}