{
  "weights": {
    "signal_w": -0.005437437256516626,
    "bias": 0.0019499188415497107
  },
  "epoch": 0
}