{
  "weights": {
    "signal_w": -0.007498998482593043,
    "bias": 0.002012201766008006
  },
  "epoch": 0
}