{
  "weights": {
    "signal_w": -0.0034647429465490117,
    "bias": 0.006437308689339915
  },
  "epoch": 0
}