{
  "weights": {
    "signal_w": 0.006045508242139295,
    "bias": -0.00546267607958618
  },
  "epoch": 0
}