{
  "weights": {
    "signal_w": 0.17355424442164563,
    "bias": 0.008506378427767657
  },
  "epoch": 0
}