{
  "weights": {
    "signal_w": -0.000883998160613158,
    "bias": -0.0003034888022769083
  },
  "epoch": 0
}