{
  "weights": {
    "signal_w": -0.006373781558648955,
    "bias": -0.0015582391565654532
  },
  "epoch": 0
}