{
  "weights": {
    "signal_w": -0.008882774927583508,
    "bias": -0.0019113774480894483
  },
  "epoch": 0
}