{
  "weights": {
    "signal_w": 0.0020712867787646104,
    "bias": 0.007886585048810957
  },
  "epoch": 0
}