{
  "weights": {
    "signal_w": 0.011834334968542103,
    "bias": -0.00533406052108458
  },
  "epoch": 0
}