{
  "weights": {
    "signal_w": -0.00493599386522913,
    "bias": -0.00011928371463300702
  },
  "epoch": 0
}