{
  "weights": {
    "signal_w": 0.007464987805522409,
    "bias": -0.0017622242215402848
  },
  "epoch": 0
}