{
  "weights": {
    "signal_w": -0.00376834327834325,
    "bias": 0.007030803660806752
  },
  "epoch": 0
}