{
  "weights": {
    "signal_w": -0.021664156239818235,
    "bias": -0.009368002996150315
  },
  "epoch": 0
}