{
  "weights": {
    "signal_w": -0.009982525306607528,
    "bias": 0.0015491806835694734
  },
  "epoch": 0
}