{
  "weights": {
    "signal_w": -0.07233963819492445,
    "bias": -0.010972727639802442
  },
  "epoch": 0
}