{
  "weights": {
    "signal_w": 0.002508344483237195,
    "bias": 0.0006993482798074203
  },
  "epoch": 0
}