{
  "weights": {
    "signal_w": -0.006874645013522746,
    "bias": 0.0005993575886493049
  },
  "epoch": 0
}