{
  "weights": {
    "signal_w": 0.00160517250639164,
    "bias": -0.0033973391615151082
  },
  "epoch": 0
}