{
  "weights": {
    "signal_w": 0.007877157761536203,
    "bias": 0.0012276144937757776
  },
  "epoch": 0
}