{
  "weights": {
    "signal_w": -0.0012286314033698486,
    "bias": 0.0006515920022382089
  },
  "epoch": 0
}