{
  "weights": {
    "signal_w": 0.0035543397770973133,
    "bias": -0.0006601623429949814
  },
  "epoch": 0
}