{
  "weights": {
    "signal_w": 0.0024274542521773006,
    "bias": -0.0010044552394329323
  },
  "epoch": 0
}