{
  "weights": {
    "signal_w": 0.004830905068568509,
    "bias": -0.0005954883035717799
  },
  "epoch": 0
}