{
  "weights": {
    "signal_w": -0.0013830555508100202,
    "bias": 0.0008281776345657757
  },
  "epoch": 0
}