{
  "weights": {
    "signal_w": 0.0004117709976417733,
    "bias": -0.003698196545155354
  },
  "epoch": 0
}