{
  "weights": {
    "signal_w": -0.0008739057352017971,
    "bias": -0.0007842677442983672
  },
  "epoch": 0
}