{
  "weights": {
    "signal_w": -0.0005018272787826943,
    "bias": 0.0006281217820057624
  },
  "epoch": 0
}