{
  "weights": {
    "signal_w": 0.0033775422490558804,
    "bias": 0.005095866061218181
  },
  "epoch": 0
}