{
  "weights": {
    "signal_w": -0.005531824106871931,
    "bias": -0.0018086849278549577
  },
  "epoch": 0
}