{
  "weights": {
    "signal_w": -0.005368785235639691,
    "bias": -0.0008473025272882093
  },
  "epoch": 0
}