{
  "weights": {
    "signal_w": -0.006194434643475456,
    "bias": -0.002314470094841506
  },
  "epoch": 0
}