{
  "weights": {
    "signal_w": 0.0009095132943183532,
    "bias": -0.0033405120251366396
  },
  "epoch": 0
}