{
  "weights": {
    "signal_w": 0.01283568981641543,
    "bias": -0.0003455944241953529
  },
  "epoch": 0
}