{
  "weights": {
    "signal_w": 0.00030681137223656827,
    "bias": 0.0022915968614511196
  },
  "epoch": 0
}