{
  "weights": {
    "signal_w": 6.120985557958891e-05,
    "bias": -0.0045932440120890925
  },
  "epoch": 0
}