{
  "weights": {
    "signal_w": -0.002316370780876972,
    "bias": -0.0014009958567818754
  },
  "epoch": 0
}