{
  "weights": {
    "signal_w": -0.008970968099695066,
    "bias": -0.002631235999682262
  },
  "epoch": 0
}