{
  "weights": {
    "signal_w": -0.00021816295480376314,
    "bias": -0.00028217281390247604
  },
  "epoch": 0
}