{
  "weights": {
    "signal_w": -0.00560182623318755,
    "bias": -0.0014492656983559598
  },
  "epoch": 0
}