{
  "weights": {
    "signal_w": 0.3717547349540344,
    "bias": -0.04357388406397714
  },
  "epoch": 0
}