{
  "weights": {
    "signal_w": 0.0005308837403182342,
    "bias": -0.002633147536162959
  },
  "epoch": 0
}