{
  "weights": {
    "signal_w": -0.006844858572849022,
    "bias": -0.006270313950685785
  },
  "epoch": 0
}