{
  "weights": {
    "signal_w": 0.0011791376406982243,
    "bias": -0.0002290481439116806
  },
  "epoch": 0
}