{
  "weights": {
    "signal_w": 0.003951364247976903,
    "bias": 0.0021319857456071007
  },
  "epoch": 0
}