{
  "weights": {
    "signal_w": -0.005489715751307383,
    "bias": -0.004237654058530629
  },
  "epoch": 0
}