{
  "weights": {
    "signal_w": -0.005555210575684265,
    "bias": 0.015464052906130269
  },
  "epoch": 0
}