{
  "weights": {
    "signal_w": -0.004629496565832517,
    "bias": -0.0016026607967719578
  },
  "epoch": 0
}