{
  "weights": {
    "signal_w": -0.004233364259708954,
    "bias": 0.00010419236448060905
  },
  "epoch": 0
}