{
  "weights": {
    "signal_w": -0.0070857535069219525,
    "bias": -0.012211039032854611
  },
  "epoch": 0
}