{
  "weights": {
    "signal_w": -0.0010034668598132438,
    "bias": -0.006479495311197311
  },
  "epoch": 0
}