{
  "weights": {
    "signal_w": -0.0001301304071867004,
    "bias": 4.609699195538546e-05
  },
  "epoch": 0
}