{
  "weights": {
    "signal_w": 0.0018835693949157187,
    "bias": 0.0014820010821570404
  },
  "epoch": 0
}