{
  "weights": {
    "signal_w": 0.00029801571496621796,
    "bias": 0.00017801437883620432
  },
  "epoch": 0
}