{
  "weights": {
    "signal_w": -0.0008737970677401177,
    "bias": -0.009630569620189766
  },
  "epoch": 0
}