{
  "weights": {
    "signal_w": 0.0021287879901237578,
    "bias": -0.00022865264725372016
  },
  "epoch": 0
}