{
  "weights": {
    "signal_w": 0.011426663524841296,
    "bias": -0.0005565585872791808
  },
  "epoch": 0
}