{
  "weights": {
    "signal_w": 0.0013275689476669552,
    "bias": 0.0012888869771712067
  },
  "epoch": 0
}