{
  "weights": {
    "signal_w": -0.0006271656588889837,
    "bias": -0.0001860429767128191
  },
  "epoch": 0
}