{
  "weights": {
    "signal_w": -0.0012959250526142518,
    "bias": 0.0007546373253220694
  },
  "epoch": 0
}