{
  "weights": {
    "signal_w": 0.12583262009357943,
    "bias": -0.016332198701197603
  },
  "epoch": 0
}