{
  "weights": {
    "signal_w": 0.0007471090035992222,
    "bias": 0.00041988680834058995
  },
  "epoch": 0
}