{
  "weights": {
    "signal_w": 0.0008220195053470834,
    "bias": 0.0011225190499511606
  },
  "epoch": 0
}