{
  "weights": {
    "signal_w": 0.0005620433768994808,
    "bias": 0.001595968486811221
  },
  "epoch": 0
}