{
  "weights": {
    "signal_w": 0.0043241390251306765,
    "bias": 0.0011009400202837117
  },
  "epoch": 0
}