{
  "weights": {
    "signal_w": 0.0033127607940280526,
    "bias": 0.0008446219319049699
  },
  "epoch": 0
}