{
  "weights": {
    "signal_w": -0.0010689384351236172,
    "bias": 0.0006325489992598361
  },
  "epoch": 0
}