{
  "weights": {
    "signal_w": 0.001213726729360495,
    "bias": -0.010543516292602976
  },
  "epoch": 0
}