{
  "weights": {
    "signal_w": -0.0018840121502907055,
    "bias": 0.0013835153492783238
  },
  "epoch": 0
}