{
  "weights": {
    "signal_w": 0.08053833417003066,
    "bias": 0.012517090221328606
  },
  "epoch": 0
}