{
  "weights": {
    "signal_w": -0.001378286643398707,
    "bias": -0.0006572131414563896
  },
  "epoch": 0
}