{
  "weights": {
    "signal_w": 0.004508599723736048,
    "bias": -0.0002762126216481305
  },
  "epoch": 0
}