{
  "weights": {
    "signal_w": 0.006614790580450287,
    "bias": -0.0018047881483975188
  },
  "epoch": 0
}