{
  "weights": {
    "signal_w": -0.0003191508369974482,
    "bias": -0.0022394763921966356
  },
  "epoch": 0
}