{
  "weights": {
    "signal_w": 0.0001306950350821092,
    "bias": 0.0011763470039490298
  },
  "epoch": 0
}