{
  "weights": {
    "signal_w": -0.015821896386807435,
    "bias": 0.004966155729302171
  },
  "epoch": 0
}