{
  "weights": {
    "signal_w": 0.0017419531410950778,
    "bias": 0.001284565405398223
  },
  "epoch": 0
}