{
  "weights": {
    "signal_w": 0.029156679916718276,
    "bias": 0.0034267903728933116
  },
  "epoch": 0
}