{
  "weights": {
    "signal_w": -0.00985016588658918,
    "bias": -0.0007497882321683127
  },
  "epoch": 0
}