{
  "weights": {
    "signal_w": 4.113277445361713e-05,
    "bias": -0.00016599456052757632
  },
  "epoch": 0
}