{
  "weights": {
    "signal_w": -0.005584624519920544,
    "bias": 0.0011115593075332806
  },
  "epoch": 0
}