{
  "weights": {
    "signal_w": 0.00592746841869632,
    "bias": 0.004102579510819011
  },
  "epoch": 0
}