{
  "weights": {
    "signal_w": -0.0057656189467748115,
    "bias": -0.00250115917656169
  },
  "epoch": 0
}