{
  "weights": {
    "signal_w": 0.0014520169862881228,
    "bias": 0.0009208191818683121
  },
  "epoch": 0
}