{
  "weights": {
    "signal_w": -0.011061039519996598,
    "bias": 0.00012955834432322244
  },
  "epoch": 0
}