{
  "weights": {
    "signal_w": -0.00026532752966270084,
    "bias": -0.0010367316245518945
  },
  "epoch": 0
}