{
  "weights": {
    "signal_w": -0.0008763832413070892,
    "bias": 0.0025928774426429617
  },
  "epoch": 0
}