{
  "weights": {
    "signal_w": 0.0008572449971616673,
    "bias": -0.0023070267428934865
  },
  "epoch": 0
}