{
  "weights": {
    "signal_w": 0.004664336461083035,
    "bias": -0.0009861454657121148
  },
  "epoch": 0
}