{
  "weights": {
    "signal_w": 0.00024157874664912582,
    "bias": 0.0003858576337751858
  },
  "epoch": 0
}