{
  "weights": {
    "signal_w": 0.001257947122846235,
    "bias": -0.005582025986956446
  },
  "epoch": 0
}