{
  "weights": {
    "signal_w": 0.005862153464387744,
    "bias": 0.001017235932443834
  },
  "epoch": 0
}