{
  "weights": {
    "signal_w": 0.0014945221064694518,
    "bias": 0.0004645578700035106
  },
  "epoch": 0
}