{
  "weights": {
    "signal_w": 0.05587601216575085,
    "bias": 0.015171066070848048
  },
  "epoch": 0
}