{
  "weights": {
    "signal_w": 0.0017418487018798327,
    "bias": -0.0035770160354802625
  },
  "epoch": 0
}