{
  "weights": {
    "signal_w": 0.0017113077925727204,
    "bias": -0.0003964748747771074
  },
  "epoch": 0
}