{
  "weights": {
    "signal_w": 0.0021941412515101974,
    "bias": -0.0012777371983211886
  },
  "epoch": 0
}