{
  "weights": {
    "signal_w": -0.009477269801522144,
    "bias": 0.006863249894360035
  },
  "epoch": 0
}