{
  "weights": {
    "signal_w": -0.0004320443104249174,
    "bias": 0.0012952172091095723
  },
  "epoch": 0
}