{
  "weights": {
    "signal_w": 0.0016449073666481412,
    "bias": -0.0009292743154469584
  },
  "epoch": 0
}