{
  "weights": {
    "signal_w": 0.21334010900893835,
    "bias": -0.05268779572027792
  },
  "epoch": 0
}