{
  "weights": {
    "signal_w": -0.0061133775377858425,
    "bias": -0.000903609352340969
  },
  "epoch": 0
}