{
  "weights": {
    "signal_w": -0.004940416592218994,
    "bias": 0.0033092429478970616
  },
  "epoch": 0
}