{
  "weights": {
    "signal_w": 0.00020397623909417436,
    "bias": -0.0034626661934561067
  },
  "epoch": 0
}