{
  "weights": {
    "signal_w": 0.004819919543365205,
    "bias": 0.0043612578683656
  },
  "epoch": 0
}