{
  "weights": {
    "signal_w": 0.18684366573599648,
    "bias": 0.022296965150060893
  },
  "epoch": 0
}