{
  "weights": {
    "signal_w": 0.0030896827815299604,
    "bias": -0.006965418815192711
  },
  "epoch": 0
}