{
  "weights": {
    "signal_w": -0.005854152366492947,
    "bias": -0.004175844880472147
  },
  "epoch": 0
}