{
  "weights": {
    "signal_w": 0.002912358087463443,
    "bias": -4.442548933150138e-06
  },
  "epoch": 0
}