{
  "weights": {
    "signal_w": 0.0021135783879774397,
    "bias": 0.0019016860718189521
  },
  "epoch": 0
}