{
  "weights": {
    "signal_w": -0.0032037711731178068,
    "bias": 0.0006241671329876537
  },
  "epoch": 0
}