{
  "weights": {
    "signal_w": 0.00013948824461994174,
    "bias": 0.001234864184725938
  },
  "epoch": 0
}