{
  "weights": {
    "signal_w": -0.0001971564617203588,
    "bias": -0.0001421216884947958
  },
  "epoch": 0
}