{
  "weights": {
    "signal_w": 0.0007736476618352108,
    "bias": 0.00041362601553157467
  },
  "epoch": 0
}