{
  "weights": {
    "signal_w": 8.750642264697932e-05,
    "bias": -0.0004092968019466994
  },
  "epoch": 0
}