{
  "weights": {
    "signal_w": -0.008538138954058106,
    "bias": -0.001566804377850198
  },
  "epoch": 0
}