{
  "weights": {
    "signal_w": 0.008337947100471714,
    "bias": 0.007437541854013143
  },
  "epoch": 0
}