{
  "weights": {
    "signal_w": -0.006532661531960262,
    "bias": 0.04447036455850737
  },
  "epoch": 0
}