{
  "weights": {
    "signal_w": 0.0125410078530168,
    "bias": 0.0014449219615409008
  },
  "epoch": 0
}