{
  "weights": {
    "signal_w": 0.0006964836703007683,
    "bias": -0.0011750744733518283
  },
  "epoch": 0
}