{
  "weights": {
    "signal_w": -0.0064209768757040216,
    "bias": 0.0005178407232327278
  },
  "epoch": 0
}