{
  "weights": {
    "signal_w": 0.004386482311124282,
    "bias": 0.004463915911092931
  },
  "epoch": 0
}