{
  "weights": {
    "signal_w": 0.0022558931191854676,
    "bias": -0.001540467448129013
  },
  "epoch": 0
}