{
  "weights": {
    "signal_w": 0.0002589840689438983,
    "bias": 0.0008508976755572512
  },
  "epoch": 0
}