{
  "weights": {
    "signal_w": -0.0010417632121413486,
    "bias": -0.0028995693253803276
  },
  "epoch": 0
}