{
  "weights": {
    "signal_w": 0.0005841680382219177,
    "bias": 0.0029389436064189557
  },
  "epoch": 0
}