{
  "weights": {
    "signal_w": -0.031035612755192645,
    "bias": 0.0009476222903023485
  },
  "epoch": 0
}