{
  "weights": {
    "signal_w": 0.00021913940515391896,
    "bias": -2.050677001239663e-05
  },
  "epoch": 0
}