{
  "weights": {
    "signal_w": 0.05681194377852052,
    "bias": 0.008942636446489677
  },
  "epoch": 0
}