{
  "weights": {
    "signal_w": 0.004543794519993918,
    "bias": -0.0003183524567654949
  },
  "epoch": 0
}