{
  "weights": {
    "signal_w": 5.323495629771874e-05,
    "bias": 0.00040047279480302816
  },
  "epoch": 0
}