{
  "weights": {
    "signal_w": -0.002017378172368064,
    "bias": 0.0007750546941490257
  },
  "epoch": 0
}