{
  "weights": {
    "signal_w": 0.0009785552536409944,
    "bias": -0.009241095100818827
  },
  "epoch": 0
}