{
  "weights": {
    "signal_w": -0.0029836501025184117,
    "bias": -0.00024279757843060533
  },
  "epoch": 0
}