{
  "weights": {
    "signal_w": 0.00770694892026358,
    "bias": -0.001617016336924511
  },
  "epoch": 0
}