{
  "weights": {
    "signal_w": -0.00010163753483302771,
    "bias": 6.036807422266446e-05
  },
  "epoch": 0
}