{
  "weights": {
    "signal_w": -0.0014003373533255621,
    "bias": 0.006924670015018995
  },
  "epoch": 0
}