{
  "weights": {
    "signal_w": 0.001880636449655901,
    "bias": -0.0017089723287507554
  },
  "epoch": 0
}