{
  "weights": {
    "signal_w": -0.00014252093149196205,
    "bias": 0.001323306848182674
  },
  "epoch": 0
}