{
  "weights": {
    "signal_w": -0.004505095192792071,
    "bias": -0.0009478003529894687
  },
  "epoch": 0
}