{
  "weights": {
    "signal_w": 0.0012800555111468165,
    "bias": -0.0022088822950417884
  },
  "epoch": 0
}