{
  "weights": {
    "signal_w": 0.01292786363477351,
    "bias": -0.032442792025754626
  },
  "epoch": 0
}