{
  "weights": {
    "signal_w": -0.008960612884063628,
    "bias": 0.0005132170863619595
  },
  "epoch": 0
}