{
  "weights": {
    "signal_w": -0.005295272303713504,
    "bias": 0.02433070940717362
  },
  "epoch": 0
}