{
  "weights": {
    "signal_w": -0.007162625772215729,
    "bias": -0.0026976498807732476
  },
  "epoch": 0
}