{
  "weights": {
    "signal_w": 0.003790517659814533,
    "bias": 0.00038017621347188066
  },
  "epoch": 0
}