{
  "weights": {
    "signal_w": -0.005220375433839218,
    "bias": 0.0006712039658060764
  },
  "epoch": 0
}