{
  "weights": {
    "signal_w": 0.0007608093436638445,
    "bias": -0.0013200911584166993
  },
  "epoch": 0
}