{
  "weights": {
    "signal_w": -0.01092921324903032,
    "bias": -0.0038722019506748006
  },
  "epoch": 0
}