{
  "weights": {
    "signal_w": 0.0025876131697898613,
    "bias": -0.0005344842453362279
  },
  "epoch": 0
}