{
  "weights": {
    "signal_w": 0.0008062336764770452,
    "bias": 0.0012256413658963434
  },
  "epoch": 0
}