{
  "weights": {
    "signal_w": -0.008659085876388613,
    "bias": -0.006901975744969002
  },
  "epoch": 0
}