{
  "weights": {
    "signal_w": 0.0002873618543952053,
    "bias": -0.0007135244053278161
  },
  "epoch": 0
}