{
  "weights": {
    "signal_w": 0.00038765051894979754,
    "bias": 0.0005073206850777971
  },
  "epoch": 0
}