{
  "weights": {
    "signal_w": 0.0010778288588978986,
    "bias": 0.0006363253601786305
  },
  "epoch": 0
}