{
  "weights": {
    "signal_w": 0.0002781369845760463,
    "bias": -0.003285965778228591
  },
  "epoch": 0
}