{
  "weights": {
    "signal_w": -0.01082329242403657,
    "bias": 0.0006684015309933935
  },
  "epoch": 0
}