{
  "weights": {
    "signal_w": 0.001631471723749835,
    "bias": 0.0061302769769596005
  },
  "epoch": 0
}