{
  "weights": {
    "signal_w": 0.0002727340824422403,
    "bias": -0.0003778046259723212
  },
  "epoch": 0
}