{
  "weights": {
    "signal_w": 0.004171800103875116,
    "bias": 0.0024462229753327873
  },
  "epoch": 0
}