{
  "weights": {
    "signal_w": -0.001092120710220746,
    "bias": -0.0016512952414859568
  },
  "epoch": 0
}