{
  "weights": {
    "signal_w": -0.00045574399609717164,
    "bias": 0.0013045967705578485
  },
  "epoch": 0
}