{
  "weights": {
    "signal_w": -0.0009171055698673043,
    "bias": -0.0018088513932857952
  },
  "epoch": 0
}