{
  "weights": {
    "signal_w": 0.002766530771697654,
    "bias": -0.0009888235569734346
  },
  "epoch": 0
}