{
  "weights": {
    "signal_w": -0.003825085116951121,
    "bias": -0.0029706197984275106
  },
  "epoch": 0
}