{
  "weights": {
    "signal_w": 0.004043880430725791,
    "bias": -0.020413377685949915
  },
  "epoch": 0
}