{
  "weights": {
    "signal_w": 0.004150190864851942,
    "bias": -0.00016723440278246801
  },
  "epoch": 0
}