{
  "weights": {
    "signal_w": 0.12048944050111722,
    "bias": 0.01706597018644932
  },
  "epoch": 0
}