{
  "weights": {
    "signal_w": 0.0030756765482861537,
    "bias": 0.0007433155199337987
  },
  "epoch": 0
}