{
  "weights": {
    "signal_w": -0.02797918599667847,
    "bias": -0.004035962958406536
  },
  "epoch": 0
}