{
  "weights": {
    "signal_w": 0.0005048409961558388,
    "bias": -0.0024595555791766316
  },
  "epoch": 0
}