{
  "weights": {
    "signal_w": -0.007843015334232657,
    "bias": 0.0018382805326737572
  },
  "epoch": 0
}