{
  "weights": {
    "signal_w": 0.005178603855975,
    "bias": -0.0008168996381913024
  },
  "epoch": 0
}