{
  "weights": {
    "signal_w": 0.0032287123727376414,
    "bias": 0.000837515398841764
  },
  "epoch": 0
}