{
  "weights": {
    "signal_w": 0.002201996126936956,
    "bias": -0.0011226154420072036
  },
  "epoch": 0
}