{
  "weights": {
    "signal_w": -0.003961761179929278,
    "bias": -0.0020340337045725867
  },
  "epoch": 0
}