{
  "weights": {
    "signal_w": -0.06929461430597737,
    "bias": 0.0062015746073541805
  },
  "epoch": 0
}