{
  "weights": {
    "signal_w": 0.0034078696710609256,
    "bias": -0.0016414801052201096
  },
  "epoch": 0
}