{
  "weights": {
    "signal_w": 0.007140011036793412,
    "bias": -0.00019908509949793452
  },
  "epoch": 0
}