{
  "weights": {
    "signal_w": 0.0001355584219110768,
    "bias": -0.00019173608395568113
  },
  "epoch": 0
}