{
  "weights": {
    "signal_w": -0.00043548232315584974,
    "bias": -0.000417566633587293
  },
  "epoch": 0
}