{
  "weights": {
    "signal_w": -0.007269618110580538,
    "bias": 0.0026861167045162224
  },
  "epoch": 0
}