{
  "weights": {
    "signal_w": -0.00027517480608048057,
    "bias": -0.0007190117299965519
  },
  "epoch": 0
}