{
  "weights": {
    "signal_w": 0.1675729639303564,
    "bias": -0.031421558749213714
  },
  "epoch": 0
}