{
  "weights": {
    "signal_w": -0.004326035495401216,
    "bias": -0.0005140571970805487
  },
  "epoch": 0
}