{
  "weights": {
    "signal_w": 0.003576288561734418,
    "bias": -2.6897591612769174e-05
  },
  "epoch": 0
}