{
  "weights": {
    "signal_w": 0.0022014290222663645,
    "bias": 0.009565267788187495
  },
  "epoch": 0
}