{
  "weights": {
    "signal_w": 0.0021547932363067774,
    "bias": -0.0026535946920888762
  },
  "epoch": 0
}