{
  "weights": {
    "signal_w": -0.0013469226726764473,
    "bias": -0.004961123440257153
  },
  "epoch": 0
}