{
  "weights": {
    "signal_w": -0.0006732552110688237,
    "bias": -7.727890335469742e-05
  },
  "epoch": 0
}