{
  "weights": {
    "signal_w": -0.06729293166534522,
    "bias": 0.07540784609122292
  },
  "epoch": 0
}