{
  "weights": {
    "signal_w": -0.008227965011252978,
    "bias": 0.0018622105428601002
  },
  "epoch": 0
}