{
  "weights": {
    "signal_w": -0.0005473324714051643,
    "bias": -0.0009636505446010728
  },
  "epoch": 0
}