{
  "weights": {
    "signal_w": 0.005889689478476679,
    "bias": 0.004747060074422494
  },
  "epoch": 0
}