{
  "weights": {
    "signal_w": 0.000753485905504085,
    "bias": -0.0006956278276472884
  },
  "epoch": 0
}