{
  "weights": {
    "signal_w": -0.006518212305740447,
    "bias": 0.0035008668935729444
  },
  "epoch": 0
}