{
  "weights": {
    "signal_w": -0.008378511519843234,
    "bias": -0.001378265212087497
  },
  "epoch": 0
}