{
  "weights": {
    "signal_w": -0.014499534311433667,
    "bias": -0.0038433362815684623
  },
  "epoch": 0
}