{
  "weights": {
    "signal_w": 0.0008502882297838761,
    "bias": 0.0021621875682615106
  },
  "epoch": 0
}