{
  "weights": {
    "signal_w": 0.0019846188685699283,
    "bias": -0.0010071502338973334
  },
  "epoch": 0
}