{
  "weights": {
    "signal_w": 0.001553935601687116,
    "bias": -0.0013576202627685785
  },
  "epoch": 0
}