{
  "weights": {
    "signal_w": -0.07770111478263722,
    "bias": 0.0014924845140671323
  },
  "epoch": 0
}