{
  "weights": {
    "signal_w": -0.005691458936043394,
    "bias": -0.003715977296595087
  },
  "epoch": 0
}