{
  "weights": {
    "signal_w": -0.003119547356229058,
    "bias": -0.00038370166480281124
  },
  "epoch": 0
}