{
  "weights": {
    "signal_w": 0.0037013187563637597,
    "bias": 0.003775701260361512
  },
  "epoch": 0
}