{
  "weights": {
    "signal_w": 0.002469266807285135,
    "bias": -0.003111907570184049
  },
  "epoch": 0
}