{
  "weights": {
    "signal_w": -0.0013773550174289966,
    "bias": -8.07209703485993e-05
  },
  "epoch": 0
}