{
  "weights": {
    "signal_w": -0.0023305986762573883,
    "bias": 9.855435749262496e-05
  },
  "epoch": 0
}