{
  "weights": {
    "signal_w": 0.019888683247109816,
    "bias": 0.0039149843904685185
  },
  "epoch": 0
}