{
  "weights": {
    "signal_w": 0.002151819024729854,
    "bias": -0.003032167855757564
  },
  "epoch": 0
}