{
  "weights": {
    "signal_w": -0.0003708867917474358,
    "bias": 1.6230200922542505e-05
  },
  "epoch": 0
}