{
  "weights": {
    "signal_w": -0.08014872525533218,
    "bias": 0.01221994826214607
  },
  "epoch": 0
}