{
  "weights": {
    "signal_w": -0.009905456077658496,
    "bias": 0.020991999685003843
  },
  "epoch": 0
}