{
  "weights": {
    "signal_w": -0.00030598990301478686,
    "bias": -0.00041641202775933434
  },
  "epoch": 0
}