{
  "weights": {
    "signal_w": -0.00012486406943106761,
    "bias": 0.0005938911108500923
  },
  "epoch": 0
}