{
  "weights": {
    "signal_w": 0.07547483509832463,
    "bias": -0.012467224888272432
  },
  "epoch": 0
}