{
  "weights": {
    "signal_w": -0.008751786350275185,
    "bias": -0.0007445366306641319
  },
  "epoch": 0
}