{
  "weights": {
    "signal_w": -0.009264964214162166,
    "bias": 0.00037813677585242804
  },
  "epoch": 0
}