{
  "weights": {
    "signal_w": 0.004104931538534272,
    "bias": -0.00027973267169307983
  },
  "epoch": 0
}