{
  "weights": {
    "signal_w": 0.0016656492624541853,
    "bias": 0.0002959186733641476
  },
  "epoch": 0
}