{
  "weights": {
    "signal_w": 0.02638569749222958,
    "bias": 0.004511613957733292
  },
  "epoch": 0
}