{
  "weights": {
    "signal_w": 0.0011495178446140734,
    "bias": -0.0025314949882096686
  },
  "epoch": 0
}