{
  "weights": {
    "signal_w": -0.005361074248812918,
    "bias": -0.0034199036739375422
  },
  "epoch": 0
}