{
  "weights": {
    "signal_w": 0.005722441582653584,
    "bias": 0.0018022525085578675
  },
  "epoch": 0
}