{
  "weights": {
    "signal_w": -0.006005813370659517,
    "bias": 0.0009069654165907356
  },
  "epoch": 0
}