{
  "weights": {
    "signal_w": 0.00023932898480135477,
    "bias": 0.0006541237904382202
  },
  "epoch": 0
}