{
  "weights": {
    "signal_w": 0.010213453060212626,
    "bias": 0.019798824615965268
  },
  "epoch": 0
}