{
  "weights": {
    "signal_w": -0.005308131501595711,
    "bias": -0.0016933853032146584
  },
  "epoch": 0
}