{
  "weights": {
    "signal_w": 0.10382453291301348,
    "bias": -0.021496377443265297
  },
  "epoch": 0
}