{
  "weights": {
    "signal_w": 0.1598033352266496,
    "bias": 0.021660841606160528
  },
  "epoch": 0
}