{
  "weights": {
    "signal_w": -1.3069421857704578e-05,
    "bias": 0.006686359940199767
  },
  "epoch": 0
}