{
  "weights": {
    "signal_w": -0.0034260025251758273,
    "bias": -0.003769028106616272
  },
  "epoch": 0
}