{
  "weights": {
    "signal_w": -0.004152604379606535,
    "bias": 0.0065629712189055
  },
  "epoch": 0
}