{
  "weights": {
    "signal_w": -0.00029527038356777567,
    "bias": -0.0008371053357861571
  },
  "epoch": 0
}