{
  "weights": {
    "signal_w": -0.004666108030670849,
    "bias": -0.00854287309939467
  },
  "epoch": 0
}