{
  "weights": {
    "signal_w": -0.0023096832437636563,
    "bias": 0.00042935768553108703
  },
  "epoch": 0
}