{
  "weights": {
    "signal_w": -0.004016182553039573,
    "bias": 0.002452011746442482
  },
  "epoch": 0
}