{
  "weights": {
    "signal_w": 0.003224086893142044,
    "bias": -0.0014158879221096074
  },
  "epoch": 0
}