{
  "weights": {
    "signal_w": -0.005654272938735464,
    "bias": -0.001037803435855014
  },
  "epoch": 0
}