{
  "weights": {
    "signal_w": 0.01793055732403178,
    "bias": 0.0027783077274865955
  },
  "epoch": 0
}