{
  "weights": {
    "signal_w": -0.003504720487657583,
    "bias": 0.0008420690511130092
  },
  "epoch": 0
}