{
  "weights": {
    "signal_w": -0.0010148281681646924,
    "bias": 0.0001439080085607933
  },
  "epoch": 0
}