{
  "weights": {
    "signal_w": 0.0017427210509668519,
    "bias": -0.0032857827459161896
  },
  "epoch": 0
}