{
  "weights": {
    "signal_w": 0.0032103226794525847,
    "bias": -0.00949651804190814
  },
  "epoch": 0
}