{
  "weights": {
    "signal_w": -0.0111948756467061,
    "bias": 0.003318311683174382
  },
  "epoch": 0
}