{
  "weights": {
    "signal_w": -0.020670567122147883,
    "bias": 0.000755587448368875
  },
  "epoch": 0
}