{
  "weights": {
    "signal_w": 0.005848305454755076,
    "bias": 0.007168153009078124
  },
  "epoch": 0
}