{
  "weights": {
    "signal_w": 0.0013167589648719012,
    "bias": -0.00011006778827214256
  },
  "epoch": 0
}