{
  "weights": {
    "signal_w": 0.0021049111104378686,
    "bias": 0.013023890378651641
  },
  "epoch": 0
}