{
  "weights": {
    "signal_w": -0.000808108145744067,
    "bias": 0.0012022101445032414
  },
  "epoch": 0
}