{
  "weights": {
    "signal_w": -0.08332225759131884,
    "bias": -0.0030853715439568595
  },
  "epoch": 0
}