{
  "weights": {
    "signal_w": 0.000536369415791947,
    "bias": 0.0028177443143700804
  },
  "epoch": 0
}