{
  "weights": {
    "signal_w": 0.002129809965958702,
    "bias": -0.00843808042517657
  },
  "epoch": 0
}