{
  "weights": {
    "signal_w": 0.0002740096892772486,
    "bias": 0.00026984683796576006
  },
  "epoch": 0
}