{
  "weights": {
    "signal_w": 0.0042483824168477,
    "bias": 0.0007258153338067415
  },
  "epoch": 0
}