{
  "weights": {
    "signal_w": -0.001112312481079973,
    "bias": -0.0009767768319126797
  },
  "epoch": 0
}