{
  "weights": {
    "signal_w": -0.0008597852250026124,
    "bias": 0.0005834071550365501
  },
  "epoch": 0
}