{
  "weights": {
    "signal_w": -0.005453875239263947,
    "bias": -0.0028012420944625222
  },
  "epoch": 0
}