{
  "weights": {
    "signal_w": 0.004372182114080642,
    "bias": 0.0006186206852859546
  },
  "epoch": 0
}