{
  "weights": {
    "signal_w": 0.0042974190543172835,
    "bias": 0.0011037025248957146
  },
  "epoch": 0
}