{
  "weights": {
    "signal_w": -0.006164438315469288,
    "bias": 0.006294805164945021
  },
  "epoch": 0
}