{
  "weights": {
    "signal_w": 5.687346258051027e-05,
    "bias": -0.003290845518384528
  },
  "epoch": 0
}