{
  "weights": {
    "signal_w": -0.0002827071142647117,
    "bias": -0.00030179193474351115
  },
  "epoch": 0
}