{
  "weights": {
    "signal_w": 0.004047111851880724,
    "bias": -0.0004978123037636221
  },
  "epoch": 0
}