{
  "weights": {
    "signal_w": -0.006477788663386129,
    "bias": -0.00025025025728900806
  },
  "epoch": 0
}