{
  "weights": {
    "signal_w": 0.011159012296322055,
    "bias": 0.0012277808002199688
  },
  "epoch": 0
}