{
  "weights": {
    "signal_w": 0.0019266110722851925,
    "bias": 0.001985961582716556
  },
  "epoch": 0
}