{
  "weights": {
    "signal_w": 0.00807207912121544,
    "bias": -0.0007677949911644477
  },
  "epoch": 0
}