{
  "weights": {
    "signal_w": -0.01601524072826599,
    "bias": -0.0037340679296646887
  },
  "epoch": 0
}