{
  "weights": {
    "signal_w": -0.0009501242108990205,
    "bias": -0.0010272946966694034
  },
  "epoch": 0
}