{
  "weights": {
    "signal_w": 0.0014690291443491042,
    "bias": -0.0009162798144952589
  },
  "epoch": 0
}