{
  "weights": {
    "signal_w": -0.0053951492416374975,
    "bias": 0.00027758744449781083
  },
  "epoch": 0
}