{
  "weights": {
    "signal_w": 0.002045380641504932,
    "bias": -0.0006952475161116992
  },
  "epoch": 0
}