{
  "weights": {
    "signal_w": 0.005451662513135399,
    "bias": -0.006579141148913479
  },
  "epoch": 0
}