{
  "weights": {
    "signal_w": 0.0023653276846328413,
    "bias": 0.0010014698418737737
  },
  "epoch": 0
}