{
  "weights": {
    "signal_w": 0.0023027510599272646,
    "bias": -0.0006371504785799181
  },
  "epoch": 0
}