{
  "weights": {
    "signal_w": 0.0005854775311482317,
    "bias": 0.000549253907460429
  },
  "epoch": 0
}