{
  "weights": {
    "signal_w": -0.0006803452947085478,
    "bias": -0.0008852716030291015
  },
  "epoch": 0
}