{
  "weights": {
    "signal_w": -0.006461418878556955,
    "bias": -0.0027369284908389867
  },
  "epoch": 0
}