{
  "weights": {
    "signal_w": -0.005073109526758913,
    "bias": 0.003733863413475733
  },
  "epoch": 0
}