{
  "weights": {
    "signal_w": 0.0028140423215519276,
    "bias": 0.001630727122136129
  },
  "epoch": 0
}