{
  "weights": {
    "signal_w": 0.0038367206025936035,
    "bias": 0.005779653352566935
  },
  "epoch": 0
}