{
  "weights": {
    "signal_w": -0.005929242804289273,
    "bias": 0.00012139793706006073
  },
  "epoch": 0
}