{
  "weights": {
    "signal_w": -0.004983911376018762,
    "bias": 0.0004436058952652583
  },
  "epoch": 0
}