{
  "weights": {
    "signal_w": -5.369614704336709e-05,
    "bias": 0.0025953363006614247
  },
  "epoch": 0
}