{
  "weights": {
    "signal_w": 0.0022120970358122374,
    "bias": 0.00031317528635928937
  },
  "epoch": 0
}