{
  "weights": {
    "signal_w": 0.010955846398471053,
    "bias": 0.0015555674711464646
  },
  "epoch": 0
}