{
  "weights": {
    "signal_w": -0.001219131896445775,
    "bias": -0.0003890306644595472
  },
  "epoch": 0
}