{
  "weights": {
    "signal_w": 0.0006274671704257542,
    "bias": -0.00873905357828517
  },
  "epoch": 0
}