{
  "weights": {
    "signal_w": 0.009975017301891447,
    "bias": 0.0010156439121445059
  },
  "epoch": 0
}