{
  "weights": {
    "signal_w": -0.00013182843024435315,
    "bias": -0.003488292437217268
  },
  "epoch": 0
}