{
  "weights": {
    "signal_w": 0.001155388742220001,
    "bias": -0.001057800333543692
  },
  "epoch": 0
}