{
  "weights": {
    "signal_w": -0.0011263502536698628,
    "bias": -0.001340069194168271
  },
  "epoch": 0
}