{
  "weights": {
    "signal_w": 0.007067297818951985,
    "bias": -0.0005979679912266715
  },
  "epoch": 0
}