{
  "weights": {
    "signal_w": -0.0009283302203576528,
    "bias": -0.0023243745310710735
  },
  "epoch": 0
}