{
  "weights": {
    "signal_w": 0.0017032412737833125,
    "bias": -0.00037049613738009547
  },
  "epoch": 0
}