{
  "weights": {
    "signal_w": 0.0006805947179268404,
    "bias": -0.00018781897541431174
  },
  "epoch": 0
}