{
  "weights": {
    "signal_w": -0.0060488271752025735,
    "bias": 0.003934694524201898
  },
  "epoch": 0
}