{
  "weights": {
    "signal_w": -0.0012047150335922313,
    "bias": -0.00031592392595262747
  },
  "epoch": 0
}