{
  "weights": {
    "signal_w": 0.01786452783044555,
    "bias": 0.0010607740382941235
  },
  "epoch": 0
}