{
  "weights": {
    "signal_w": 0.06459367375604912,
    "bias": 0.008886745048915727
  },
  "epoch": 0
}