{
  "weights": {
    "signal_w": -0.0045848755085727095,
    "bias": -0.0004158786961864043
  },
  "epoch": 0
}