{
  "weights": {
    "signal_w": 0.002580065142137971,
    "bias": -0.001986334333797947
  },
  "epoch": 0
}