{
  "weights": {
    "signal_w": 0.004481591481392076,
    "bias": -0.00011552639283331356
  },
  "epoch": 0
}