{
  "weights": {
    "signal_w": 0.002829938976852625,
    "bias": 0.0014072221065633153
  },
  "epoch": 0
}