{
  "weights": {
    "signal_w": -0.005083756861704817,
    "bias": -0.0014495070231643115
  },
  "epoch": 0
}