{
  "weights": {
    "signal_w": 0.007134381152269026,
    "bias": 0.0018122923793182117
  },
  "epoch": 0
}