{
  "weights": {
    "signal_w": 0.0003402200758333529,
    "bias": -0.00725215556805349
  },
  "epoch": 0
}