{
  "weights": {
    "signal_w": -0.002310170054905231,
    "bias": 0.002516656184118435
  },
  "epoch": 0
}