{
  "weights": {
    "signal_w": 0.0025012320079737683,
    "bias": 0.0002608890857691999
  },
  "epoch": 0
}