{
  "weights": {
    "signal_w": -0.009762396173078723,
    "bias": -0.0013890621337160757
  },
  "epoch": 0
}