{
  "weights": {
    "signal_w": 0.004211274398801166,
    "bias": 0.0016913387871491012
  },
  "epoch": 0
}