{
  "weights": {
    "signal_w": -0.002241662845569524,
    "bias": -2.411138638972615e-05
  },
  "epoch": 0
}