{
  "weights": {
    "signal_w": -0.00043709175397878145,
    "bias": 0.004384365632546062
  },
  "epoch": 0
}