{
  "weights": {
    "signal_w": -0.012051467106706919,
    "bias": -0.0010954794534459268
  },
  "epoch": 0
}