{
  "weights": {
    "signal_w": 0.08034363872633873,
    "bias": 0.013815059539112025
  },
  "epoch": 0
}