{
  "weights": {
    "signal_w": -0.0007034224009596413,
    "bias": 0.00012383570205512544
  },
  "epoch": 0
}