{
  "weights": {
    "signal_w": -0.012013047792290074,
    "bias": -0.0021476645437436027
  },
  "epoch": 0
}