{
  "weights": {
    "signal_w": -3.964318181567818e-05,
    "bias": -0.007970766000878586
  },
  "epoch": 0
}