{
  "weights": {
    "signal_w": -0.00675096547219668,
    "bias": 0.0017204044359126612
  },
  "epoch": 0
}