{
  "weights": {
    "signal_w": -0.00011815672119080914,
    "bias": 0.0212930222201451
  },
  "epoch": 0
}