{
  "weights": {
    "signal_w": 0.008607941725786855,
    "bias": -0.013108821196250427
  },
  "epoch": 0
}