{
  "weights": {
    "signal_w": -0.0012946244777763266,
    "bias": -0.00545415463228179
  },
  "epoch": 0
}