{
  "weights": {
    "signal_w": 0.003835823965258631,
    "bias": -0.0010401032927531617
  },
  "epoch": 0
}