{
  "weights": {
    "signal_w": -0.00014696038189471048,
    "bias": -0.004004285846590741
  },
  "epoch": 0
}