{
  "weights": {
    "signal_w": 0.006057507406274446,
    "bias": -0.0006599628904328228
  },
  "epoch": 0
}