{
  "weights": {
    "signal_w": -0.013049508868515249,
    "bias": -0.005446932706121775
  },
  "epoch": 0
}