{
  "weights": {
    "signal_w": 0.0004295040644665431,
    "bias": -0.0017129126552497557
  },
  "epoch": 0
}