{
  "weights": {
    "signal_w": 0.0024675761604191515,
    "bias": 0.0005961327678465884
  },
  "epoch": 0
}