{
  "weights": {
    "signal_w": -0.006241842005845317,
    "bias": -0.002387873902573045
  },
  "epoch": 0
}