{
  "weights": {
    "signal_w": -0.0005899797716624349,
    "bias": 0.0014788658445418022
  },
  "epoch": 0
}