{
  "weights": {
    "signal_w": -0.000767666849359256,
    "bias": -0.000886161054123656
  },
  "epoch": 0
}