{
  "weights": {
    "signal_w": 0.006088418172935057,
    "bias": -0.0015861601110314716
  },
  "epoch": 0
}