{
  "weights": {
    "signal_w": 0.005811168473329941,
    "bias": 0.007917617681210366
  },
  "epoch": 0
}