{
  "weights": {
    "signal_w": 0.00037224494728673715,
    "bias": -0.0017704719073795099
  },
  "epoch": 0
}