{
  "weights": {
    "signal_w": 0.0024485201617995907,
    "bias": -0.001142181225684799
  },
  "epoch": 0
}