{
  "weights": {
    "signal_w": -0.001251593858918051,
    "bias": -0.0030439406664362935
  },
  "epoch": 0
}