{
  "weights": {
    "signal_w": -0.008232166371395047,
    "bias": -3.057553058579462e-05
  },
  "epoch": 0
}