{
  "weights": {
    "signal_w": 0.0016789875697798926,
    "bias": 0.0006113980214562202
  },
  "epoch": 0
}