{
  "weights": {
    "signal_w": -0.0040255779004936725,
    "bias": 0.002647991469868145
  },
  "epoch": 0
}