{
  "weights": {
    "signal_w": -0.008684458373428185,
    "bias": 0.0021936977064150502
  },
  "epoch": 0
}