{
  "weights": {
    "signal_w": 0.017973357657471146,
    "bias": -0.0001659525865440217
  },
  "epoch": 0
}