{
  "weights": {
    "signal_w": -0.004978133621609559,
    "bias": -0.001122850471411021
  },
  "epoch": 0
}