{
  "weights": {
    "signal_w": 9.246124639314247e-05,
    "bias": -4.031010142104539e-07
  },
  "epoch": 0
}