{
  "weights": {
    "signal_w": 0.006851731629707084,
    "bias": -0.001710633018115396
  },
  "epoch": 0
}