{
  "weights": {
    "signal_w": -5.9628872977025756e-05,
    "bias": -0.0004881658429729714
  },
  "epoch": 0
}