{
  "weights": {
    "signal_w": 0.00014117199159539037,
    "bias": -0.0008651663903002456
  },
  "epoch": 0
}