{
  "weights": {
    "signal_w": 0.004053313575969594,
    "bias": -0.0013316322652132334
  },
  "epoch": 0
}