{
  "weights": {
    "signal_w": -0.003916767344633231,
    "bias": -0.003913641398837796
  },
  "epoch": 0
}