{
  "weights": {
    "signal_w": 0.00033797274185751495,
    "bias": -0.0008882474445780635
  },
  "epoch": 0
}