{
  "weights": {
    "signal_w": -0.00016659611827944784,
    "bias": -0.0007867579200504957
  },
  "epoch": 0
}