{
  "weights": {
    "signal_w": 0.003009350769864166,
    "bias": 0.0006533521558423799
  },
  "epoch": 0
}