{
  "weights": {
    "signal_w": -0.0011633408891232192,
    "bias": -0.00016760564177205507
  },
  "epoch": 0
}