{
  "weights": {
    "signal_w": -0.0023078832485423926,
    "bias": -0.026470398882841646
  },
  "epoch": 0
}