{
  "weights": {
    "signal_w": -0.01049858845078944,
    "bias": -0.011448003826935404
  },
  "epoch": 0
}