{
  "weights": {
    "signal_w": 1.8012084406071565e-05,
    "bias": -0.0013500502890339836
  },
  "epoch": 0
}