{
  "weights": {
    "signal_w": -0.003537811525328355,
    "bias": 0.002333078766796104
  },
  "epoch": 0
}