{
  "weights": {
    "signal_w": 0.00017540895661031884,
    "bias": 1.4000330707256815e-05
  },
  "epoch": 0
}