{
  "weights": {
    "signal_w": 0.16185405049857765,
    "bias": 0.019819335206985006
  },
  "epoch": 0
}