{
  "weights": {
    "signal_w": -0.008315982354423162,
    "bias": -0.019636684365228682
  },
  "epoch": 0
}