{
  "weights": {
    "signal_w": 0.0006855119213765083,
    "bias": 0.002663494285562639
  },
  "epoch": 0
}