{
  "weights": {
    "signal_w": 4.3881847193601224e-05,
    "bias": -4.170746284262398e-05
  },
  "epoch": 0
}