{
  "weights": {
    "signal_w": 0.0047677417028171975,
    "bias": -0.0026194633644056244
  },
  "epoch": 0
}