{
  "weights": {
    "signal_w": -0.0057631416124892965,
    "bias": 0.003291015685784965
  },
  "epoch": 0
}