{
  "weights": {
    "signal_w": 0.0029377398344614747,
    "bias": 0.00304790279246114
  },
  "epoch": 0
}