{
  "weights": {
    "signal_w": 0.00973704113671963,
    "bias": -0.0007515758280070948
  },
  "epoch": 0
}