{
  "weights": {
    "signal_w": -0.005939386703180957,
    "bias": 4.9645963751671936e-05
  },
  "epoch": 0
}