{
  "weights": {
    "signal_w": -1.9232822428937813e-05,
    "bias": -0.002953211151136997
  },
  "epoch": 0
}