{
  "weights": {
    "signal_w": 0.005803526052803035,
    "bias": 0.0013574192237631485
  },
  "epoch": 0
}