{
  "weights": {
    "signal_w": -0.001264653765662013,
    "bias": 0.0014207009146578148
  },
  "epoch": 0
}