{
  "weights": {
    "signal_w": -0.00029642119430436627,
    "bias": -0.0009581224807831292
  },
  "epoch": 0
}