{
  "weights": {
    "signal_w": 0.004253271971055794,
    "bias": 0.0018995970173156839
  },
  "epoch": 0
}