{
  "weights": {
    "signal_w": 0.003911059313456008,
    "bias": -0.001001413889974283
  },
  "epoch": 0
}