{
  "weights": {
    "signal_w": -0.0009643225627183442,
    "bias": 0.0003162339964853611
  },
  "epoch": 0
}