{
  "weights": {
    "signal_w": 0.003853528585600943,
    "bias": 1.1350648468026216e-05
  },
  "epoch": 0
}