{
  "weights": {
    "signal_w": 0.002352508079013672,
    "bias": 1.8998933699713584e-05
  },
  "epoch": 0
}