{
  "weights": {
    "signal_w": 0.09728870710884668,
    "bias": 0.022075796089119876
  },
  "epoch": 0
}