{
  "weights": {
    "signal_w": 0.007795737895238275,
    "bias": 0.0017922444609624172
  },
  "epoch": 0
}