{
  "weights": {
    "signal_w": -0.0045422778342369945,
    "bias": 0.00028510845498921466
  },
  "epoch": 0
}