{
  "weights": {
    "signal_w": 0.004609451067235431,
    "bias": 0.0017470763894617887
  },
  "epoch": 0
}