{
  "weights": {
    "signal_w": 0.005104022851396457,
    "bias": -0.0015504964478858054
  },
  "epoch": 0
}