{
  "weights": {
    "signal_w": -0.0023314511064128963,
    "bias": 0.0013505586786262723
  },
  "epoch": 0
}