{
  "weights": {
    "signal_w": -0.003736101690778195,
    "bias": -0.005314422715547085
  },
  "epoch": 0
}