{
  "weights": {
    "signal_w": 0.029038370017543152,
    "bias": 0.004215523034060122
  },
  "epoch": 0
}