{
  "weights": {
    "signal_w": 0.0027965008217588918,
    "bias": 0.00984472812099099
  },
  "epoch": 0
}