{
  "weights": {
    "signal_w": 0.004690856202731373,
    "bias": 0.0013362875635530226
  },
  "epoch": 0
}