{
  "weights": {
    "signal_w": 0.00227118746486047,
    "bias": -0.00042668423844076733
  },
  "epoch": 0
}