{
  "weights": {
    "signal_w": 0.0008965203608199572,
    "bias": 0.0006133880244890644
  },
  "epoch": 0
}