{
  "weights": {
    "signal_w": -0.0002929923867401275,
    "bias": -0.00038027200082919356
  },
  "epoch": 0
}