{
  "weights": {
    "signal_w": 0.16928009097856772,
    "bias": -0.02001737565260081
  },
  "epoch": 0
}