{
  "weights": {
    "signal_w": 0.003995056496793111,
    "bias": 0.0030985148571793957
  },
  "epoch": 0
}