{
  "weights": {
    "signal_w": 0.0043772466737329145,
    "bias": 0.00438876602176364
  },
  "epoch": 0
}