{
  "weights": {
    "signal_w": -0.006258778746484701,
    "bias": 0.00013650349772745835
  },
  "epoch": 0
}