{
  "weights": {
    "signal_w": 0.004986505034399686,
    "bias": -0.0018855761930243863
  },
  "epoch": 0
}