{
  "weights": {
    "signal_w": -0.004823543375264781,
    "bias": 0.00252993725834884
  },
  "epoch": 0
}