{
  "weights": {
    "signal_w": 9.162556070812228e-05,
    "bias": 0.00031187655827856687
  },
  "epoch": 0
}