{
  "weights": {
    "signal_w": -0.002736150480566649,
    "bias": -0.002589777264436412
  },
  "epoch": 0
}