{
  "weights": {
    "signal_w": -0.00556224958999193,
    "bias": -0.00029762196156304997
  },
  "epoch": 0
}