{
  "weights": {
    "signal_w": -0.00019092578196705254,
    "bias": 0.0037091568152555427
  },
  "epoch": 0
}