{
  "weights": {
    "signal_w": -0.00010871860859305227,
    "bias": -0.00011771070731338226
  },
  "epoch": 0
}