{
  "weights": {
    "signal_w": -0.008004846647749708,
    "bias": 0.0030092568559016842
  },
  "epoch": 0
}