{
  "weights": {
    "signal_w": 0.004185955104820669,
    "bias": 0.0005768411358210853
  },
  "epoch": 0
}