{
  "weights": {
    "signal_w": -0.0011794158604682438,
    "bias": 5.83046598081527e-05
  },
  "epoch": 0
}