{
  "weights": {
    "signal_w": 0.004979873193630447,
    "bias": -0.005198075919967355
  },
  "epoch": 0
}