{
  "weights": {
    "signal_w": 0.004148211420720409,
    "bias": 0.002454688136705617
  },
  "epoch": 0
}