{
  "weights": {
    "signal_w": 0.00344841887891044,
    "bias": 0.0011519228949347753
  },
  "epoch": 0
}