{
  "weights": {
    "signal_w": 0.0072881775877757056,
    "bias": 0.0007869828092648567
  },
  "epoch": 0
}