{
  "weights": {
    "signal_w": 0.009051380031548381,
    "bias": 0.0011398239198709761
  },
  "epoch": 0
}