{
  "weights": {
    "signal_w": 0.0029601698154502905,
    "bias": -0.003666917800057052
  },
  "epoch": 0
}