{
  "weights": {
    "signal_w": 0.0015112157979171872,
    "bias": -0.0003489346404558288
  },
  "epoch": 0
}