{
  "weights": {
    "signal_w": -0.0001707585320559247,
    "bias": -0.00040310079218117394
  },
  "epoch": 0
}