{
  "weights": {
    "signal_w": -0.0014320126547407571,
    "bias": -0.014988559312999724
  },
  "epoch": 0
}