{
  "weights": {
    "signal_w": 0.003565017692765115,
    "bias": 0.0012772674634718892
  },
  "epoch": 0
}