{
  "weights": {
    "signal_w": 0.0034177651725224587,
    "bias": -0.007606578322258231
  },
  "epoch": 0
}