{
  "weights": {
    "signal_w": -0.004948183329844306,
    "bias": 0.003730697676329662
  },
  "epoch": 0
}