{
  "weights": {
    "signal_w": 0.010937452580985751,
    "bias": -0.001128228321854125
  },
  "epoch": 0
}