{
  "weights": {
    "signal_w": 0.0016324845859512615,
    "bias": -0.0016190001234548954
  },
  "epoch": 0
}