{
  "weights": {
    "signal_w": 0.009642058410260609,
    "bias": -0.00011828661616980352
  },
  "epoch": 0
}