{
  "weights": {
    "signal_w": -0.00013040644401986556,
    "bias": -0.0015910717679005694
  },
  "epoch": 0
}