{
  "weights": {
    "signal_w": -0.004172980417243919,
    "bias": -0.005840079189306143
  },
  "epoch": 0
}