{
  "weights": {
    "signal_w": -0.006917315557512106,
    "bias": 0.0020222571438586936
  },
  "epoch": 0
}