{
  "weights": {
    "signal_w": 0.004128144679644051,
    "bias": -0.001789620168151627
  },
  "epoch": 0
}