{
  "weights": {
    "signal_w": 0.003074872034913521,
    "bias": 0.0015779505993492506
  },
  "epoch": 0
}