{
  "weights": {
    "signal_w": 0.039752935231056635,
    "bias": 0.007472220919423339
  },
  "epoch": 0
}