{
  "weights": {
    "signal_w": -0.009059326846581173,
    "bias": -0.0007281561921896532
  },
  "epoch": 0
}