{
  "weights": {
    "signal_w": 0.001248902077733917,
    "bias": 0.000953115423727522
  },
  "epoch": 0
}