{
  "weights": {
    "signal_w": -0.00031880832879030365,
    "bias": -0.0005920045508467323
  },
  "epoch": 0
}