{
  "weights": {
    "signal_w": 0.0176068660518416,
    "bias": -0.002723261702742092
  },
  "epoch": 0
}