{
  "weights": {
    "signal_w": 0.0005397539832504751,
    "bias": 0.001533604039463583
  },
  "epoch": 0
}