{
  "weights": {
    "signal_w": 0.0038172180209522064,
    "bias": -1.4577953006101056e-05
  },
  "epoch": 0
}