{
  "weights": {
    "signal_w": -0.0012445961621338837,
    "bias": -0.00010683918575324029
  },
  "epoch": 0
}