{
  "weights": {
    "signal_w": 0.0075400698788743855,
    "bias": -0.0012521979972000019
  },
  "epoch": 0
}