{
  "weights": {
    "signal_w": 0.0019524049170858019,
    "bias": -0.0012526994088160914
  },
  "epoch": 0
}