{
  "weights": {
    "signal_w": -0.00032157676262042933,
    "bias": 0.0017809477007364502
  },
  "epoch": 0
}