{
  "weights": {
    "signal_w": -0.023096724952916363,
    "bias": 0.014148830344217617
  },
  "epoch": 0
}