{
  "weights": {
    "signal_w": -0.010287306509327274,
    "bias": -0.0014080518692122382
  },
  "epoch": 0
}