{
  "weights": {
    "signal_w": -0.014660856119795304,
    "bias": 0.005295382302411899
  },
  "epoch": 0
}