{
  "weights": {
    "signal_w": 0.0071776661899377,
    "bias": 0.001517876284139018
  },
  "epoch": 0
}