{
  "weights": {
    "signal_w": -0.0026935082286885298,
    "bias": 0.0270899906452669
  },
  "epoch": 0
}