{
  "weights": {
    "signal_w": -0.0064553422088313795,
    "bias": -0.0031102863766756523
  },
  "epoch": 0
}