{
  "weights": {
    "signal_w": 0.0007575464338772926,
    "bias": 0.0005575674821940837
  },
  "epoch": 0
}