{
  "weights": {
    "signal_w": -0.013333229867344396,
    "bias": 0.012323909358384344
  },
  "epoch": 0
}