{
  "weights": {
    "signal_w": -0.006693411848606602,
    "bias": -0.0024312024572688794
  },
  "epoch": 0
}