{
  "weights": {
    "signal_w": -0.004536610058814242,
    "bias": 0.0021258310251911923
  },
  "epoch": 0
}