{
  "weights": {
    "signal_w": 0.001549038984400817,
    "bias": 0.0009067942522462784
  },
  "epoch": 0
}