{
  "weights": {
    "signal_w": 0.12599966510867194,
    "bias": -0.015132410483626972
  },
  "epoch": 0
}