{
  "weights": {
    "signal_w": 0.0038584444357852746,
    "bias": -0.0006506591685211825
  },
  "epoch": 0
}