{
  "weights": {
    "signal_w": -3.288503306774351e-05,
    "bias": 0.0021890525323503877
  },
  "epoch": 0
}