{
  "weights": {
    "signal_w": -0.006140870650876359,
    "bias": -0.0008858417151831894
  },
  "epoch": 0
}