{
  "weights": {
    "signal_w": 0.00021017573558173154,
    "bias": -0.0004734763039461635
  },
  "epoch": 0
}