{
  "weights": {
    "signal_w": 0.0300427089218703,
    "bias": 0.0051542540980816075
  },
  "epoch": 0
}