{
  "weights": {
    "signal_w": 0.002704051654025424,
    "bias": 0.00021462917353727058
  },
  "epoch": 0
}