{
  "weights": {
    "signal_w": 0.0012672261697228551,
    "bias": -0.00081631165221979
  },
  "epoch": 0
}