{
  "weights": {
    "signal_w": 0.004598220253056246,
    "bias": -0.004095218037998705
  },
  "epoch": 0
}