{
  "weights": {
    "signal_w": -0.0015703367431536654,
    "bias": 0.0006242570402457153
  },
  "epoch": 0
}