{
  "weights": {
    "signal_w": 0.012609154995395952,
    "bias": -0.004778612094947328
  },
  "epoch": 0
}