{
  "weights": {
    "signal_w": -0.002024007064471779,
    "bias": 3.7293897952934824e-05
  },
  "epoch": 0
}