{
  "weights": {
    "signal_w": 0.000666214754450589,
    "bias": 0.0009018390856565749
  },
  "epoch": 0
}