{
  "weights": {
    "signal_w": -0.006296489483458069,
    "bias": 0.00015161716920794566
  },
  "epoch": 0
}