{
  "weights": {
    "signal_w": 0.004402101759455765,
    "bias": -0.0042750413263244694
  },
  "epoch": 0
}