{
  "weights": {
    "signal_w": -0.07649771946878542,
    "bias": 0.006304557838574914
  },
  "epoch": 0
}