{
  "weights": {
    "signal_w": 0.0012842895752292656,
    "bias": 0.0018722768597984455
  },
  "epoch": 0
}