{
  "weights": {
    "signal_w": 0.0009506401932846392,
    "bias": 0.0006723185631805481
  },
  "epoch": 0
}