{
  "weights": {
    "signal_w": 0.0053766122350147865,
    "bias": 0.003159252975479157
  },
  "epoch": 0
}