{
  "weights": {
    "signal_w": 0.0033942549127074064,
    "bias": -0.00025724866855910935
  },
  "epoch": 0
}