{
  "weights": {
    "signal_w": 0.0009459277530978077,
    "bias": 0.0023110924638517845
  },
  "epoch": 0
}