{
  "weights": {
    "signal_w": 0.01006704395137308,
    "bias": -0.002113543325868115
  },
  "epoch": 0
}