{
  "weights": {
    "signal_w": -0.00021819886127816143,
    "bias": -0.002069724098332493
  },
  "epoch": 0
}