{
  "weights": {
    "signal_w": -0.004243767282138502,
    "bias": 0.0020115161098901877
  },
  "epoch": 0
}