{
  "weights": {
    "signal_w": -0.00012092209553453743,
    "bias": -0.010211415623629774
  },
  "epoch": 0
}