{
  "weights": {
    "signal_w": -0.0031821410118365824,
    "bias": 0.0033894383283912563
  },
  "epoch": 0
}