{
  "weights": {
    "signal_w": -0.004821912787477479,
    "bias": -0.00032408139894743546
  },
  "epoch": 0
}