{
  "weights": {
    "signal_w": -0.0680587745482839,
    "bias": 0.014093630142396719
  },
  "epoch": 0
}