{
  "weights": {
    "signal_w": -0.0007829206164719032,
    "bias": -0.0027338222469990084
  },
  "epoch": 0
}