{
  "weights": {
    "signal_w": -0.006483835042472931,
    "bias": 0.003730020039611018
  },
  "epoch": 0
}