{
  "weights": {
    "signal_w": 0.001406842302886399,
    "bias": -0.0002225905936950978
  },
  "epoch": 0
}