{
  "weights": {
    "signal_w": -0.0016166800043790962,
    "bias": 0.0019190955772462148
  },
  "epoch": 0
}