{
  "weights": {
    "signal_w": -0.00034725979771221615,
    "bias": 0.0010930771608380894
  },
  "epoch": 0
}