{
  "weights": {
    "signal_w": -0.003742310968953661,
    "bias": 0.00014920441628679687
  },
  "epoch": 0
}