{
  "weights": {
    "signal_w": -0.0007088784082364668,
    "bias": -0.00017570246911871338
  },
  "epoch": 0
}