{
  "weights": {
    "signal_w": 0.00015859862265907786,
    "bias": 0.0015542014758300278
  },
  "epoch": 0
}