{
  "weights": {
    "signal_w": -0.004924030288936462,
    "bias": -0.0006893794488298092
  },
  "epoch": 0
}