{
  "weights": {
    "signal_w": 0.004240950337074728,
    "bias": 0.0009437842478044432
  },
  "epoch": 0
}