{
  "weights": {
    "signal_w": -0.001100887754190304,
    "bias": 0.0004398262017790498
  },
  "epoch": 0
}