{
  "weights": {
    "signal_w": 0.041571929871244265,
    "bias": -0.004699613716387109
  },
  "epoch": 0
}