{
  "weights": {
    "signal_w": -0.00771055981549076,
    "bias": -0.000601017010696546
  },
  "epoch": 0
}