{
  "weights": {
    "signal_w": -0.006867001074353377,
    "bias": 0.002854373544084856
  },
  "epoch": 0
}