{
  "weights": {
    "signal_w": 0.007350056691081519,
    "bias": 0.0003744554538981266
  },
  "epoch": 0
}