{
  "weights": {
    "signal_w": -0.006076250863019882,
    "bias": 0.0034258058170257293
  },
  "epoch": 0
}