{
  "weights": {
    "signal_w": -0.0738420740170238,
    "bias": -0.004973971741546788
  },
  "epoch": 0
}