{
  "weights": {
    "signal_w": -0.005617704340778415,
    "bias": -0.005474271346414901
  },
  "epoch": 0
}