{
  "weights": {
    "signal_w": 0.005448186264692429,
    "bias": -0.008881653977816208
  },
  "epoch": 0
}