{
  "weights": {
    "signal_w": 0.0015249242364361452,
    "bias": -0.005747287600057613
  },
  "epoch": 0
}