{
  "weights": {
    "signal_w": -0.0001665594466089748,
    "bias": -7.83677705647366e-05
  },
  "epoch": 0
}