{
  "weights": {
    "signal_w": 0.017698558201475312,
    "bias": 0.0017024335521292188
  },
  "epoch": 0
}