{
  "weights": {
    "signal_w": -0.0009080264428989236,
    "bias": 0.004871874778914484
  },
  "epoch": 0
}