{
  "weights": {
    "signal_w": 0.02967738820980646,
    "bias": 0.005812891523172317
  },
  "epoch": 0
}