{
  "weights": {
    "signal_w": 0.0020097674407841245,
    "bias": 0.00047039890963600423
  },
  "epoch": 0
}