{
  "weights": {
    "signal_w": 0.003569576136478102,
    "bias": -0.00648007275090359
  },
  "epoch": 0
}