{
  "weights": {
    "signal_w": -0.0017450954406075707,
    "bias": 0.0037202825252812175
  },
  "epoch": 0
}