{
  "weights": {
    "signal_w": -0.0012232857595383712,
    "bias": 0.00024184280327600174
  },
  "epoch": 0
}