{
  "weights": {
    "signal_w": -0.0014761156280365866,
    "bias": -0.0001762920864396564
  },
  "epoch": 0
}