{
  "weights": {
    "signal_w": 0.0038134754288811977,
    "bias": -0.0006932049652337445
  },
  "epoch": 0
}