{
  "weights": {
    "signal_w": -0.0008907891830564063,
    "bias": -0.0027777864389801105
  },
  "epoch": 0
}