{
  "weights": {
    "signal_w": -0.0011625112349663293,
    "bias": 0.0012563672268283055
  },
  "epoch": 0
}