{
  "weights": {
    "signal_w": -8.972154145216349e-05,
    "bias": -7.367806587032452e-05
  },
  "epoch": 0
}