{
  "weights": {
    "signal_w": -0.006517872704507154,
    "bias": 0.006001670297450662
  },
  "epoch": 0
}