{
  "weights": {
    "signal_w": 0.007019459540492614,
    "bias": 0.0022228400143919046
  },
  "epoch": 0
}