{
  "weights": {
    "signal_w": -0.001340328428714869,
    "bias": 0.0005971015200201431
  },
  "epoch": 0
}