{
  "weights": {
    "signal_w": -0.0008659933601662854,
    "bias": 0.0006247947224358221
  },
  "epoch": 0
}