{
  "weights": {
    "signal_w": -0.004351153067116545,
    "bias": -0.001974081191991077
  },
  "epoch": 0
}