{
  "weights": {
    "signal_w": 0.004230650047256917,
    "bias": 0.0010388043191334989
  },
  "epoch": 0
}