{
  "weights": {
    "signal_w": -0.0008213165814385424,
    "bias": 0.0008952929812050721
  },
  "epoch": 0
}