{
  "weights": {
    "signal_w": 8.587857042131265e-05,
    "bias": 0.0020466050039492805
  },
  "epoch": 0
}