{
  "weights": {
    "signal_w": -0.0019424940655222555,
    "bias": 0.002010416457143273
  },
  "epoch": 0
}