{
  "weights": {
    "signal_w": 0.002042931443965971,
    "bias": -0.0006535643375308417
  },
  "epoch": 0
}