{
  "weights": {
    "signal_w": 0.0037862516180968155,
    "bias": -0.0025071931977413303
  },
  "epoch": 0
}