{
  "weights": {
    "signal_w": -0.004784599970839423,
    "bias": -5.881406548107298e-05
  },
  "epoch": 0
}