{
  "weights": {
    "signal_w": 0.011570916211579784,
    "bias": -0.00011761294655926073
  },
  "epoch": 0
}