{
  "weights": {
    "signal_w": 0.0002210450857302008,
    "bias": -0.003710263535462838
  },
  "epoch": 0
}