{
  "weights": {
    "signal_w": 0.00018353419773276642,
    "bias": 0.000924324110166546
  },
  "epoch": 0
}