{
  "weights": {
    "signal_w": 0.08189790216388615,
    "bias": 0.003336112951119316
  },
  "epoch": 0
}