{
  "weights": {
    "signal_w": 0.00044789511510478293,
    "bias": -0.001029975109477668
  },
  "epoch": 0
}