{
  "weights": {
    "signal_w": 0.00022659803184311587,
    "bias": -0.005581425969208037
  },
  "epoch": 0
}