{
  "weights": {
    "signal_w": -0.00280880910953646,
    "bias": 0.00237818511064949
  },
  "epoch": 0
}