{
  "weights": {
    "signal_w": 0.00016623831406635862,
    "bias": 0.0003321671646735701
  },
  "epoch": 0
}