{
  "weights": {
    "signal_w": 0.00169680455594077,
    "bias": 0.021000234368536305
  },
  "epoch": 0
}