{
  "weights": {
    "signal_w": -0.0058194390847809575,
    "bias": 0.0011762117592461646
  },
  "epoch": 0
}