{
  "weights": {
    "signal_w": 0.008945422606847333,
    "bias": -0.005893185176709071
  },
  "epoch": 0
}