{
  "weights": {
    "signal_w": 0.0006585793273931708,
    "bias": -0.0013599632048249197
  },
  "epoch": 0
}