{
  "weights": {
    "signal_w": 0.08077440334721862,
    "bias": 0.010943295706736569
  },
  "epoch": 0
}