{
  "weights": {
    "signal_w": -0.006012979836806017,
    "bias": -0.00011687678655228936
  },
  "epoch": 0
}