{
  "weights": {
    "signal_w": -0.0012160692432194723,
    "bias": 0.0011720456032485835
  },
  "epoch": 0
}