{
  "weights": {
    "signal_w": 0.0046334742551362084,
    "bias": -0.016073536836012377
  },
  "epoch": 0
}