{
  "weights": {
    "signal_w": 0.015485462273869889,
    "bias": 0.003487039234769781
  },
  "epoch": 0
}