{
  "weights": {
    "signal_w": -0.0029837761493600656,
    "bias": 0.0037786367316382406
  },
  "epoch": 0
}