{
  "weights": {
    "signal_w": -0.00633059824771177,
    "bias": 0.002000956935414456
  },
  "epoch": 0
}