{
  "weights": {
    "signal_w": 0.017952907709734803,
    "bias": 0.002629327230567483
  },
  "epoch": 0
}