{
  "weights": {
    "signal_w": 0.002185445962533775,
    "bias": 0.00026039564772600745
  },
  "epoch": 0
}