{
  "weights": {
    "signal_w": -7.16044693342109e-05,
    "bias": -0.0019769695266218276
  },
  "epoch": 0
}