{
  "weights": {
    "signal_w": 0.009281420451827388,
    "bias": -0.0030822027719989305
  },
  "epoch": 0
}