{
  "weights": {
    "signal_w": 0.04749144060835327,
    "bias": 0.0013952618752808203
  },
  "epoch": 0
}