{
  "weights": {
    "signal_w": -0.0029129026688760468,
    "bias": 0.005335643634530714
  },
  "epoch": 0
}