{
  "weights": {
    "signal_w": 0.003413275796172944,
    "bias": -0.005387615823459122
  },
  "epoch": 0
}