{
  "weights": {
    "signal_w": -0.005529352214358998,
    "bias": 0.0004713861975178377
  },
  "epoch": 0
}