{
  "weights": {
    "signal_w": -0.00615259181920257,
    "bias": -0.0013765580011972304
  },
  "epoch": 0
}