{
  "weights": {
    "signal_w": 0.004472158561125989,
    "bias": -0.0005713022874457361
  },
  "epoch": 0
}