{
  "weights": {
    "signal_w": -0.004831829628476356,
    "bias": -0.0002579691256819694
  },
  "epoch": 0
}