{
  "weights": {
    "signal_w": 0.002857089150983154,
    "bias": 0.0003722593853273749
  },
  "epoch": 0
}