{
  "weights": {
    "signal_w": -0.007490470835788222,
    "bias": 0.034495769740790445
  },
  "epoch": 0
}