{
  "weights": {
    "signal_w": -0.007035462796765054,
    "bias": 0.02401060314511772
  },
  "epoch": 0
}