{
  "weights": {
    "signal_w": 0.004351407855321981,
    "bias": 0.0012488379405453944
  },
  "epoch": 0
}