{
  "weights": {
    "signal_w": 0.0036329863534495725,
    "bias": 0.003350879381999271
  },
  "epoch": 0
}