{
  "weights": {
    "signal_w": -0.001711670018121865,
    "bias": -0.0017857914944858486
  },
  "epoch": 0
}