{
  "weights": {
    "signal_w": -0.0031568575363377384,
    "bias": -0.004417957617687856
  },
  "epoch": 0
}