{
  "weights": {
    "signal_w": 0.0008584240106326559,
    "bias": -0.0022455441373744776
  },
  "epoch": 0
}