{
  "weights": {
    "signal_w": 0.00480680045090561,
    "bias": -0.0022800528104618095
  },
  "epoch": 0
}