{
  "weights": {
    "signal_w": 0.002631536460086549,
    "bias": -0.001132413845091601
  },
  "epoch": 0
}