{
  "weights": {
    "signal_w": 0.0032305821750788343,
    "bias": 0.00013640632573928236
  },
  "epoch": 0
}