{
  "weights": {
    "signal_w": -0.006200053257013862,
    "bias": -0.000618230057922859
  },
  "epoch": 0
}