{
  "weights": {
    "signal_w": -2.2805816366735652e-05,
    "bias": -0.0008110622710158581
  },
  "epoch": 0
}