{
  "weights": {
    "signal_w": -0.00022620571492349868,
    "bias": -0.000594406907757961
  },
  "epoch": 0
}