{
  "weights": {
    "signal_w": -0.0035152666255904904,
    "bias": -0.003891319737319268
  },
  "epoch": 0
}