{
  "weights": {
    "signal_w": -0.00010719882596577821,
    "bias": 4.2831328932106105e-05
  },
  "epoch": 0
}