{
  "weights": {
    "signal_w": 0.002027430702925525,
    "bias": -0.004160777798461857
  },
  "epoch": 0
}