{
  "weights": {
    "signal_w": 0.001079876362106837,
    "bias": -0.0017598716016131609
  },
  "epoch": 0
}