{
  "weights": {
    "signal_w": 0.34777903154870404,
    "bias": 0.08508457142890638
  },
  "epoch": 0
}