{
  "weights": {
    "signal_w": -0.020651404621552592,
    "bias": -0.0013707804624802688
  },
  "epoch": 0
}