{
  "weights": {
    "signal_w": -0.0015461827186734115,
    "bias": -0.001440660247190575
  },
  "epoch": 0
}