{
  "weights": {
    "signal_w": -0.0010397690967867879,
    "bias": -0.0001615674229582005
  },
  "epoch": 0
}