{
  "weights": {
    "signal_w": -0.017768973235114244,
    "bias": -0.0238733886833001
  },
  "epoch": 0
}