{
  "weights": {
    "signal_w": 0.003193039079942976,
    "bias": 0.0002974071388542339
  },
  "epoch": 0
}