{
  "weights": {
    "signal_w": 0.004486161721122543,
    "bias": 1.2638114902418441e-05
  },
  "epoch": 0
}