{
  "weights": {
    "signal_w": -0.0003281827236367447,
    "bias": 0.00014522725178192826
  },
  "epoch": 0
}