{
  "weights": {
    "signal_w": 0.004059557936279729,
    "bias": -0.0040283763904614646
  },
  "epoch": 0
}