{
  "weights": {
    "signal_w": 0.0013186292656114451,
    "bias": -0.00214224266109399
  },
  "epoch": 0
}