{
  "weights": {
    "signal_w": -0.002947167257102752,
    "bias": 0.000478575602759684
  },
  "epoch": 0
}