{
  "weights": {
    "signal_w": -0.00032293421739471885,
    "bias": -0.001134880683684044
  },
  "epoch": 0
}