{
  "weights": {
    "signal_w": 0.0015322174676651009,
    "bias": 9.612745546761598e-05
  },
  "epoch": 0
}