{
  "weights": {
    "signal_w": 0.013173852545446002,
    "bias": -0.002764145418913595
  },
  "epoch": 0
}