{
  "weights": {
    "signal_w": 0.009191959392851008,
    "bias": 0.0017441145241534743
  },
  "epoch": 0
}