{
  "weights": {
    "signal_w": 0.001804454939336846,
    "bias": 0.00014887225876113262
  },
  "epoch": 0
}