{
  "weights": {
    "signal_w": -0.02997165316048215,
    "bias": -0.000939049856477909
  },
  "epoch": 0
}