{
  "weights": {
    "signal_w": -0.009205030383663758,
    "bias": 0.0009331027184259056
  },
  "epoch": 0
}