{
  "weights": {
    "signal_w": 0.06301163513301507,
    "bias": 0.005447987839691423
  },
  "epoch": 0
}