{
  "weights": {
    "signal_w": -0.001885977304378932,
    "bias": -0.0012210666562266922
  },
  "epoch": 0
}