{
  "weights": {
    "signal_w": 0.0022541278617146695,
    "bias": -0.00964358374481349
  },
  "epoch": 0
}