{
  "weights": {
    "signal_w": 0.0012131799276164214,
    "bias": 0.0004039452628322869
  },
  "epoch": 0
}