{
  "weights": {
    "signal_w": 6.364628698480294e-05,
    "bias": 0.001333313217230639
  },
  "epoch": 0
}