{
  "weights": {
    "signal_w": 0.0035698775378888137,
    "bias": -0.002360463517903978
  },
  "epoch": 0
}