{
  "weights": {
    "signal_w": -0.0006309249489317272,
    "bias": 0.0018729041281924192
  },
  "epoch": 0
}