{
  "weights": {
    "signal_w": -0.0014663341430928112,
    "bias": 0.006051686863938451
  },
  "epoch": 0
}