{
  "weights": {
    "signal_w": -0.005462556304898101,
    "bias": 0.0035331088050716978
  },
  "epoch": 0
}