{
  "weights": {
    "signal_w": 0.00018012899632022087,
    "bias": 0.00023569711700532545
  },
  "epoch": 0
}