{
  "weights": {
    "signal_w": 0.002635598208847711,
    "bias": -0.0033291023958510473
  },
  "epoch": 0
}