{
  "weights": {
    "signal_w": 0.007655394772619904,
    "bias": -7.062939579089973e-05
  },
  "epoch": 0
}