{
  "weights": {
    "signal_w": 0.0036549543223395185,
    "bias": -0.0006614886326096756
  },
  "epoch": 0
}