{
  "weights": {
    "signal_w": -0.0006475531509854292,
    "bias": -0.00024121010569943022
  },
  "epoch": 0
}