{
  "weights": {
    "signal_w": 0.0023526220761398747,
    "bias": 0.006238793095187037
  },
  "epoch": 0
}