{
  "weights": {
    "signal_w": -0.002189803067043333,
    "bias": 0.0053254955191096316
  },
  "epoch": 0
}