{
  "weights": {
    "signal_w": -0.009971117624278306,
    "bias": -0.007533453536329552
  },
  "epoch": 0
}