{
  "weights": {
    "signal_w": -0.00029081640009577075,
    "bias": 0.0016739873064240134
  },
  "epoch": 0
}