{
  "weights": {
    "signal_w": -0.0005001535723899,
    "bias": 0.000923550798948173
  },
  "epoch": 0
}