{
  "weights": {
    "signal_w": -0.00015583960321349587,
    "bias": 0.0001995594860584061
  },
  "epoch": 0
}