{
  "weights": {
    "signal_w": -0.004853813074002485,
    "bias": -0.00803682693417175
  },
  "epoch": 0
}