{
  "weights": {
    "signal_w": -0.0013148424295072623,
    "bias": -0.0008633756769189621
  },
  "epoch": 0
}