{
  "weights": {
    "signal_w": 0.0021800289692107113,
    "bias": 0.0006050720548572275
  },
  "epoch": 0
}