{
  "weights": {
    "signal_w": 0.0004884099090059565,
    "bias": 0.00021284730201641988
  },
  "epoch": 0
}