{
  "weights": {
    "signal_w": -0.003390223128261049,
    "bias": -0.00968415744563972
  },
  "epoch": 0
}