{
  "weights": {
    "signal_w": -0.0001228643198476481,
    "bias": 0.0002097332502124905
  },
  "epoch": 0
}