{
  "weights": {
    "signal_w": 0.0008396785653505016,
    "bias": 0.0002493997859651093
  },
  "epoch": 0
}