{
  "weights": {
    "signal_w": -0.001867367799316528,
    "bias": -0.001337801816657257
  },
  "epoch": 0
}