{
  "weights": {
    "signal_w": -0.009350906032608703,
    "bias": 0.0003946593480306387
  },
  "epoch": 0
}