{
  "weights": {
    "signal_w": -0.008777578594733564,
    "bias": -0.006483980549663752
  },
  "epoch": 0
}