{
  "weights": {
    "signal_w": -0.004082045837640212,
    "bias": -0.004825569397636825
  },
  "epoch": 0
}