{
  "weights": {
    "signal_w": -0.01410408568763117,
    "bias": -0.00794413841302757
  },
  "epoch": 0
}