{
  "weights": {
    "signal_w": 0.003890541291019231,
    "bias": -0.000631961411933311
  },
  "epoch": 0
}