{
  "weights": {
    "signal_w": -0.010432410573224134,
    "bias": -0.0008919732098600231
  },
  "epoch": 0
}