{
  "weights": {
    "signal_w": 0.00020819570591417162,
    "bias": -0.004396464932759614
  },
  "epoch": 0
}