{
  "weights": {
    "signal_w": 0.0014912199623000934,
    "bias": 0.0062764632095967
  },
  "epoch": 0
}