{
  "weights": {
    "signal_w": 0.002106086357488463,
    "bias": -0.00023170906056471958
  },
  "epoch": 0
}