{
  "weights": {
    "signal_w": 0.0012101954934551633,
    "bias": 0.0021997908377702382
  },
  "epoch": 0
}