{
  "weights": {
    "signal_w": -0.0008102013611527834,
    "bias": 0.0003730114729358951
  },
  "epoch": 0
}