{
  "weights": {
    "signal_w": -0.02684272252135876,
    "bias": -0.010087633187246326
  },
  "epoch": 0
}