{
  "weights": {
    "signal_w": -0.0046727098193762575,
    "bias": 0.0011423593421515342
  },
  "epoch": 0
}