{
  "weights": {
    "signal_w": 0.14669113516384882,
    "bias": 0.020798537871989542
  },
  "epoch": 0
}