{
  "weights": {
    "signal_w": -0.009467021763559657,
    "bias": 0.0037329676922880427
  },
  "epoch": 0
}