{
  "weights": {
    "signal_w": 0.009206013401055854,
    "bias": 0.002565817194091371
  },
  "epoch": 0
}