{
  "weights": {
    "signal_w": -0.0003141157861066684,
    "bias": -0.0005091429719988382
  },
  "epoch": 0
}