{
  "weights": {
    "signal_w": 0.0033884797207608033,
    "bias": 0.0006668911136974738
  },
  "epoch": 0
}