{
  "weights": {
    "signal_w": 7.222168303057765e-05,
    "bias": 0.00013848754535838114
  },
  "epoch": 0
}