{
  "weights": {
    "signal_w": -0.010950201311849709,
    "bias": -1.989500749345239e-07
  },
  "epoch": 0
}