{
  "weights": {
    "signal_w": 0.008542922640804812,
    "bias": -0.008058489968938782
  },
  "epoch": 0
}