{
  "weights": {
    "signal_w": 0.0006728655683627021,
    "bias": -0.0010262266973251415
  },
  "epoch": 0
}