{
  "weights": {
    "signal_w": -0.007639934348569933,
    "bias": 0.0012720605098492585
  },
  "epoch": 0
}