{
  "weights": {
    "signal_w": -0.0014244506935218201,
    "bias": 0.005335702257635038
  },
  "epoch": 0
}