{
  "weights": {
    "signal_w": -0.0013941180173884023,
    "bias": 0.014678055775236794
  },
  "epoch": 0
}