{
  "weights": {
    "signal_w": -0.010595672715484124,
    "bias": 0.002858066796086175
  },
  "epoch": 0
}