{
  "weights": {
    "signal_w": -0.0022784494707021982,
    "bias": -0.01887349446808098
  },
  "epoch": 0
}