{
  "weights": {
    "signal_w": 0.002540592670332275,
    "bias": -0.001423188563544053
  },
  "epoch": 0
}