{
  "weights": {
    "signal_w": -0.011679434413490565,
    "bias": 0.0011293362372437298
  },
  "epoch": 0
}