{
  "weights": {
    "signal_w": 0.009932105994548678,
    "bias": 0.0013017195281736624
  },
  "epoch": 0
}