{
  "weights": {
    "signal_w": -0.006083600462705817,
    "bias": -0.001282809355919508
  },
  "epoch": 0
}