{
  "weights": {
    "signal_w": 0.020268428214403802,
    "bias": 0.0013833508244919523
  },
  "epoch": 0
}