{
  "weights": {
    "signal_w": 0.16311804026618945,
    "bias": 0.011290002127970919
  },
  "epoch": 0
}