{
  "weights": {
    "signal_w": 0.011251468666065158,
    "bias": 0.0006095794478758855
  },
  "epoch": 0
}