{
  "weights": {
    "signal_w": -0.005042223786384242,
    "bias": -0.0017266212900318698
  },
  "epoch": 0
}