{
  "weights": {
    "signal_w": -0.0002987384350938127,
    "bias": -0.0009297847229037952
  },
  "epoch": 0
}