{
  "weights": {
    "signal_w": 0.0005173477927039634,
    "bias": -0.0014939639527140407
  },
  "epoch": 0
}