{
  "weights": {
    "signal_w": 0.006145265840240104,
    "bias": -0.0007679146368693927
  },
  "epoch": 0
}