{
  "weights": {
    "signal_w": 0.001632867751784191,
    "bias": -0.0016453894949754885
  },
  "epoch": 0
}