{
  "weights": {
    "signal_w": -0.00018677921857080927,
    "bias": -0.00018702709556113028
  },
  "epoch": 0
}