{
  "weights": {
    "signal_w": -0.0024923859673466504,
    "bias": -0.00018223352693899994
  },
  "epoch": 0
}