{
  "weights": {
    "signal_w": 0.07538048009876748,
    "bias": -0.013098050058240338
  },
  "epoch": 0
}