{
  "weights": {
    "signal_w": -0.008060498651019972,
    "bias": 0.002197832954421112
  },
  "epoch": 0
}