{
  "weights": {
    "signal_w": -0.0022039900029057215,
    "bias": -0.0017459155430424506
  },
  "epoch": 0
}