{
  "weights": {
    "signal_w": 0.004270836051353018,
    "bias": -0.0015757975525831592
  },
  "epoch": 0
}