{
  "weights": {
    "signal_w": -0.0013344783240048165,
    "bias": -0.0011206572673854024
  },
  "epoch": 0
}