{
  "weights": {
    "signal_w": -0.0007095066052161727,
    "bias": 0.0006592716674353779
  },
  "epoch": 0
}