{
  "weights": {
    "signal_w": -0.0797409413419135,
    "bias": 0.042556960884839734
  },
  "epoch": 0
}