{
  "weights": {
    "signal_w": -0.001665189481290841,
    "bias": -0.007621798196905283
  },
  "epoch": 0
}