{
  "weights": {
    "signal_w": 0.00025857468220864095,
    "bias": 0.0005258291091575066
  },
  "epoch": 0
}