{
  "weights": {
    "signal_w": -0.00616194357679346,
    "bias": -0.0012896186918257484
  },
  "epoch": 0
}