{
  "weights": {
    "signal_w": 0.019850242309415535,
    "bias": 0.006565591883459313
  },
  "epoch": 0
}