{
  "weights": {
    "signal_w": -0.027581865943417355,
    "bias": -0.005989639929447934
  },
  "epoch": 0
}