{
  "weights": {
    "signal_w": 0.0033464987780406183,
    "bias": 5.396781488445087e-05
  },
  "epoch": 0
}