{
  "weights": {
    "signal_w": 0.005721249032523455,
    "bias": 0.001963583596055709
  },
  "epoch": 0
}