{
  "weights": {
    "signal_w": 0.004156400367686903,
    "bias": 0.0003351515567842148
  },
  "epoch": 0
}