{
  "weights": {
    "signal_w": 0.00641519563776279,
    "bias": -0.0006742169121597604
  },
  "epoch": 0
}