{
  "weights": {
    "signal_w": -0.0015724579454843644,
    "bias": 0.013082884991110382
  },
  "epoch": 0
}