{
  "weights": {
    "signal_w": -0.0010833462225863775,
    "bias": -0.00225007321675759
  },
  "epoch": 0
}