{
  "weights": {
    "signal_w": 0.0035305577581808763,
    "bias": 0.00016507621877976837
  },
  "epoch": 0
}