{
  "weights": {
    "signal_w": 0.001091187544893246,
    "bias": -0.0005153830885433898
  },
  "epoch": 0
}