{
  "weights": {
    "signal_w": -0.005078072552343627,
    "bias": 0.0001986559696090142
  },
  "epoch": 0
}