{
  "weights": {
    "signal_w": 0.0003601986218054962,
    "bias": -0.0030702559903476485
  },
  "epoch": 0
}