{
  "weights": {
    "signal_w": 0.00339988041486065,
    "bias": 0.0004413761341182516
  },
  "epoch": 0
}