{
  "weights": {
    "signal_w": -0.01072003737179625,
    "bias": -0.0014558283991827326
  },
  "epoch": 0
}