{
  "weights": {
    "signal_w": -0.003109090188955428,
    "bias": -0.000525064054854757
  },
  "epoch": 0
}