{
  "weights": {
    "signal_w": 0.003809237878857226,
    "bias": -0.0003505407211731116
  },
  "epoch": 0
}