{
  "weights": {
    "signal_w": 0.004982656971535601,
    "bias": 0.0032757840603174285
  },
  "epoch": 0
}