{
  "weights": {
    "signal_w": -0.0024839513384189243,
    "bias": 0.00123653655942934
  },
  "epoch": 0
}