{
  "weights": {
    "signal_w": -0.01482253265041298,
    "bias": -0.0010999248033128867
  },
  "epoch": 0
}