{
  "weights": {
    "signal_w": -0.001351414998891456,
    "bias": 0.00019564731274503998
  },
  "epoch": 0
}