{
  "weights": {
    "signal_w": 0.010629771167309416,
    "bias": 0.008417289436184066
  },
  "epoch": 0
}