{
  "weights": {
    "signal_w": 0.006012296291501848,
    "bias": 0.006074885422558017
  },
  "epoch": 0
}