{
  "weights": {
    "signal_w": 0.0007838459244113785,
    "bias": 0.0008408149952250309
  },
  "epoch": 0
}