{
  "weights": {
    "signal_w": 0.0639788386809274,
    "bias": -0.004049967925123643
  },
  "epoch": 0
}