{
  "weights": {
    "signal_w": -0.029479800668747332,
    "bias": -0.002338427378954731
  },
  "epoch": 0
}