{
  "weights": {
    "signal_w": 0.008440573751648682,
    "bias": -0.0024911610813558712
  },
  "epoch": 0
}