{
  "weights": {
    "signal_w": -0.004877882422190885,
    "bias": 0.00038833412208487216
  },
  "epoch": 0
}