{
  "weights": {
    "signal_w": -0.0014618570189632925,
    "bias": -9.888807604162947e-05
  },
  "epoch": 0
}