{
  "weights": {
    "signal_w": -0.004505749953447982,
    "bias": -0.0019084108953716157
  },
  "epoch": 0
}