{
  "weights": {
    "signal_w": 0.021263211287165438,
    "bias": -0.002626692763919891
  },
  "epoch": 0
}