{
  "weights": {
    "signal_w": -0.00048514735786855245,
    "bias": -0.005086536390651019
  },
  "epoch": 0
}