{
  "weights": {
    "signal_w": -0.0010945558249684057,
    "bias": -0.000565292840136152
  },
  "epoch": 0
}