{
  "weights": {
    "signal_w": 0.0032927136202524237,
    "bias": 0.0037390341062345754
  },
  "epoch": 0
}