{
  "weights": {
    "signal_w": -0.0069391606084366056,
    "bias": 0.0004369571588771248
  },
  "epoch": 0
}