{
  "weights": {
    "signal_w": 0.003613266613833547,
    "bias": 0.00042987232425336557
  },
  "epoch": 0
}