{
  "weights": {
    "signal_w": -0.0846659716846622,
    "bias": 0.0029239084637265713
  },
  "epoch": 0
}