{
  "weights": {
    "signal_w": 9.95174486911185e-05,
    "bias": 0.0006272399403844999
  },
  "epoch": 0
}