{
  "weights": {
    "signal_w": -0.005829317206290044,
    "bias": -0.012863749960831006
  },
  "epoch": 0
}