{
  "weights": {
    "signal_w": -0.030495915232340257,
    "bias": 0.00396128000045722
  },
  "epoch": 0
}