{
  "weights": {
    "signal_w": 0.02914582488483994,
    "bias": 0.0034991338262688417
  },
  "epoch": 0
}