{
  "weights": {
    "signal_w": -0.0003944595270521149,
    "bias": -0.0020577157794306015
  },
  "epoch": 0
}