{
  "weights": {
    "signal_w": -0.0031208397407139644,
    "bias": -0.004576404614080648
  },
  "epoch": 0
}