{
  "weights": {
    "signal_w": 0.003706147273125189,
    "bias": 0.00022630760065254455
  },
  "epoch": 0
}