{
  "weights": {
    "signal_w": 0.0011790158294890025,
    "bias": -0.0018571445771885238
  },
  "epoch": 0
}