{
  "weights": {
    "signal_w": 0.0068575349874936044,
    "bias": 0.004895281466449607
  },
  "epoch": 0
}