{
  "weights": {
    "signal_w": -0.0008755782966953017,
    "bias": 0.0006889011985321663
  },
  "epoch": 0
}