{
  "weights": {
    "signal_w": 0.18487371128387198,
    "bias": 0.03543261099073092
  },
  "epoch": 0
}