{
  "weights": {
    "signal_w": -0.006794756868053044,
    "bias": -0.001979253838538611
  },
  "epoch": 0
}