{
  "weights": {
    "signal_w": 0.05712815173002914,
    "bias": 0.006823468975628266
  },
  "epoch": 0
}