{
  "weights": {
    "signal_w": -0.0008747776375817947,
    "bias": -9.551894246814643e-05
  },
  "epoch": 0
}