{
  "weights": {
    "signal_w": 0.0032442547359718245,
    "bias": 0.002020338244610654
  },
  "epoch": 0
}