{
  "weights": {
    "signal_w": -0.0007130945618529185,
    "bias": 0.0008757829123038193
  },
  "epoch": 0
}