{
  "weights": {
    "signal_w": 0.003982247276827241,
    "bias": 0.0031270092463265087
  },
  "epoch": 0
}