{
  "weights": {
    "signal_w": 0.0005779045043908723,
    "bias": -0.0014163784242575165
  },
  "epoch": 0
}