{
  "weights": {
    "signal_w": 0.003705359071531115,
    "bias": 0.0003416582716985576
  },
  "epoch": 0
}