{
  "weights": {
    "signal_w": 0.00034675020446117325,
    "bias": -0.00035712152590193486
  },
  "epoch": 0
}