{
  "weights": {
    "signal_w": 0.004076512380637127,
    "bias": -0.003764556849149111
  },
  "epoch": 0
}