{
  "weights": {
    "signal_w": -0.006695993375101728,
    "bias": -0.0022502673937625805
  },
  "epoch": 0
}