{
  "weights": {
    "signal_w": -0.0024827770030699413,
    "bias": -0.0007516680442295192
  },
  "epoch": 0
}