{
  "weights": {
    "signal_w": 0.0064202280160088375,
    "bias": -0.0005947522398658041
  },
  "epoch": 0
}