{
  "weights": {
    "signal_w": -0.0007714058564496172,
    "bias": 0.001996673300391307
  },
  "epoch": 0
}