{
  "weights": {
    "signal_w": -0.00013093013712258013,
    "bias": 0.0002634313232453525
  },
  "epoch": 0
}