{
  "weights": {
    "signal_w": 0.001481964021346637,
    "bias": 0.0002868126363079247
  },
  "epoch": 0
}