{
  "weights": {
    "signal_w": -0.006351243667766586,
    "bias": -0.0021449404155506765
  },
  "epoch": 0
}