{
  "weights": {
    "signal_w": -0.004111241915589905,
    "bias": -0.0010461654105458004
  },
  "epoch": 0
}