{
  "weights": {
    "signal_w": 0.0872286759627529,
    "bias": 0.013005555727428801
  },
  "epoch": 0
}