{
  "weights": {
    "signal_w": 0.0017277108946691109,
    "bias": -0.0009052251215576359
  },
  "epoch": 0
}