{
  "weights": {
    "signal_w": -0.0008509371845617469,
    "bias": 1.9127252610456934e-05
  },
  "epoch": 0
}