{
  "weights": {
    "signal_w": -0.0030827891523768406,
    "bias": 0.008921713668566528
  },
  "epoch": 0
}