{
  "weights": {
    "signal_w": 0.0014985051107754418,
    "bias": 0.0001541361447339417
  },
  "epoch": 0
}