{
  "weights": {
    "signal_w": -0.003259892912822818,
    "bias": -0.001162902381289299
  },
  "epoch": 0
}