{
  "weights": {
    "signal_w": 0.07189950742019931,
    "bias": 0.00870744995859948
  },
  "epoch": 0
}