{
  "weights": {
    "signal_w": -0.0012468477778559775,
    "bias": 0.006880101145267012
  },
  "epoch": 0
}