{
  "weights": {
    "signal_w": -0.017407638710711347,
    "bias": -0.022691719078374174
  },
  "epoch": 0
}