{
  "weights": {
    "signal_w": 0.002032432339418269,
    "bias": 0.0015629064756647183
  },
  "epoch": 0
}