{
  "weights": {
    "signal_w": 0.007133676375882597,
    "bias": 0.0009800822415797956
  },
  "epoch": 0
}