{
  "weights": {
    "signal_w": -0.0057755915340053894,
    "bias": 0.002923638674828348
  },
  "epoch": 0
}