{
  "weights": {
    "signal_w": 0.0006322572813442465,
    "bias": -0.00014692966442902597
  },
  "epoch": 0
}