{
  "weights": {
    "signal_w": 0.004418001271200471,
    "bias": -0.00025446550206850076
  },
  "epoch": 0
}