{
  "weights": {
    "signal_w": -0.0034692277115184857,
    "bias": -0.0002473226421205598
  },
  "epoch": 0
}