{
  "weights": {
    "signal_w": -0.004151784553218945,
    "bias": -0.0016580154684643293
  },
  "epoch": 0
}