{
  "weights": {
    "signal_w": -0.0005810705375291501,
    "bias": -0.002939913529635649
  },
  "epoch": 0
}