{
  "weights": {
    "signal_w": 0.0028815678305028065,
    "bias": -0.0007722086715921701
  },
  "epoch": 0
}