{
  "weights": {
    "signal_w": 0.006595121235366994,
    "bias": -0.002148020385874981
  },
  "epoch": 0
}