{
  "weights": {
    "signal_w": -0.01624627567354454,
    "bias": -0.0025862924078692497
  },
  "epoch": 0
}