{
  "weights": {
    "signal_w": -0.007612708246856563,
    "bias": 0.0074856041634813
  },
  "epoch": 0
}