{
  "weights": {
    "signal_w": 0.0007791103089983141,
    "bias": 0.0002041348043556752
  },
  "epoch": 0
}