{
  "weights": {
    "signal_w": -0.0028701974243074985,
    "bias": 0.0023365095195730106
  },
  "epoch": 0
}