{
  "weights": {
    "signal_w": 0.003892026365581996,
    "bias": 0.0005360909518059077
  },
  "epoch": 0
}