{
  "weights": {
    "signal_w": -0.0008487534701882807,
    "bias": -0.0004250397417282329
  },
  "epoch": 0
}