{
  "weights": {
    "signal_w": -0.0010069405770605734,
    "bias": -0.0011656487410179094
  },
  "epoch": 0
}