{
  "weights": {
    "signal_w": -0.002543020176597525,
    "bias": 0.00020330916332982068
  },
  "epoch": 0
}