{
  "weights": {
    "signal_w": 0.0024874955644330413,
    "bias": -0.006177985028062811
  },
  "epoch": 0
}