{
  "weights": {
    "signal_w": 0.0002783417316040869,
    "bias": -0.0006534748151107545
  },
  "epoch": 0
}