{
  "weights": {
    "signal_w": -0.010295947142910938,
    "bias": -0.00010585563588623949
  },
  "epoch": 0
}