{
  "weights": {
    "signal_w": 0.015731967048888327,
    "bias": 0.0018239831196631715
  },
  "epoch": 0
}