{
  "weights": {
    "signal_w": 3.7207958658767385e-05,
    "bias": 0.00011272105978490105
  },
  "epoch": 0
}