{
  "weights": {
    "signal_w": -0.0039472638734991275,
    "bias": 0.0016733883830557764
  },
  "epoch": 0
}