{
  "weights": {
    "signal_w": 0.0009187704337803609,
    "bias": -0.00047174525721766636
  },
  "epoch": 0
}