{
  "weights": {
    "signal_w": 0.003860132555408745,
    "bias": -8.015761035271845e-05
  },
  "epoch": 0
}