{
  "weights": {
    "signal_w": 0.0003212263243214051,
    "bias": -0.0002214105190293802
  },
  "epoch": 0
}