{
  "weights": {
    "signal_w": 0.002724144646524794,
    "bias": 0.0012587857707100014
  },
  "epoch": 0
}