{
  "weights": {
    "signal_w": 0.003185524904102017,
    "bias": -0.0007386434817484089
  },
  "epoch": 0
}