{
  "weights": {
    "signal_w": -0.0010681092541442168,
    "bias": 0.0004746844162285014
  },
  "epoch": 0
}