{
  "weights": {
    "signal_w": -0.0008960987016996757,
    "bias": 0.0019032189210772428
  },
  "epoch": 0
}