{
  "weights": {
    "signal_w": -0.008491112098894018,
    "bias": -0.00248236497321258
  },
  "epoch": 0
}