{
  "weights": {
    "signal_w": 0.0002119743991331924,
    "bias": 0.002148813887257667
  },
  "epoch": 0
}