{
  "weights": {
    "signal_w": 0.0011829689549346066,
    "bias": 0.0012698983928356405
  },
  "epoch": 0
}