{
  "weights": {
    "signal_w": -0.009056020619741067,
    "bias": -0.0013135150059031468
  },
  "epoch": 0
}