{
  "weights": {
    "signal_w": 0.00014080415062685654,
    "bias": 0.0008849836067542664
  },
  "epoch": 0
}