{
  "weights": {
    "signal_w": 0.00904579257967927,
    "bias": 0.005343586681822272
  },
  "epoch": 0
}