{
  "weights": {
    "signal_w": -0.0014633226638871395,
    "bias": 0.0013513381495175883
  },
  "epoch": 0
}