{
  "weights": {
    "signal_w": 0.001369724088612503,
    "bias": -0.005295068025235895
  },
  "epoch": 0
}