{
  "weights": {
    "signal_w": -0.000731936678870551,
    "bias": 0.015180195431776233
  },
  "epoch": 0
}