{
  "weights": {
    "signal_w": 0.1855866994549655,
    "bias": 0.030679359296608536
  },
  "epoch": 0
}