{
  "weights": {
    "signal_w": -0.0011754331591909252,
    "bias": 0.00047476495860995977
  },
  "epoch": 0
}