{
  "weights": {
    "signal_w": -0.003538053197957994,
    "bias": 0.001359019636964542
  },
  "epoch": 0
}