{
  "weights": {
    "signal_w": 0.00048449069606433146,
    "bias": 0.010321924111369127
  },
  "epoch": 0
}