{
  "weights": {
    "signal_w": 0.0046932828614409915,
    "bias": 8.322397145734957e-05
  },
  "epoch": 0
}