{
  "weights": {
    "signal_w": 0.0031518219070093977,
    "bias": 0.001029485171785359
  },
  "epoch": 0
}