{
  "weights": {
    "signal_w": -3.639916996373016e-05,
    "bias": 0.0037022083881254374
  },
  "epoch": 0
}