{
  "weights": {
    "signal_w": 0.013518240148958215,
    "bias": -0.0011717237721812121
  },
  "epoch": 0
}