{
  "weights": {
    "signal_w": 0.00704933538508624,
    "bias": 0.001092184598907133
  },
  "epoch": 0
}