{
  "weights": {
    "signal_w": -0.009058890000598693,
    "bias": 0.0019073719469776566
  },
  "epoch": 0
}