{
  "weights": {
    "signal_w": -0.005693892930648215,
    "bias": -0.00349338627473473
  },
  "epoch": 0
}