{
  "weights": {
    "signal_w": -0.0006094710187128941,
    "bias": 0.010531172474884398
  },
  "epoch": 0
}