{
  "weights": {
    "signal_w": 0.052123826566642245,
    "bias": 0.008452433655531642
  },
  "epoch": 0
}