{
  "weights": {
    "signal_w": -0.0001573620644941242,
    "bias": 0.004725961699277904
  },
  "epoch": 0
}