{
  "weights": {
    "signal_w": -0.0014235763198368508,
    "bias": 0.000631737640498974
  },
  "epoch": 0
}