{
  "weights": {
    "signal_w": -0.00034714261691416335,
    "bias": 4.727849241960335e-06
  },
  "epoch": 0
}