{
  "weights": {
    "signal_w": -2.2084864372664326e-05,
    "bias": 0.0032392163007642083
  },
  "epoch": 0
}