{
  "weights": {
    "signal_w": 0.0032935591924253024,
    "bias": 0.00045946270611862847
  },
  "epoch": 0
}