{
  "weights": {
    "signal_w": -0.034948941459752476,
    "bias": 0.012454063200515406
  },
  "epoch": 0
}