{
  "weights": {
    "signal_w": -0.008719186219378502,
    "bias": 0.00681041481220376
  },
  "epoch": 0
}