{
  "weights": {
    "signal_w": 0.0010168437973454504,
    "bias": 0.0006890640281122236
  },
  "epoch": 0
}