{
  "weights": {
    "signal_w": 0.000956904426271838,
    "bias": 0.0006309790806751463
  },
  "epoch": 0
}