{
  "weights": {
    "signal_w": -0.005015329922918165,
    "bias": 0.0009713049341426826
  },
  "epoch": 0
}