{
  "weights": {
    "signal_w": -7.923676301894155e-05,
    "bias": -0.006957853823924037
  },
  "epoch": 0
}