{
  "weights": {
    "signal_w": 6.954911510565158e-05,
    "bias": 5.006285587942668e-05
  },
  "epoch": 0
}