{
  "weights": {
    "signal_w": 0.009331506230908547,
    "bias": 0.0019525178118663072
  },
  "epoch": 0
}