{
  "weights": {
    "signal_w": 0.0021181697582817625,
    "bias": 0.004717345642745128
  },
  "epoch": 0
}