{
  "weights": {
    "signal_w": 0.003907691396849321,
    "bias": -0.0016542168641770696
  },
  "epoch": 0
}