{
  "weights": {
    "signal_w": 0.0018895300371910906,
    "bias": 0.0014423739002733967
  },
  "epoch": 0
}