{
  "weights": {
    "signal_w": 0.00033138952991473684,
    "bias": 0.002139601416503187
  },
  "epoch": 0
}