{
  "weights": {
    "signal_w": -0.0003441664022148602,
    "bias": -0.00028552852203500627
  },
  "epoch": 0
}