{
  "weights": {
    "signal_w": 0.0008969567189292049,
    "bias": 0.0016177332996323856
  },
  "epoch": 0
}