{
  "weights": {
    "signal_w": -0.0012950732537164022,
    "bias": 0.00024162869022176806
  },
  "epoch": 0
}