{
  "weights": {
    "signal_w": -0.0025689546429061016,
    "bias": 0.008290140268820688
  },
  "epoch": 0
}