{
  "weights": {
    "signal_w": -0.0043492783996554865,
    "bias": 0.00238610526922389
  },
  "epoch": 0
}