{
  "weights": {
    "signal_w": 0.0011817730346358444,
    "bias": -0.001131239952505098
  },
  "epoch": 0
}