{
  "weights": {
    "signal_w": 0.0025960179044782323,
    "bias": 0.0005662439093216457
  },
  "epoch": 0
}