{
  "weights": {
    "signal_w": -0.0021523538615355305,
    "bias": 0.0006256868254738225
  },
  "epoch": 0
}