{
  "weights": {
    "signal_w": -0.005461969923529407,
    "bias": 0.0008732789506300316
  },
  "epoch": 0
}