{
  "weights": {
    "signal_w": -0.00019164320029129234,
    "bias": -0.00024053235071783152
  },
  "epoch": 0
}