{
  "weights": {
    "signal_w": -0.007244316700152792,
    "bias": -0.0032433838664434975
  },
  "epoch": 0
}