{
  "weights": {
    "signal_w": -0.0010220722436326502,
    "bias": -0.002858724614467028
  },
  "epoch": 0
}