{
  "weights": {
    "signal_w": -0.00026631065559204757,
    "bias": 0.0006325499246729136
  },
  "epoch": 0
}