{
  "weights": {
    "signal_w": -0.002239911737539969,
    "bias": -0.0018574978614417093
  },
  "epoch": 0
}