{
  "weights": {
    "signal_w": 0.010478487037680851,
    "bias": 0.004715423263901822
  },
  "epoch": 0
}