{
  "weights": {
    "signal_w": -0.0025558410364459726,
    "bias": 0.002434581084024579
  },
  "epoch": 0
}