{
  "weights": {
    "signal_w": -0.00012893142585338645,
    "bias": -0.0015924619263106901
  },
  "epoch": 0
}