{
  "weights": {
    "signal_w": -0.000984567891990564,
    "bias": -0.004828222652346576
  },
  "epoch": 0
}