{
  "weights": {
    "signal_w": 0.003459892180166963,
    "bias": -3.051169577170105e-05
  },
  "epoch": 0
}