{
  "weights": {
    "signal_w": -0.003834761861155109,
    "bias": 0.004355792210465337
  },
  "epoch": 0
}