{
  "weights": {
    "signal_w": -0.006804430313499857,
    "bias": 0.0032081792617529702
  },
  "epoch": 0
}