{
  "weights": {
    "signal_w": -0.0125674926951909,
    "bias": -0.0015654628337937854
  },
  "epoch": 0
}