{
  "weights": {
    "signal_w": -0.016344474583385223,
    "bias": -0.0007033376768598918
  },
  "epoch": 0
}