{
  "weights": {
    "signal_w": 0.0016309757770572924,
    "bias": -0.0031995034121190626
  },
  "epoch": 0
}