{
  "weights": {
    "signal_w": 0.0056938657652176395,
    "bias": 0.0029904496991235933
  },
  "epoch": 0
}