{
  "weights": {
    "signal_w": 0.0002286183113984204,
    "bias": -8.363853368527e-05
  },
  "epoch": 0
}