{
  "weights": {
    "signal_w": -0.00017381949419720066,
    "bias": 0.0023663540727477377
  },
  "epoch": 0
}