{
  "weights": {
    "signal_w": 0.00025412305712606146,
    "bias": 0.0013364119302891418
  },
  "epoch": 0
}