{
  "weights": {
    "signal_w": 0.020014311442122453,
    "bias": 0.0030768738050426267
  },
  "epoch": 0
}