{
  "weights": {
    "signal_w": -0.0010714032451971658,
    "bias": 0.0006391572719830768
  },
  "epoch": 0
}