{
  "weights": {
    "signal_w": 0.003224373874875599,
    "bias": 0.00394912894615963
  },
  "epoch": 0
}