{
  "weights": {
    "signal_w": -0.0007213014292116692,
    "bias": -0.006583332404205876
  },
  "epoch": 0
}