{
  "weights": {
    "signal_w": 0.007560747293227019,
    "bias": -0.0010301485604051787
  },
  "epoch": 0
}