{
  "weights": {
    "signal_w": 0.0011483631122495782,
    "bias": -0.001158687115973485
  },
  "epoch": 0
}