{
  "weights": {
    "signal_w": -0.012013839920419399,
    "bias": -0.0021423835044646357
  },
  "epoch": 0
}