{
  "weights": {
    "signal_w": 0.0018687967477358256,
    "bias": 3.534724173566244e-05
  },
  "epoch": 0
}