{
  "weights": {
    "signal_w": 0.001936463403442608,
    "bias": -0.000939294107574952
  },
  "epoch": 0
}