{
  "weights": {
    "signal_w": -0.0007068657885848591,
    "bias": -0.0007084683102749947
  },
  "epoch": 0
}