{
  "weights": {
    "signal_w": 5.164651226008487e-05,
    "bias": 0.001891654944965752
  },
  "epoch": 0
}