{
  "weights": {
    "signal_w": 0.00426322523785614,
    "bias": 0.0014988813366784495
  },
  "epoch": 0
}