{
  "weights": {
    "signal_w": -0.0030773574299068135,
    "bias": -0.0007366348723797233
  },
  "epoch": 0
}