{
  "weights": {
    "signal_w": -0.0003022569760896643,
    "bias": 0.002841555353301
  },
  "epoch": 0
}