{
  "weights": {
    "signal_w": -0.00015273895675437226,
    "bias": 1.3801023778926025e-05
  },
  "epoch": 0
}