{
  "weights": {
    "signal_w": -0.001284729044972825,
    "bias": 0.004494442080798947
  },
  "epoch": 0
}