{
  "weights": {
    "signal_w": -0.003942905462298183,
    "bias": -0.0033410370920711964
  },
  "epoch": 0
}