{
  "weights": {
    "signal_w": -0.0006876752542094338,
    "bias": -0.0006114272735008013
  },
  "epoch": 0
}