{
  "weights": {
    "signal_w": -0.008307705831480992,
    "bias": 0.009041200592298012
  },
  "epoch": 0
}