{
  "weights": {
    "signal_w": 0.0016047117319051638,
    "bias": -0.0005538647132967802
  },
  "epoch": 0
}