{
  "weights": {
    "signal_w": -0.012786833159851888,
    "bias": 0.003212871390655323
  },
  "epoch": 0
}