{
  "weights": {
    "signal_w": 0.012420685713604562,
    "bias": 0.006070256514283778
  },
  "epoch": 0
}