{
  "weights": {
    "signal_w": 0.002101180871307428,
    "bias": -0.0018860405828752622
  },
  "epoch": 0
}