{
  "weights": {
    "signal_w": 0.0875408232386454,
    "bias": 0.010760045743727069
  },
  "epoch": 0
}