{
  "weights": {
    "signal_w": 0.0035200855742436475,
    "bias": 0.000234890778349779
  },
  "epoch": 0
}