{
  "weights": {
    "signal_w": -0.041286670361230494,
    "bias": -0.00950268866916136
  },
  "epoch": 0
}