{
  "weights": {
    "signal_w": -0.02297091745986701,
    "bias": -0.0011120278819035001
  },
  "epoch": 0
}