{
  "weights": {
    "signal_w": 0.004415486266452257,
    "bias": 0.0004860136429206507
  },
  "epoch": 0
}