{
  "weights": {
    "signal_w": -0.0001377509201672934,
    "bias": -0.004132774814451781
  },
  "epoch": 0
}