{
  "weights": {
    "signal_w": 0.0002432768754368286,
    "bias": 0.0014704025520557785
  },
  "epoch": 0
}