{
  "weights": {
    "signal_w": 0.006940672878282822,
    "bias": 0.0007436257228617237
  },
  "epoch": 0
}