{
  "weights": {
    "signal_w": -0.0030302243173344155,
    "bias": -0.001001313313758874
  },
  "epoch": 0
}