{
  "weights": {
    "signal_w": -0.016815281608444848,
    "bias": -0.014179141342711104
  },
  "epoch": 0
}