{
  "weights": {
    "signal_w": -0.006297215039166417,
    "bias": 3.0143932684887208e-05
  },
  "epoch": 0
}