{
  "weights": {
    "signal_w": 0.001496041558605934,
    "bias": -0.0006311502535149086
  },
  "epoch": 0
}