{
  "weights": {
    "signal_w": 0.0003133084211427745,
    "bias": -0.001531994623844234
  },
  "epoch": 0
}