{
  "weights": {
    "signal_w": 0.004011197428705878,
    "bias": -0.0006463410692074772
  },
  "epoch": 0
}