{
  "weights": {
    "signal_w": 0.011337574180845814,
    "bias": -0.001439903372689125
  },
  "epoch": 0
}