{
  "weights": {
    "signal_w": 0.42166471887757806,
    "bias": 0.08539772327070891
  },
  "epoch": 0
}