{
  "weights": {
    "signal_w": -0.004052243999833847,
    "bias": -0.010687657286589455
  },
  "epoch": 0
}