{
  "weights": {
    "signal_w": -0.012256612730335733,
    "bias": 0.010185315513785325
  },
  "epoch": 0
}