{
  "weights": {
    "signal_w": 0.00044423549374011397,
    "bias": -0.002387180197960818
  },
  "epoch": 0
}