{
  "weights": {
    "signal_w": 0.03770655775999119,
    "bias": -0.007459892891305926
  },
  "epoch": 0
}