{
  "weights": {
    "signal_w": -0.003820354398633287,
    "bias": 0.0022437403517939747
  },
  "epoch": 0
}