{
  "weights": {
    "signal_w": 0.0004149681318157887,
    "bias": -0.0014605627261514598
  },
  "epoch": 0
}