{
  "weights": {
    "signal_w": 0.007444165335967456,
    "bias": 0.04431891383029499
  },
  "epoch": 0
}