{
  "weights": {
    "signal_w": 0.0029843333886810076,
    "bias": -0.0016539363685064256
  },
  "epoch": 0
}