{
  "weights": {
    "signal_w": -0.008903493273487268,
    "bias": 0.001035609265582013
  },
  "epoch": 0
}