{
  "weights": {
    "signal_w": 0.013189675814072665,
    "bias": 0.0009413801001676551
  },
  "epoch": 0
}