{
  "weights": {
    "signal_w": 0.002674948712096831,
    "bias": -0.0005737516377327776
  },
  "epoch": 0
}