{
  "weights": {
    "signal_w": -9.426510077161683e-05,
    "bias": 0.0011828062198535408
  },
  "epoch": 0
}