{
  "weights": {
    "signal_w": 0.0039127519927642926,
    "bias": -0.0015603578916539196
  },
  "epoch": 0
}