{
  "weights": {
    "signal_w": -0.014325170646265931,
    "bias": -0.003863214929417622
  },
  "epoch": 0
}