{
  "weights": {
    "signal_w": -0.00635505614922173,
    "bias": 0.00041569424961223695
  },
  "epoch": 0
}