{
  "weights": {
    "signal_w": 0.0016438959902931802,
    "bias": 0.0008453418847313856
  },
  "epoch": 0
}