{
  "weights": {
    "signal_w": 0.004789869148223292,
    "bias": -0.002179298101144313
  },
  "epoch": 0
}