{
  "weights": {
    "signal_w": 0.0015462912009925655,
    "bias": 0.0018164095320834035
  },
  "epoch": 0
}