{
  "weights": {
    "signal_w": -0.0021667292491730408,
    "bias": 0.006040715123330094
  },
  "epoch": 0
}