{
  "weights": {
    "signal_w": -0.0031719215499212815,
    "bias": -0.03057972137331169
  },
  "epoch": 0
}