{
  "weights": {
    "signal_w": 0.024359061881147268,
    "bias": -0.0065416930842228
  },
  "epoch": 0
}