{
  "weights": {
    "signal_w": -0.0007244661648384098,
    "bias": -0.0004186969609915424
  },
  "epoch": 0
}