{
  "weights": {
    "signal_w": 0.009410930920576004,
    "bias": 0.0010309301578752942
  },
  "epoch": 0
}