{
  "weights": {
    "signal_w": 0.0035820293291742513,
    "bias": 0.0007708506556711601
  },
  "epoch": 0
}