{
  "weights": {
    "signal_w": 0.0027343572284398553,
    "bias": -8.196416931143528e-05
  },
  "epoch": 0
}