{
  "weights": {
    "signal_w": -8.488070713662783e-05,
    "bias": -2.666295980084371e-05
  },
  "epoch": 0
}