{
  "weights": {
    "signal_w": 0.001964636081018122,
    "bias": -0.0005957326914542625
  },
  "epoch": 0
}