{
  "weights": {
    "signal_w": -0.0005054016575637102,
    "bias": 0.0007893760721594246
  },
  "epoch": 0
}