{
  "weights": {
    "signal_w": 0.0046385272302765,
    "bias": -0.0008443276048786493
  },
  "epoch": 0
}