{
  "weights": {
    "signal_w": 0.008935927926964009,
    "bias": -0.001817066422492181
  },
  "epoch": 0
}