{
  "weights": {
    "signal_w": -0.005495985341954085,
    "bias": 3.937667554894109e-05
  },
  "epoch": 0
}