{
  "weights": {
    "signal_w": -0.0020462352719298176,
    "bias": -0.0024897337123919905
  },
  "epoch": 0
}