{
  "weights": {
    "signal_w": -0.0018678924395581567,
    "bias": 1.760057138085487e-05
  },
  "epoch": 0
}