{
  "weights": {
    "signal_w": 0.0038932318814937227,
    "bias": 0.0004524434010240415
  },
  "epoch": 0
}