{
  "weights": {
    "signal_w": 0.0006248931373539422,
    "bias": -0.0020180688208613234
  },
  "epoch": 0
}