{
  "weights": {
    "signal_w": 0.005361408955741606,
    "bias": 0.001346016396713219
  },
  "epoch": 0
}