{
  "weights": {
    "signal_w": -0.0060666150795559695,
    "bias": -0.0015072462169784164
  },
  "epoch": 0
}