{
  "weights": {
    "signal_w": 0.20227717730930017,
    "bias": 0.02107734422080948
  },
  "epoch": 0
}