{
  "weights": {
    "signal_w": 9.139306412257555e-05,
    "bias": 0.00024844473987496285
  },
  "epoch": 0
}