{
  "weights": {
    "signal_w": -0.014099679763784486,
    "bias": -0.0017372403428462875
  },
  "epoch": 0
}