{
  "weights": {
    "signal_w": -0.01384316154666679,
    "bias": 0.028846255186648607
  },
  "epoch": 0
}