{
  "weights": {
    "signal_w": 0.0004540707982173697,
    "bias": 7.121792083878724e-05
  },
  "epoch": 0
}