{
  "weights": {
    "signal_w": 0.004152181835611671,
    "bias": 0.0015292253368043485
  },
  "epoch": 0
}