{
  "weights": {
    "signal_w": -3.908643905567191e-05,
    "bias": -0.0003475483567329622
  },
  "epoch": 0
}