{
  "weights": {
    "signal_w": 0.012385612083490864,
    "bias": -0.0003481917613946281
  },
  "epoch": 0
}