{
  "weights": {
    "signal_w": -0.005776492472133973,
    "bias": -0.00028482219528793383
  },
  "epoch": 0
}