{
  "weights": {
    "signal_w": 0.00045763482273364223,
    "bias": 0.003609019042876524
  },
  "epoch": 0
}