{
  "weights": {
    "signal_w": 0.0011539036272130326,
    "bias": -8.17474400629414e-05
  },
  "epoch": 0
}