{
  "weights": {
    "signal_w": -0.004772763090437789,
    "bias": -0.0023128783158454513
  },
  "epoch": 0
}