{
  "weights": {
    "signal_w": 0.09763291346246675,
    "bias": 0.012063984475324184
  },
  "epoch": 0
}