{
  "weights": {
    "signal_w": -0.002195332325909322,
    "bias": -0.0010716613350616987
  },
  "epoch": 0
}