{
  "weights": {
    "signal_w": 0.12568768087722376,
    "bias": -0.017589486205493374
  },
  "epoch": 0
}