{
  "weights": {
    "signal_w": 0.0008337725136319908,
    "bias": 0.010317453766255782
  },
  "epoch": 0
}