{
  "weights": {
    "signal_w": -0.005232098417696906,
    "bias": -0.0004607903920859634
  },
  "epoch": 0
}