{
  "weights": {
    "signal_w": -0.03187056701717378,
    "bias": 0.0022209637421449053
  },
  "epoch": 0
}