{
  "weights": {
    "signal_w": 0.023158806714556848,
    "bias": 0.0014600072685368407
  },
  "epoch": 0
}