{
  "weights": {
    "signal_w": 0.0004047406441956406,
    "bias": 0.002194699105501069
  },
  "epoch": 0
}