{
  "weights": {
    "signal_w": 0.18624545931813308,
    "bias": 0.026287626875491348
  },
  "epoch": 0
}