{
  "weights": {
    "signal_w": -0.001149233288496511,
    "bias": -0.0018108261106900359
  },
  "epoch": 0
}