{
  "weights": {
    "signal_w": 0.012602344740632236,
    "bias": 0.0017277508181539755
  },
  "epoch": 0
}