{
  "weights": {
    "signal_w": 0.0006123916030980988,
    "bias": -0.0008912349557018108
  },
  "epoch": 0
}