{
  "weights": {
    "signal_w": 0.0003203390819349526,
    "bias": -0.0009334566147466512
  },
  "epoch": 0
}