{
  "weights": {
    "signal_w": 0.0044599958673963375,
    "bias": -0.0029515228610249872
  },
  "epoch": 0
}