{
  "weights": {
    "signal_w": 0.0017926858339193787,
    "bias": -0.000550991803070476
  },
  "epoch": 0
}