{
  "weights": {
    "signal_w": 0.00808273397184808,
    "bias": -0.005170662550212428
  },
  "epoch": 0
}