{
  "weights": {
    "signal_w": 0.0049239613654604095,
    "bias": -0.0025516279607665135
  },
  "epoch": 0
}