{
  "weights": {
    "signal_w": -0.002557245351055738,
    "bias": 0.01235452425044177
  },
  "epoch": 0
}