{
  "weights": {
    "signal_w": -0.009643881507122167,
    "bias": -0.001567244100512449
  },
  "epoch": 0
}