{
  "weights": {
    "signal_w": -0.0014961609297331334,
    "bias": 0.0010783278699676194
  },
  "epoch": 0
}