{
  "weights": {
    "signal_w": 0.0030486099289815825,
    "bias": 0.0009120412437838187
  },
  "epoch": 0
}