{
  "weights": {
    "signal_w": -0.07491474525274955,
    "bias": 0.033846393988868496
  },
  "epoch": 0
}