{
  "weights": {
    "signal_w": 0.002863096554854986,
    "bias": 0.0003475345533952415
  },
  "epoch": 0
}