{
  "weights": {
    "signal_w": 0.0025175679594214915,
    "bias": 0.0002867617253392123
  },
  "epoch": 0
}