{
  "weights": {
    "signal_w": -0.002684005163166827,
    "bias": 0.004344037678396905
  },
  "epoch": 0
}