{
  "weights": {
    "signal_w": -0.0013661422725063542,
    "bias": -0.0007524670639860751
  },
  "epoch": 0
}