{
  "weights": {
    "signal_w": 0.0019505775524938573,
    "bias": -0.0024158257834813414
  },
  "epoch": 0
}