{
  "weights": {
    "signal_w": -0.0005843563763159771,
    "bias": -0.0013527622178077597
  },
  "epoch": 0
}