{
  "weights": {
    "signal_w": 0.011384664259985884,
    "bias": 0.0012578607851630827
  },
  "epoch": 0
}