{
  "weights": {
    "signal_w": 0.0020981045554737364,
    "bias": 0.0008078055854545594
  },
  "epoch": 0
}