{
  "weights": {
    "signal_w": 0.0015397437014572507,
    "bias": 0.0008610240245544947
  },
  "epoch": 0
}