{
  "weights": {
    "signal_w": 0.0013783359955183083,
    "bias": -0.0001869562216300772
  },
  "epoch": 0
}