{
  "weights": {
    "signal_w": -0.0050811271364556545,
    "bias": 0.003914851875686847
  },
  "epoch": 0
}