{
  "weights": {
    "signal_w": 0.0010992766909247258,
    "bias": 0.0009875372207717786
  },
  "epoch": 0
}