{
  "weights": {
    "signal_w": 0.0033127912850791116,
    "bias": 0.0014617071003676491
  },
  "epoch": 0
}