{
  "weights": {
    "signal_w": -0.007968712860103803,
    "bias": -0.0027046076407962593
  },
  "epoch": 0
}