{
  "weights": {
    "signal_w": 0.013114872562512904,
    "bias": 0.0015171389130471222
  },
  "epoch": 0
}