{
  "weights": {
    "signal_w": 6.551410430266175e-05,
    "bias": -0.004507533118938339
  },
  "epoch": 0
}