{
  "weights": {
    "signal_w": 0.005923290787631425,
    "bias": -0.006414747331578449
  },
  "epoch": 0
}