{
  "weights": {
    "signal_w": -0.008977592686571115,
    "bias": 0.004081989936278831
  },
  "epoch": 0
}