{
  "weights": {
    "signal_w": -0.0004883363297928352,
    "bias": -0.0003074711491081043
  },
  "epoch": 0
}