{
  "weights": {
    "signal_w": 0.0004718405294773946,
    "bias": 0.00026335809554426303
  },
  "epoch": 0
}