{
  "weights": {
    "signal_w": 0.003802821562772647,
    "bias": 8.139841929282496e-05
  },
  "epoch": 0
}