{
  "weights": {
    "signal_w": 0.0033449554477773297,
    "bias": 0.00011663209768993102
  },
  "epoch": 0
}