{
  "weights": {
    "signal_w": 0.00026980593415575484,
    "bias": -0.0032977366055697674
  },
  "epoch": 0
}