{
  "weights": {
    "signal_w": 0.009980954174017165,
    "bias": -0.012760363469203279
  },
  "epoch": 0
}