{
  "weights": {
    "signal_w": -0.0022039760785799315,
    "bias": 0.0011524168474564204
  },
  "epoch": 0
}