{
  "weights": {
    "signal_w": 0.0020432504230268093,
    "bias": -7.13849683837461e-05
  },
  "epoch": 0
}