{
  "weights": {
    "signal_w": 0.001325077008895023,
    "bias": 0.00016807409845701082
  },
  "epoch": 0
}