{
  "weights": {
    "signal_w": 0.0013748803213813024,
    "bias": 0.00013512716824403965
  },
  "epoch": 0
}