{
  "weights": {
    "signal_w": -0.0012437200242392285,
    "bias": 0.005958204969621441
  },
  "epoch": 0
}