{
  "weights": {
    "signal_w": -0.008501389000404872,
    "bias": 0.0006587751093108968
  },
  "epoch": 0
}