{
  "weights": {
    "signal_w": -0.0052520693831580745,
    "bias": -0.0005718886183504455
  },
  "epoch": 0
}