{
  "weights": {
    "signal_w": -0.008995836763801394,
    "bias": 0.0008460445395723743
  },
  "epoch": 0
}