{
  "weights": {
    "signal_w": 0.003360277411899716,
    "bias": 0.0010137655711877204
  },
  "epoch": 0
}