{
  "weights": {
    "signal_w": 0.018952800429515016,
    "bias": -0.004036734435779723
  },
  "epoch": 0
}