{
  "weights": {
    "signal_w": 0.010977913714535704,
    "bias": -0.0008585029715839103
  },
  "epoch": 0
}