{
  "weights": {
    "signal_w": -0.00574655545714837,
    "bias": 0.0004489041806357686
  },
  "epoch": 0
}