{
  "weights": {
    "signal_w": 0.08974386305431017,
    "bias": 0.012502908343866297
  },
  "epoch": 0
}