{
  "weights": {
    "signal_w": 0.0004990896886154043,
    "bias": -0.0005227689044134476
  },
  "epoch": 0
}