{
  "weights": {
    "signal_w": -0.007457961711633677,
    "bias": 0.000986310446941418
  },
  "epoch": 0
}