{
  "weights": {
    "signal_w": 0.001112582789792722,
    "bias": -0.0016550232128475532
  },
  "epoch": 0
}