{
  "weights": {
    "signal_w": -0.009477802157767194,
    "bias": -0.0030094796026448097
  },
  "epoch": 0
}