{
  "weights": {
    "signal_w": 0.0039158085467635335,
    "bias": -0.004137132992282192
  },
  "epoch": 0
}