{
  "weights": {
    "signal_w": -0.049622943222908514,
    "bias": 0.01887109515111574
  },
  "epoch": 0
}