{
  "weights": {
    "signal_w": 0.002760617158812549,
    "bias": 0.0010371042331447612
  },
  "epoch": 0
}