{
  "weights": {
    "signal_w": 0.000984630316617352,
    "bias": 0.0006590173282900186
  },
  "epoch": 0
}