{
  "weights": {
    "signal_w": 0.004389232630657814,
    "bias": 4.179789061295474e-05
  },
  "epoch": 0
}