{
  "weights": {
    "signal_w": 0.009797140408549452,
    "bias": 0.039898138953652344
  },
  "epoch": 0
}