{
  "weights": {
    "signal_w": -0.0023622022248661017,
    "bias": 0.001473565716992367
  },
  "epoch": 0
}