{
  "weights": {
    "signal_w": -0.004342709023902367,
    "bias": 0.0022907691848876766
  },
  "epoch": 0
}