{
  "weights": {
    "signal_w": -0.007400915649730894,
    "bias": -0.0025632665078423227
  },
  "epoch": 0
}