{
  "weights": {
    "signal_w": -0.00011479418505524318,
    "bias": -0.0019632134371486702
  },
  "epoch": 0
}