{
  "weights": {
    "signal_w": 0.0008895029217694569,
    "bias": 0.013450987391734275
  },
  "epoch": 0
}