{
  "weights": {
    "signal_w": 0.0021333421311166053,
    "bias": -0.0012816575048937352
  },
  "epoch": 0
}