{
  "weights": {
    "signal_w": -0.0014862135567571247,
    "bias": -0.0010314628406857952
  },
  "epoch": 0
}