{
  "weights": {
    "signal_w": -0.0004916656175416744,
    "bias": -0.0007297666063086823
  },
  "epoch": 0
}