{
  "weights": {
    "signal_w": 0.008292538800183834,
    "bias": 0.00619876546230101
  },
  "epoch": 0
}