{
  "weights": {
    "signal_w": 0.024979726378916788,
    "bias": -0.004871223390587216
  },
  "epoch": 0
}