{
  "weights": {
    "signal_w": 0.0003624163329526878,
    "bias": -0.000937821571860178
  },
  "epoch": 0
}