{
  "weights": {
    "signal_w": -0.007666892737571814,
    "bias": -0.0018784175053612746
  },
  "epoch": 0
}