{
  "weights": {
    "signal_w": 0.0017263686784319084,
    "bias": 0.0014314989043751238
  },
  "epoch": 0
}