{
  "weights": {
    "signal_w": -0.004392180559258315,
    "bias": -0.0004753271524342266
  },
  "epoch": 0
}