{
  "weights": {
    "signal_w": 0.0017671704184222916,
    "bias": -9.969121472963428e-05
  },
  "epoch": 0
}