{
  "weights": {
    "signal_w": 0.003600734684117947,
    "bias": -0.0003038569713832237
  },
  "epoch": 0
}