{
  "weights": {
    "signal_w": 0.00030297793915248414,
    "bias": -0.0017498504137414092
  },
  "epoch": 0
}