{
  "weights": {
    "signal_w": 0.0029429285480010764,
    "bias": -0.0010394433862119185
  },
  "epoch": 0
}