{
  "weights": {
    "signal_w": -0.00013305552524165549,
    "bias": -8.687065641484193e-05
  },
  "epoch": 0
}