{
  "weights": {
    "signal_w": 0.003782720230158777,
    "bias": -0.00017505787149559116
  },
  "epoch": 0
}