{
  "weights": {
    "signal_w": 0.0013233994899530621,
    "bias": 0.019213514313106216
  },
  "epoch": 0
}