{
  "weights": {
    "signal_w": 0.0006709837201827265,
    "bias": 0.0008380757993848573
  },
  "epoch": 0
}