{
  "weights": {
    "signal_w": -0.00028942761257382134,
    "bias": -0.000853565525288949
  },
  "epoch": 0
}