{
  "weights": {
    "signal_w": -0.0002904993745795647,
    "bias": -0.0003965993614437262
  },
  "epoch": 0
}