{
  "weights": {
    "signal_w": 0.0033573919756859066,
    "bias": 1.8917035113616735e-06
  },
  "epoch": 0
}