{
  "weights": {
    "signal_w": 0.009820495600037797,
    "bias": -0.0014780055302223778
  },
  "epoch": 0
}