{
  "weights": {
    "signal_w": 0.004453084284678201,
    "bias": -0.0016965653065822526
  },
  "epoch": 0
}