{
  "weights": {
    "signal_w": 0.06468008799389909,
    "bias": 0.00831063018576639
  },
  "epoch": 0
}