{
  "weights": {
    "signal_w": -0.01600227770383263,
    "bias": -0.025361545801007558
  },
  "epoch": 0
}