{
  "weights": {
    "signal_w": -9.317607719742534e-05,
    "bias": -8.196542686769459e-05
  },
  "epoch": 0
}