{
  "weights": {
    "signal_w": -0.002176895238677056,
    "bias": -0.0023171124961585726
  },
  "epoch": 0
}