{
  "weights": {
    "signal_w": -0.00026747667942989407,
    "bias": 0.0008202280613370413
  },
  "epoch": 0
}