{
  "weights": {
    "signal_w": 0.37762095863552125,
    "bias": 0.04181606492680438
  },
  "epoch": 0
}