{
  "weights": {
    "signal_w": -0.054098410942139186,
    "bias": -0.007678024376411161
  },
  "epoch": 0
}