{
  "weights": {
    "signal_w": 0.0026231909717841324,
    "bias": 0.0034382165631486783
  },
  "epoch": 0
}