{
  "weights": {
    "signal_w": 0.0010352274964453383,
    "bias": -0.0007581247907113647
  },
  "epoch": 0
}