{
  "weights": {
    "signal_w": 0.0023622744264858993,
    "bias": 0.04485037776561499
  },
  "epoch": 0
}