{
  "weights": {
    "signal_w": -0.0018313641263526946,
    "bias": 0.002352927090604319
  },
  "epoch": 0
}