{
  "weights": {
    "signal_w": 0.004214770163234123,
    "bias": 0.001005296048118737
  },
  "epoch": 0
}