{
  "weights": {
    "signal_w": 0.00015223929911248958,
    "bias": -0.0004622879341646357
  },
  "epoch": 0
}