{
  "weights": {
    "signal_w": 0.0035977042714903976,
    "bias": -0.0021643820914160946
  },
  "epoch": 0
}