{
  "weights": {
    "signal_w": 0.0006593306495468268,
    "bias": 0.0022532979427894143
  },
  "epoch": 0
}