{
  "weights": {
    "signal_w": -0.001519630505199454,
    "bias": 0.004522456419350342
  },
  "epoch": 0
}