{
  "weights": {
    "signal_w": 0.01990468486647264,
    "bias": 0.0038083069286715086
  },
  "epoch": 0
}