{
  "weights": {
    "signal_w": 0.003233750757314738,
    "bias": 0.0006824377077583532
  },
  "epoch": 0
}