{
  "weights": {
    "signal_w": 0.0031748076203788446,
    "bias": -0.0007135728171166018
  },
  "epoch": 0
}