{
  "weights": {
    "signal_w": 0.0013714070078823762,
    "bias": -0.0016827201890081043
  },
  "epoch": 0
}