{
  "weights": {
    "signal_w": -0.009154422083882414,
    "bias": 0.0029045526485430725
  },
  "epoch": 0
}