{
  "weights": {
    "signal_w": -0.0502376445017485,
    "bias": 0.024237761990522088
  },
  "epoch": 0
}