{
  "weights": {
    "signal_w": -0.00357868194095456,
    "bias": 0.0031196267436865996
  },
  "epoch": 0
}