{
  "weights": {
    "signal_w": -0.005137692288884526,
    "bias": -0.0013344025815124286
  },
  "epoch": 0
}