{
  "weights": {
    "signal_w": 0.0002432204072145546,
    "bias": -0.000419331637091194
  },
  "epoch": 0
}