{
  "weights": {
    "signal_w": 6.739969595043575e-05,
    "bias": -0.0036999078140051564
  },
  "epoch": 0
}