{
  "weights": {
    "signal_w": -0.0021906246469301513,
    "bias": -0.0010775659879350699
  },
  "epoch": 0
}