{
  "weights": {
    "signal_w": -0.050307695330338735,
    "bias": 0.028387837589009285
  },
  "epoch": 0
}