{
  "weights": {
    "signal_w": -0.006012164123764441,
    "bias": -0.002718403826464746
  },
  "epoch": 0
}