{
  "weights": {
    "signal_w": -0.002133847511091997,
    "bias": -0.0024353275470401672
  },
  "epoch": 0
}