{
  "weights": {
    "signal_w": -0.0063261673068838505,
    "bias": 0.002559979101139636
  },
  "epoch": 0
}