{
  "weights": {
    "signal_w": 0.0009882140286904565,
    "bias": 0.005207919950206799
  },
  "epoch": 0
}