{
  "weights": {
    "signal_w": -0.008996653430261788,
    "bias": -0.001709297095796687
  },
  "epoch": 0
}