{
  "weights": {
    "signal_w": -0.001984186258020297,
    "bias": -0.001046540728655875
  },
  "epoch": 0
}