{
  "weights": {
    "signal_w": 0.00047635968467378765,
    "bias": 0.0008135700602285182
  },
  "epoch": 0
}