{
  "weights": {
    "signal_w": 0.0004525112800074282,
    "bias": -0.002305579556855008
  },
  "epoch": 0
}