{
  "weights": {
    "signal_w": -0.002673186478463521,
    "bias": 9.652196021654174e-05
  },
  "epoch": 0
}