{
  "weights": {
    "signal_w": -0.0004505094869165056,
    "bias": 0.00012470613729652905
  },
  "epoch": 0
}