{
  "weights": {
    "signal_w": 0.006419534174897576,
    "bias": -0.0005993780657535429
  },
  "epoch": 0
}