{
  "weights": {
    "signal_w": -0.0017044586148496983,
    "bias": 0.001345450437098693
  },
  "epoch": 0
}