{
  "weights": {
    "signal_w": 3.744271048559708e-05,
    "bias": -0.0022922756423670162
  },
  "epoch": 0
}