{
  "weights": {
    "signal_w": 0.4902913263453417,
    "bias": -0.06434892405337372
  },
  "epoch": 0
}