{
  "weights": {
    "signal_w": -0.0038182194079585145,
    "bias": -0.0016900577285612426
  },
  "epoch": 0
}