{
  "weights": {
    "signal_w": -0.007659390908246671,
    "bias": -0.004767141233234699
  },
  "epoch": 0
}