{
  "weights": {
    "signal_w": -0.005605032528261606,
    "bias": -0.002297081901591929
  },
  "epoch": 0
}