{
  "weights": {
    "signal_w": -0.009572543475128583,
    "bias": -0.0026910939490596164
  },
  "epoch": 0
}