{
  "weights": {
    "signal_w": 0.0009138677406006438,
    "bias": 0.0022398085834879587
  },
  "epoch": 0
}