{
  "weights": {
    "signal_w": 0.0024836827953989542,
    "bias": 0.0007013533424723332
  },
  "epoch": 0
}