{
  "weights": {
    "signal_w": -9.002355032846973e-05,
    "bias": -9.205213248698489e-06
  },
  "epoch": 0
}