{
  "weights": {
    "signal_w": 0.00018282990343516044,
    "bias": 0.0030301065011572167
  },
  "epoch": 0
}