{
  "weights": {
    "signal_w": -0.00026767920604750593,
    "bias": -0.004891181474687107
  },
  "epoch": 0
}