{
  "weights": {
    "signal_w": -0.008139180902236335,
    "bias": -0.001548342449651715
  },
  "epoch": 0
}