{
  "weights": {
    "signal_w": 0.0048778423898718955,
    "bias": 0.0015097879046039695
  },
  "epoch": 0
}