{
  "weights": {
    "signal_w": -0.0007174821998188305,
    "bias": 0.00022498379602967701
  },
  "epoch": 0
}