{
  "weights": {
    "signal_w": 0.003833575216988392,
    "bias": -0.00566352008957503
  },
  "epoch": 0
}