{
  "weights": {
    "signal_w": -0.002003799230240456,
    "bias": 0.00019914897004446897
  },
  "epoch": 0
}