{
  "weights": {
    "signal_w": 0.0032420386311978367,
    "bias": 0.0006271852152043678
  },
  "epoch": 0
}