{
  "null": {
    "score": 2.910017183894811,
    "trades": 0
  },
  "null": {
    "score": 0.2250970576516557,
    "trades": 0
  }
}