{
  "null": {
    "score": 4.505161482886882,
    "trades": 0
  },
  "null": {
    "score": 0.3751764762106986,
    "trades": 0
  }
}