{
  "null": {
    "score": 4.434412923043544,
    "trades": 0
  },
  "null": {
    "score": 0.2997080892600073,
    "trades": 0
  }
}