{
  "null": {
    "score": 0.25283781960001567,
    "trades": 0
  },
  "null": {
    "score": 4.6118408,
    "trades": 0
  }
}