{
  "null": {
    "score": 4.54314762403109,
    "trades": 0
  },
  "null": {
    "score": 4.9960008,
    "trades": 0
  }
}