{
  "null": {
    "score": 3.0622476810127157,
    "trades": 0
  },
  "null": {
    "score": 0.20700057703350963,
    "trades": 0
  }
}