{
  "null": {
    "score": 0.27302361219134125,
    "trades": 0
  },
  "null": {
    "score": 0.3216857336840339,
    "trades": 0
  }
}