{
  "null": {
    "score": 1.9198257574464734,
    "trades": 0
  },
  "null": {
    "score": 0.7890096237259021,
    "trades": 0
  }
}