{
  "null": {
    "score": 3.998832953150627,
    "trades": 0
  },
  "null": {
    "score": 4.892164702745725,
    "trades": 0
  }
}