{
  "null": {
    "score": 4.8020000000000005,
    "trades": 0
  },
  "null": {
    "score": 0.2376356261944334,
    "trades": 0
  }
}