{
  "null": {
    "score": 0.2375884112012719,
    "trades": 0
  },
  "null": {
    "score": 0.21648643200000003,
    "trades": 0
  }
}