{
  "null": {
    "score": 4.270007912727258,
    "trades": 0
  },
  "null": {
    "score": 4.759919409532829,
    "trades": 0
  }
}