{
  "null": {
    "score": 4.894122351686399,
    "trades": 0
  },
  "null": {
    "score": 4.898040000000001,
    "trades": 0
  }
}