{
  "null": {
    "score": 0.2877701689292537,
    "trades": 0
  },
  "null": {
    "score": 0.2157946445013158,
    "trades": 0
  }
}