{
  "null": {
    "score": 4.79815916832,
    "trades": 0
  },
  "null": {
    "score": 4.046324421290728,
    "trades": 0
  }
}