{
  "null": {
    "score": 2.581432187148632,
    "trades": 0
  },
  "null": {
    "score": 0.25660772249813923,
    "trades": 0
  }
}