{
  "null": {
    "score": 0.2699822031024746,
    "trades": 0
  },
  "null": {
    "score": 4.510572004506407,
    "trades": 0
  }
}