{
  "null": {
    "score": 4.896080784,
    "trades": 0
  },
  "null": {
    "score": 4.786655095758235,
    "trades": 0
  }
}