{
  "null": {
    "score": 0.24350644234601396,
    "trades": 0
  },
  "null": {
    "score": 2.4092059419189695,
    "trades": 0
  }
}