{
  "null": {
    "score": 1.140169441665331,
    "trades": 0
  },
  "null": {
    "score": 0.30222464723096704,
    "trades": 0
  }
}