{
  "null": {
    "score": 4.1579064595314135,
    "trades": 0
  },
  "null": {
    "score": 0.3456988949258004,
    "trades": 0
  }
}