{
  "null": {
    "score": 0.9821771585089564,
    "trades": 0
  },
  "null": {
    "score": 0.22763282567322052,
    "trades": 0
  }
}