{
  "null": {
    "score": 0.46591653379347825,
    "trades": 0
  },
  "null": {
    "score": 0.2141604959832455,
    "trades": 0
  }
}