{
  "null": {
    "score": 0.5364893534480947,
    "trades": 0
  },
  "null": {
    "score": 0.3873787591436814,
    "trades": 0
  }
}