{
  "null": {
    "score": 1.1932865609794627,
    "trades": 0
  },
  "null": {
    "score": 0.21224160000000003,
    "trades": 0
  }
}