{
  "null": {
    "score": 0.22147944131166372,
    "trades": 0
  },
  "null": {
    "score": 0.2052268307977006,
    "trades": 0
  }
}