{
  "null": {
    "score": 4.898040000000001,
    "trades": 0
  },
  "null": {
    "score": 0.5812045506611959,
    "trades": 0
  }
}