{
  "null": {
    "score": 0.22608986585620347,
    "trades": 0
  },
  "null": {
    "score": 4.8000792,
    "trades": 0
  }
}