{
  "null": {
    "score": 0.21861856577656094,
    "trades": 0
  },
  "null": {
    "score": 0.45678700788619553,
    "trades": 0
  }
}