{
  "null": {
    "score": 0.21588099690007584,
    "trades": 0
  },
  "null": {
    "score": 4.8020000000000005,
    "trades": 0
  }
}