{
  "null": {
    "score": 4.2682885238008135,
    "trades": 0
  },
  "null": {
    "score": 0.2329298149032078,
    "trades": 0
  }
}