{
  "null": {
    "score": 4.199702515807188,
    "trades": 0
  },
  "null": {
    "score": 3.823635214753902,
    "trades": 0
  }
}