{
  "null": {
    "score": 0.41281503622949123,
    "trades": 0
  },
  "null": {
    "score": 0.25748150534515546,
    "trades": 0
  }
}