{
  "null": {
    "score": 1.3512835175224094,
    "trades": 0
  },
  "null": {
    "score": 3.670001464306997,
    "trades": 0
  }
}