{
  "null": {
    "score": 4.415058253229146,
    "trades": 0
  },
  "null": {
    "score": 4.794321408690811,
    "trades": 0
  }
}