{
  "null": {
    "score": 3.8381699919475056,
    "trades": 0
  },
  "null": {
    "score": 2.0624985514197127,
    "trades": 0
  }
}