{
  "null": {
    "score": 4.597103553966207,
    "trades": 0
  },
  "null": {
    "score": 4.191309827612325,
    "trades": 0
  }
}