{
  "null": {
    "score": 0.5352030658877674,
    "trades": 0
  },
  "null": {
    "score": 0.27792756166263877,
    "trades": 0
  }
}