{
  "null": {
    "score": 3.9094812964078827,
    "trades": 0
  },
  "null": {
    "score": 4.2504127414290185,
    "trades": 0
  }
}