{
  "null": {
    "score": 2.1995870548562366,
    "trades": 0
  },
  "null": {
    "score": 2.3376181199028454,
    "trades": 0
  }
}