{
  "null": {
    "score": 2.5912657170391973,
    "trades": 0
  },
  "null": {
    "score": 0.8051956237380593,
    "trades": 0
  }
}