{
  "null": {
    "score": 0.6933059138347594,
    "trades": 0
  },
  "null": {
    "score": 4.503359418293728,
    "trades": 0
  }
}