{
  "null": {
    "score": 0.6579122232936794,
    "trades": 0
  },
  "null": {
    "score": 3.822105760668001,
    "trades": 0
  }
}