{
  "null": {
    "score": 0.3207869494780462,
    "trades": 0
  },
  "null": {
    "score": 0.35488012645483685,
    "trades": 0
  }
}