{
  "null": {
    "score": 4.8000792,
    "trades": 0
  },
  "null": {
    "score": 0.7581186255886508,
    "trades": 0
  }
}