{
  "null": {
    "score": 0.30796137425631787,
    "trades": 0
  },
  "null": {
    "score": 3.299525855323964,
    "trades": 0
  }
}