{
  "null": {
    "score": 0.3652552747886382,
    "trades": 0
  },
  "null": {
    "score": 0.20808000000000001,
    "trades": 0
  }
}