{
  "null": {
    "score": 4.698434980516996,
    "trades": 0
  },
  "null": {
    "score": 0.6122943587702743,
    "trades": 0
  }
}