{
  "null": {
    "score": 0.2968903989578767,
    "trades": 0
  },
  "null": {
    "score": 0.22496231296935404,
    "trades": 0
  }
}