{
  "null": {
    "score": 0.8665408969732757,
    "trades": 0
  },
  "null": {
    "score": 0.21648643200000003,
    "trades": 0
  }
}