{
  "null": {
    "score": 3.4452096286450455,
    "trades": 0
  },
  "null": {
    "score": 4.7981591683200016,
    "trades": 0
  }
}