{
  "null": {
    "score": 4.737121994156648,
    "trades": 0
  },
  "null": {
    "score": 0.2506221668009317,
    "trades": 0
  }
}