{
  "null": {
    "score": 1.8038020094825904,
    "trades": 0
  },
  "null": {
    "score": 1.1080826828234043,
    "trades": 0
  }
}