{
  "null": {
    "score": 2.464824091288828,
    "trades": 0
  },
  "null": {
    "score": 0.20400000000000001,
    "trades": 0
  }
}