{
  "null": {
    "score": 0.4746749402464357,
    "trades": 0
  },
  "null": {
    "score": 3.138566314008672,
    "trades": 0
  }
}