{
  "null": {
    "score": 0.28314455502389596,
    "trades": 0
  },
  "null": {
    "score": 0.2079135692928,
    "trades": 0
  }
}