{
  "null": {
    "score": 0.39575494640982584,
    "trades": 0
  },
  "null": {
    "score": 0.3696616850676462,
    "trades": 0
  }
}