{
  "null": {
    "score": 0.8591523507459822,
    "trades": 0
  },
  "null": {
    "score": 0.20808000000000001,
    "trades": 0
  }
}