{
  "null": {
    "score": 1.108746386210388,
    "trades": 0
  },
  "null": {
    "score": 0.349039841924429,
    "trades": 0
  }
}