{
  "null": {
    "score": 0.8641428480311208,
    "trades": 0
  },
  "null": {
    "score": 0.37555041278258616,
    "trades": 0
  }
}