{
  "null": {
    "score": 0.8151257619792337,
    "trades": 0
  },
  "null": {
    "score": 4.099275233143508,
    "trades": 0
  }
}