{
  "null": {
    "score": 0.20808000000000001,
    "trades": 0
  },
  "null": {
    "score": 2.4678303284897716,
    "trades": 0
  }
}