{
  "null": {
    "score": 4.565943082986425,
    "trades": 0
  },
  "null": {
    "score": 3.9948513042556715,
    "trades": 0
  }
}