{
  "null": {
    "score": 0.6172430002855139,
    "trades": 0
  },
  "null": {
    "score": 4.800079200000001,
    "trades": 0
  }
}