{
  "null": {
    "score": 2.7675310703609837,
    "trades": 0
  },
  "null": {
    "score": 4.508767775704605,
    "trades": 0
  }
}