{
  "null": {
    "score": 0.48903408658133113,
    "trades": 0
  },
  "null": {
    "score": 4.9960008,
    "trades": 0
  }
}