{
  "null": {
    "score": 0.2464453992882375,
    "trades": 0
  },
  "null": {
    "score": 0.5985164032498689,
    "trades": 0
  }
}