{
  "null": {
    "score": 0.220463066709967,
    "trades": 0
  },
  "null": {
    "score": 4.078831372886359,
    "trades": 0
  }
}