{
  "null": {
    "score": 1.5354247879179483,
    "trades": 0
  },
  "null": {
    "score": 0.2610078841525716,
    "trades": 0
  }
}