{
  "null": {
    "score": 0.20808000000000001,
    "trades": 0
  },
  "null": {
    "score": 1.5977691432838546,
    "trades": 0
  }
}