{
  "null": {
    "score": 4.794321408690812,
    "trades": 0
  },
  "null": {
    "score": 0.20400000000000001,
    "trades": 0
  }
}