{
  "null": {
    "score": 0.2999963953886886,
    "trades": 0
  },
  "null": {
    "score": 4.567770191062855,
    "trades": 0
  }
}