{
  "null": {
    "score": 0.9914034195631818,
    "trades": 0
  },
  "null": {
    "score": 4.609996063680001,
    "trades": 0
  }
}