{
  "null": {
    "score": 0.2039184,
    "trades": 0
  },
  "null": {
    "score": 4.69092199384307,
    "trades": 0
  }
}