{
  "null": {
    "score": 0.2031854672343761,
    "trades": 0
  },
  "null": {
    "score": 4.876531675070053,
    "trades": 0
  }
}