{
  "null": {
    "score": 0.21570832664351527,
    "trades": 0
  },
  "null": {
    "score": 4.890207836864628,
    "trades": 0
  }
}