{
  "null": {
    "score": 0.3830634646919044,
    "trades": 0
  },
  "null": {
    "score": 3.0949486340551484,
    "trades": 0
  }
}