{
  "null": {
    "score": 4.70031510655962,
    "trades": 0
  },
  "null": {
    "score": 0.3735280009148213,
    "trades": 0
  }
}