{
  "null": {
    "score": 3.6906251050926584,
    "trades": 0
  },
  "null": {
    "score": 0.41281503622949123,
    "trades": 0
  }
}