{
  "null": {
    "score": 4.898040000000001,
    "trades": 0
  },
  "null": {
    "score": 1.3208203235314442,
    "trades": 0
  }
}