{
  "null": {
    "score": 0.29963654369329207,
    "trades": 0
  },
  "null": {
    "score": 4.487173239542582,
    "trades": 0
  }
}