{
  "null": {
    "score": 0.207996768,
    "trades": 0
  },
  "null": {
    "score": 4.162899941535713,
    "trades": 0
  }
}