{
  "null": {
    "score": 0.20808000000000001,
    "trades": 0
  },
  "null": {
    "score": 3.329357174492282,
    "trades": 0
  }
}