{
  "null": {
    "score": 0.4345292488548563,
    "trades": 0
  },
  "null": {
    "score": 0.21614026148035975,
    "trades": 0
  }
}