{
  "null": {
    "score": 4.89804,
    "trades": 0
  },
  "null": {
    "score": 4.250412741429019,
    "trades": 0
  }
}