{
  "null": {
    "score": 4.798159168320001,
    "trades": 0
  },
  "null": {
    "score": 4.689045625045534,
    "trades": 0
  }
}