{
  "null": {
    "score": 2.669100973523384,
    "trades": 0
  },
  "null": {
    "score": 2.961108824237697,
    "trades": 0
  }
}