{
  "null": {
    "score": 4.874581062400024,
    "trades": 0
  },
  "null": {
    "score": 0.9403451150030814,
    "trades": 0
  }
}