{
  "null": {
    "score": 4.08862338118609,
    "trades": 0
  },
  "null": {
    "score": 4.786655095758234,
    "trades": 0
  }
}