{
  "null": {
    "score": 4.740876027483266,
    "trades": 0
  },
  "null": {
    "score": 0.20400000000000001,
    "trades": 0
  }
}