{
  "null": {
    "score": 4.496158365296758,
    "trades": 0
  },
  "null": {
    "score": 1.5627972326714143,
    "trades": 0
  }
}