{
  "null": {
    "score": 2.7620004344991127,
    "trades": 0
  },
  "null": {
    "score": 1.3270917761950745,
    "trades": 0
  }
}