{
  "null": {
    "score": 4.8020000000000005,
    "trades": 0
  },
  "null": {
    "score": 3.408880594256905,
    "trades": 0
  }
}