{
  "null": {
    "score": 0.9935754453175161,
    "trades": 0
  },
  "null": {
    "score": 1.8419991747701907,
    "trades": 0
  }
}