{
  "null": {
    "score": 0.22881983733995137,
    "trades": 0
  },
  "null": {
    "score": 3.9645677593046544,
    "trades": 0
  }
}