{
  "null": {
    "score": 0.6006785825836437,
    "trades": 0
  },
  "null": {
    "score": 0.2328366429772464,
    "trades": 0
  }
}