{
  "null": {
    "score": 0.31037293591325055,
    "trades": 0
  },
  "null": {
    "score": 2.7847428048682423,
    "trades": 0
  }
}