{
  "null": {
    "score": 0.23944890134867464,
    "trades": 0
  },
  "null": {
    "score": 0.21967066835257668,
    "trades": 0
  }
}