{
  "null": {
    "score": 0.7259534543704552,
    "trades": 0
  },
  "null": {
    "score": 1.2724873251665203,
    "trades": 0
  }
}