{
  "null": {
    "score": 0.22415374321691497,
    "trades": 0
  },
  "null": {
    "score": 3.64586898601271,
    "trades": 0
  }
}