{
  "null": {
    "score": 3.7172988511866665,
    "trades": 0
  },
  "null": {
    "score": 0.23456605935237232,
    "trades": 0
  }
}