{
  "null": {
    "score": 1.9579272613374858,
    "trades": 0
  },
  "null": {
    "score": 4.494359901950635,
    "trades": 0
  }
}