{
  "null": {
    "score": 4.892164702745725,
    "trades": 0
  },
  "null": {
    "score": 4.165404486600439,
    "trades": 0
  }
}