{
  "null": {
    "score": 1.7578570899325012,
    "trades": 0
  },
  "null": {
    "score": 3.730707930904498,
    "trades": 0
  }
}