{
  "null": {
    "score": 0.7483658644239248,
    "trades": 0
  },
  "null": {
    "score": 4.496158365296758,
    "trades": 0
  }
}