{
  "null": {
    "score": 1.0116091571721313,
    "trades": 0
  },
  "null": {
    "score": 0.25727624762661155,
    "trades": 0
  }
}