{
  "null": {
    "score": 4.698434980516996,
    "trades": 0
  },
  "null": {
    "score": 4.4415150844610976,
    "trades": 0
  }
}