{
  "null": {
    "score": 0.20808000000000001,
    "trades": 0
  },
  "null": {
    "score": 2.4752497227560615,
    "trades": 0
  }
}