{
  "null": {
    "score": 2.013167383188931,
    "trades": 0
  },
  "null": {
    "score": 1.919196100228462,
    "trades": 0
  }
}