{
  "null": {
    "score": 1.6239839001266685,
    "trades": 0
  },
  "null": {
    "score": 0.20400000000000001,
    "trades": 0
  }
}