{
  "null": {
    "score": 0.26152982928787166,
    "trades": 0
  },
  "null": {
    "score": 4.6118408,
    "trades": 0
  }
}