{
  "null": {
    "score": 0.21905632808276973,
    "trades": 0
  },
  "null": {
    "score": 0.20808000000000001,
    "trades": 0
  }
}