{
  "null": {
    "score": 2.695960043526063,
    "trades": 0
  },
  "null": {
    "score": 4.885312580152787,
    "trades": 0
  }
}