{
  "null": {
    "score": 0.3633604990666154,
    "trades": 0
  },
  "null": {
    "score": 4.7021959849536,
    "trades": 0
  }
}