{
  "null": {
    "score": 3.2810964748493285,
    "trades": 0
  },
  "null": {
    "score": 0.21215670336000003,
    "trades": 0
  }
}