{
  "null": {
    "score": 0.2888089869279196,
    "trades": 0
  },
  "null": {
    "score": 3.8821998720557866,
    "trades": 0
  }
}