{
  "null": {
    "score": 1.1016157934160598,
    "trades": 0
  },
  "null": {
    "score": 4.985963587884807,
    "trades": 0
  }
}