{
  "null": {
    "score": 3.64586898601271,
    "trades": 0
  },
  "null": {
    "score": 1.9178630216281596,
    "trades": 0
  }
}