{
  "null": {
    "score": 4.602624494394292,
    "trades": 0
  },
  "null": {
    "score": 0.21861856577656094,
    "trades": 0
  }
}