{
  "null": {
    "score": 0.22964523867644412,
    "trades": 0
  },
  "null": {
    "score": 0.6842199055319333,
    "trades": 0
  }
}