{
  "null": {
    "score": 4.7021959849536,
    "trades": 0
  },
  "null": {
    "score": 0.20791356929280003,
    "trades": 0
  }
}