{
  "null": {
    "score": 3.472197389182803,
    "trades": 0
  },
  "null": {
    "score": 4.8020000000000005,
    "trades": 0
  }
}