{
  "null": {
    "score": 0.2544095812700571,
    "trades": 0
  },
  "null": {
    "score": 4.656075653050051,
    "trades": 0
  }
}