{
  "null": {
    "score": 0.9405997284399927,
    "trades": 0
  },
  "null": {
    "score": 3.6153658779496034,
    "trades": 0
  }
}