{
  "null": {
    "score": 0.3709233997644058,
    "trades": 0
  },
  "null": {
    "score": 0.2886353338948983,
    "trades": 0
  }
}