{
  "null": {
    "score": 0.6818961348655646,
    "trades": 0
  },
  "null": {
    "score": 4.9960008,
    "trades": 0
  }
}