{
  "null": {
    "score": 4.71254799244789,
    "trades": 0
  },
  "null": {
    "score": 2.6739356092838062,
    "trades": 0
  }
}