{
  "null": {
    "score": 4.996000800000001,
    "trades": 0
  },
  "null": {
    "score": 0.8434538696740826,
    "trades": 0
  }
}