{
  "null": {
    "score": 4.595264712544623,
    "trades": 0
  },
  "null": {
    "score": 4.3886419482760735,
    "trades": 0
  }
}