{
  "null": {
    "score": 0.23758841120127183,
    "trades": 0
  },
  "null": {
    "score": 4.514182628339857,
    "trades": 0
  }
}