{
  "null": {
    "score": 0.2079135692928,
    "trades": 0
  },
  "null": {
    "score": 0.20400000000000001,
    "trades": 0
  }
}