{
  "null": {
    "score": 4.996000800000001,
    "trades": 0
  },
  "null": {
    "score": 0.7519633456111285,
    "trades": 0
  }
}