{
  "null": {
    "score": 1.2918206253978188,
    "trades": 0
  },
  "null": {
    "score": 0.2287283094050154,
    "trades": 0
  }
}