{
  "null": {
    "score": 3.8985374764397362,
    "trades": 0
  },
  "null": {
    "score": 2.812735562309674,
    "trades": 0
  }
}