{
  "null": {
    "score": 0.28708097659729787,
    "trades": 0
  },
  "null": {
    "score": 4.517796142406399,
    "trades": 0
  }
}