{
  "null": {
    "score": 4.786655095758235,
    "trades": 0
  },
  "null": {
    "score": 0.21305749249583372,
    "trades": 0
  }
}