{
  "null": {
    "score": 1.4300568259648485,
    "trades": 0
  },
  "null": {
    "score": 3.7802796283117317,
    "trades": 0
  }
}