{
  "null": {
    "score": 4.890207836864628,
    "trades": 0
  },
  "null": {
    "score": 0.20518660233367303,
    "trades": 0
  }
}