{
  "null": {
    "score": 0.8735000954439653,
    "trades": 0
  },
  "null": {
    "score": 0.21224160000000003,
    "trades": 0
  }
}