{
  "null": {
    "score": 0.7957896894590993,
    "trades": 0
  },
  "null": {
    "score": 4.422129416182751,
    "trades": 0
  }
}