{
  "null": {
    "score": 0.9458829227631804,
    "trades": 0
  },
  "null": {
    "score": 4.257208851713964,
    "trades": 0
  }
}