{
  "null": {
    "score": 4.099275233143508,
    "trades": 0
  },
  "null": {
    "score": 4.67967503326805,
    "trades": 0
  }
}