{
  "null": {
    "score": 0.203755297906944,
    "trades": 0
  },
  "null": {
    "score": 2.595415891530752,
    "trades": 0
  }
}