{
  "null": {
    "score": 2.4589669000861147,
    "trades": 0
  },
  "null": {
    "score": 4.786655095758235,
    "trades": 0
  }
}