{
  "null": {
    "score": 2.1617560350368534,
    "trades": 0
  },
  "null": {
    "score": 2.8545297055860614,
    "trades": 0
  }
}