{
  "null": {
    "score": 4.5842470999896525,
    "trades": 0
  },
  "null": {
    "score": 2.2045236504870784,
    "trades": 0
  }
}