{
  "null": {
    "score": 0.31949758610769186,
    "trades": 0
  },
  "null": {
    "score": 1.9915484839321873,
    "trades": 0
  }
}