{
  "null": {
    "score": 1.1630256013445586,
    "trades": 0
  },
  "null": {
    "score": 2.912870962663045,
    "trades": 0
  }
}