{
  "null": {
    "score": 3.7787574365348937,
    "trades": 0
  },
  "null": {
    "score": 0.2963543938620052,
    "trades": 0
  }
}