{
  "null": {
    "score": 2.856391933194313,
    "trades": 0
  },
  "null": {
    "score": 4.9960008,
    "trades": 0
  }
}