{
  "null": {
    "score": 0.2077472717035369,
    "trades": 0
  },
  "null": {
    "score": 0.2237057942330407,
    "trades": 0
  }
}