{
  "null": {
    "score": 0.20808000000000001,
    "trades": 0
  },
  "null": {
    "score": 0.20741507545301402,
    "trades": 0
  }
}