{
  "null": {
    "score": 4.704077616000001,
    "trades": 0
  },
  "null": {
    "score": 0.30691546547452775,
    "trades": 0
  }
}