{
  "null": {
    "score": 4.115708465491046,
    "trades": 0
  },
  "null": {
    "score": 0.2520298703850096,
    "trades": 0
  }
}