{
  "null": {
    "score": 4.2148517271243415,
    "trades": 0
  },
  "null": {
    "score": 4.8941223516864,
    "trades": 0
  }
}