{
  "null": {
    "score": 0.2543563195012699,
    "trades": 0
  },
  "null": {
    "score": 0.2394964860695898,
    "trades": 0
  }
}