{
  "null": {
    "score": 0.20400000000000001,
    "trades": 0
  },
  "null": {
    "score": 2.7675310703609837,
    "trades": 0
  }
}