{
  "null": {
    "score": 2.0526203093437427,
    "trades": 0
  },
  "null": {
    "score": 0.4808853253564411,
    "trades": 0
  }
}