{
  "null": {
    "score": 4.898040000000001,
    "trades": 0
  },
  "null": {
    "score": 4.252113586863763,
    "trades": 0
  }
}