{
  "null": {
    "score": 0.4782969404038762,
    "trades": 0
  },
  "null": {
    "score": 1.583172171963222,
    "trades": 0
  }
}