{
  "null": {
    "score": 0.34028550841086613,
    "trades": 0
  },
  "null": {
    "score": 0.2205062902462387,
    "trades": 0
  }
}