{
  "null": {
    "score": 4.566850454563813,
    "trades": 0
  },
  "null": {
    "score": 0.7870224049345036,
    "trades": 0
  }
}