{
  "null": {
    "score": 1.5537512243776657,
    "trades": 0
  },
  "null": {
    "score": 0.2705228160712112,
    "trades": 0
  }
}