{
  "null": {
    "score": 0.20675227568809842,
    "trades": 0
  },
  "null": {
    "score": 0.5305045165064655,
    "trades": 0
  }
}