{
  "null": {
    "score": 0.21198701194238456,
    "trades": 0
  },
  "null": {
    "score": 0.26949549687188024,
    "trades": 0
  }
}