{
  "null": {
    "score": 4.8020000000000005,
    "trades": 0
  },
  "null": {
    "score": 1.018709896615245,
    "trades": 0
  }
}