{
  "null": {
    "score": 0.4883400110911821,
    "trades": 0
  },
  "null": {
    "score": 3.379008101912382,
    "trades": 0
  }
}