{
  "null": {
    "score": 4.8020000000000005,
    "trades": 0
  },
  "null": {
    "score": 0.28627811381210255,
    "trades": 0
  }
}