{
  "null": {
    "score": 4.806798952296844,
    "trades": 0
  },
  "null": {
    "score": 4.9960008,
    "trades": 0
  }
}