{
  "null": {
    "score": 0.6694900998315018,
    "trades": 0
  },
  "null": {
    "score": 4.224981548290876,
    "trades": 0
  }
}