{
  "null": {
    "score": 4.864839696485818,
    "trades": 0
  },
  "null": {
    "score": 4.769450682829232,
    "trades": 0
  }
}