{
  "null": {
    "score": 4.172064674679683,
    "trades": 0
  },
  "null": {
    "score": 0.2039184,
    "trades": 0
  }
}