{
  "null": {
    "score": 0.5662835318993052,
    "trades": 0
  },
  "null": {
    "score": 0.23237134208093507,
    "trades": 0
  }
}