{
  "null": {
    "score": 4.2742638088776514,
    "trades": 0
  },
  "null": {
    "score": 4.896080784,
    "trades": 0
  }
}