{
  "null": {
    "score": 2.9328125593247196,
    "trades": 0
  },
  "null": {
    "score": 0.20799676800000003,
    "trades": 0
  }
}