{
  "null": {
    "score": 0.21570832664351525,
    "trades": 0
  },
  "null": {
    "score": 0.229139556783335,
    "trades": 0
  }
}