{
  "null": {
    "score": 0.21717985787624802,
    "trades": 0
  },
  "null": {
    "score": 4.779001041568651,
    "trades": 0
  }
}