{
  "null": {
    "score": 0.46267511488999297,
    "trades": 0
  },
  "null": {
    "score": 0.21224160000000003,
    "trades": 0
  }
}