{
  "null": {
    "score": 4.137170194268307,
    "trades": 0
  },
  "null": {
    "score": 1.9614841878987137,
    "trades": 0
  }
}