{
  "null": {
    "score": 0.2505690295452236,
    "trades": 0
  },
  "null": {
    "score": 0.25017102891100645,
    "trades": 0
  }
}