{
  "null": {
    "score": 1.4747085474410173,
    "trades": 0
  },
  "null": {
    "score": 3.3387032140641755,
    "trades": 0
  }
}