{
  "null": {
    "score": 0.27193348141722934,
    "trades": 0
  },
  "null": {
    "score": 3.682301742392014,
    "trades": 0
  }
}