{
  "null": {
    "score": 4.653536880252347,
    "trades": 0
  },
  "null": {
    "score": 0.22037488148328296,
    "trades": 0
  }
}