{
  "null": {
    "score": 4.677803163254746,
    "trades": 0
  },
  "null": {
    "score": 0.27160656723320487,
    "trades": 0
  }
}