{
  "null": {
    "score": 0.20400000000000001,
    "trades": 0
  },
  "null": {
    "score": 2.348376169025715,
    "trades": 0
  }
}