{
  "null": {
    "score": 4.8020000000000005,
    "trades": 0
  },
  "null": {
    "score": 4.517796142406399,
    "trades": 0
  }
}