{
  "null": {
    "score": 1.6157899593839442,
    "trades": 0
  },
  "null": {
    "score": 1.6660631391209066,
    "trades": 0
  }
}