{
  "null": {
    "score": 0.314812146465174,
    "trades": 0
  },
  "null": {
    "score": 4.792403680127333,
    "trades": 0
  }
}