{
  "null": {
    "score": 0.42099216775638987,
    "trades": 0
  },
  "null": {
    "score": 4.6044662809066566,
    "trades": 0
  }
}