{
  "null": {
    "score": 1.273273276429464,
    "trades": 0
  },
  "null": {
    "score": 4.2148517271243415,
    "trades": 0
  }
}