{
  "null": {
    "score": 0.20400000000000001,
    "trades": 0
  },
  "null": {
    "score": 3.376314442447363,
    "trades": 0
  }
}