{
  "null": {
    "score": 4.421239004962958,
    "trades": 0
  },
  "null": {
    "score": 1.2381719723783398,
    "trades": 0
  }
}