{
  "null": {
    "score": 3.8752219708407805,
    "trades": 0
  },
  "null": {
    "score": 3.484722336315514,
    "trades": 0
  }
}