{
  "null": {
    "score": 3.3446971910220773,
    "trades": 0
  },
  "null": {
    "score": 3.6218565476430147,
    "trades": 0
  }
}