{
  "null": {
    "score": 4.295710130521294,
    "trades": 0
  },
  "null": {
    "score": 0.207996768,
    "trades": 0
  }
}