{
  "null": {
    "score": 0.5864311007071477,
    "trades": 0
  },
  "null": {
    "score": 0.21605380537576765,
    "trades": 0
  }
}