{
  "null": {
    "score": 4.9960008,
    "trades": 0
  },
  "null": {
    "score": 4.729547145390529,
    "trades": 0
  }
}