{
  "null": {
    "score": 3.0838246292482188,
    "trades": 0
  },
  "null": {
    "score": 4.988011993601919,
    "trades": 0
  }
}