{
  "null": {
    "score": 3.5225595144172406,
    "trades": 0
  },
  "null": {
    "score": 4.692799113488465,
    "trades": 0
  }
}