{
  "null": {
    "score": 0.25980941950697267,
    "trades": 0
  },
  "null": {
    "score": 0.20400000000000001,
    "trades": 0
  }
}