{
  "null": {
    "score": 3.650247531164908,
    "trades": 0
  },
  "null": {
    "score": 0.3450839761700804,
    "trades": 0
  }
}