{
  "null": {
    "score": 0.39425836422191185,
    "trades": 0
  },
  "null": {
    "score": 2.856391933194313,
    "trades": 0
  }
}