{
  "null": {
    "score": 4.514182628339857,
    "trades": 0
  },
  "null": {
    "score": 4.70596,
    "trades": 0
  }
}