{
  "null": {
    "score": 4.729547145390529,
    "trades": 0
  },
  "null": {
    "score": 0.2639999446996697,
    "trades": 0
  }
}