{
  "null": {
    "score": 3.986065221043132,
    "trades": 0
  },
  "null": {
    "score": 1.2246387215584498,
    "trades": 0
  }
}