{
  "null": {
    "score": 3.57938522571923,
    "trades": 0
  },
  "null": {
    "score": 4.9960008,
    "trades": 0
  }
}