{
  "null": {
    "score": 4.60999606368,
    "trades": 0
  },
  "null": {
    "score": 0.9580347171393342,
    "trades": 0
  }
}