{
  "null": {
    "score": 0.2639999446996697,
    "trades": 0
  },
  "null": {
    "score": 2.253146804832144,
    "trades": 0
  }
}