{
  "null": {
    "score": 3.826695959249949,
    "trades": 0
  },
  "null": {
    "score": 1.9142142290774586,
    "trades": 0
  }
}