{
  "null": {
    "score": 0.20808000000000001,
    "trades": 0
  },
  "null": {
    "score": 0.21207184067865603,
    "trades": 0
  }
}