{
  "null": {
    "score": 0.34549564358212337,
    "trades": 0
  },
  "null": {
    "score": 0.26729173550871055,
    "trades": 0
  }
}