{
  "null": {
    "score": 0.3652552747886386,
    "trades": 0
  },
  "null": {
    "score": 3.724742378739701,
    "trades": 0
  }
}