{
  "null": {
    "score": 0.263210026885672,
    "trades": 0
  },
  "null": {
    "score": 1.7037616692893947,
    "trades": 0
  }
}