{
  "null": {
    "score": 0.21544958017773452,
    "trades": 0
  },
  "null": {
    "score": 2.3818628631588816,
    "trades": 0
  }
}