{
  "null": {
    "score": 0.20799676800000003,
    "trades": 0
  },
  "null": {
    "score": 1.3960722387960331,
    "trades": 0
  }
}