{
  "null": {
    "score": 4.024523443371887,
    "trades": 0
  },
  "null": {
    "score": 3.8969884567310076,
    "trades": 0
  }
}