{
  "null": {
    "score": 0.2150190255988472,
    "trades": 0
  },
  "null": {
    "score": 4.892164702745724,
    "trades": 0
  }
}