{
  "null": {
    "score": 4.70596,
    "trades": 0
  },
  "null": {
    "score": 0.2069177768026963,
    "trades": 0
  }
}