{
  "null": {
    "score": 4.5934266066596035,
    "trades": 0
  },
  "null": {
    "score": 0.4522446155929052,
    "trades": 0
  }
}