{
  "null": {
    "score": 3.973338254575282,
    "trades": 0
  },
  "null": {
    "score": 0.3830634646919044,
    "trades": 0
  }
}