{
  "null": {
    "score": 3.622585967993932,
    "trades": 0
  },
  "null": {
    "score": 3.9464058416067456,
    "trades": 0
  }
}