{
  "null": {
    "score": 1.3142331429730967,
    "trades": 0
  },
  "null": {
    "score": 4.70596,
    "trades": 0
  }
}