{
  "null": {
    "score": 0.2562489930505888,
    "trades": 0
  },
  "null": {
    "score": 0.20400000000000001,
    "trades": 0
  }
}