{
  "null": {
    "score": 3.890757015311627,
    "trades": 0
  },
  "null": {
    "score": 2.005415267911806,
    "trades": 0
  }
}