{
  "null": {
    "score": 4.60999606368,
    "trades": 0
  },
  "null": {
    "score": 1.9740910030561427,
    "trades": 0
  }
}