{
  "null": {
    "score": 3.4493563910227585,
    "trades": 0
  },
  "null": {
    "score": 3.5736521118494897,
    "trades": 0
  }
}