{
  "null": {
    "score": 0.20359232626946616,
    "trades": 0
  },
  "null": {
    "score": 0.22055128722485692,
    "trades": 0
  }
}