{
  "null": {
    "score": 0.2376356261944334,
    "trades": 0
  },
  "null": {
    "score": 3.9828876310560677,
    "trades": 0
  }
}