{
  "null": {
    "score": 1.7480386437220812,
    "trades": 0
  },
  "null": {
    "score": 0.6654879375896723,
    "trades": 0
  }
}