{
  "null": {
    "score": 3.284384250048402,
    "trades": 0
  },
  "null": {
    "score": 0.3860621005371808,
    "trades": 0
  }
}