{
  "null": {
    "score": 0.23873180622158227,
    "trades": 0
  },
  "null": {
    "score": 2.695960043526063,
    "trades": 0
  }
}