{
  "null": {
    "score": 4.6081520652545285,
    "trades": 0
  },
  "null": {
    "score": 0.21215670336000003,
    "trades": 0
  }
}