{
  "null": {
    "score": 0.41223683426608076,
    "trades": 0
  },
  "null": {
    "score": 4.89804,
    "trades": 0
  }
}