{
  "null": {
    "score": 0.29951668907581497,
    "trades": 0
  },
  "null": {
    "score": 0.9776229549855718,
    "trades": 0
  }
}