{
  "null": {
    "score": 4.415058253229146,
    "trades": 0
  },
  "null": {
    "score": 4.754209790698068,
    "trades": 0
  }
}