{
  "null": {
    "score": 0.2115633769620743,
    "trades": 0
  },
  "null": {
    "score": 0.21042294449441062,
    "trades": 0
  }
}