{
  "null": {
    "score": 0.23297610411218958,
    "trades": 0
  },
  "null": {
    "score": 4.794321408690811,
    "trades": 0
  }
}