{
  "null": {
    "score": 4.798159168320001,
    "trades": 0
  },
  "null": {
    "score": 1.9634601398304885,
    "trades": 0
  }
}