{
  "null": {
    "score": 0.29358391137984124,
    "trades": 0
  },
  "null": {
    "score": 0.23344261598534816,
    "trades": 0
  }
}