{
  "null": {
    "score": 4.666587656404734,
    "trades": 0
  },
  "null": {
    "score": 0.3481347289725149,
    "trades": 0
  }
}