{
  "null": {
    "score": 1.4098218892815482,
    "trades": 0
  },
  "null": {
    "score": 0.5315753077989817,
    "trades": 0
  }
}