{
  "null": {
    "score": 1.3960722387960331,
    "trades": 0
  },
  "null": {
    "score": 0.22370579423304068,
    "trades": 0
  }
}