{
  "null": {
    "score": 3.288135606286454,
    "trades": 0
  },
  "null": {
    "score": 0.5549237990418532,
    "trades": 0
  }
}