{
  "null": {
    "score": 3.331360231302969,
    "trades": 0
  },
  "null": {
    "score": 4.8000792,
    "trades": 0
  }
}