{
  "null": {
    "score": 3.7158020196557495,
    "trades": 0
  },
  "null": {
    "score": 4.576916704333432,
    "trades": 0
  }
}