{
  "null": {
    "score": 0.23269664460087436,
    "trades": 0
  },
  "null": {
    "score": 1.3024436066717664,
    "trades": 0
  }
}