{
  "null": {
    "score": 2.891464268126214,
    "trades": 0
  },
  "null": {
    "score": 3.192410191576891,
    "trades": 0
  }
}