{
  "null": {
    "score": 2.464380380055759,
    "trades": 0
  },
  "null": {
    "score": 0.2315361424598949,
    "trades": 0
  }
}