{
  "null": {
    "score": 4.057672278978559,
    "trades": 0
  },
  "null": {
    "score": 3.5288929821416644,
    "trades": 0
  }
}