{
  "null": {
    "score": 3.02877723678988,
    "trades": 0
  },
  "null": {
    "score": 4.994002399679999,
    "trades": 0
  }
}