{
  "null": {
    "score": 4.606308804428426,
    "trades": 0
  },
  "null": {
    "score": 4.039854185652349,
    "trades": 0
  }
}