{
  "null": {
    "score": 0.7276904003031656,
    "trades": 0
  },
  "null": {
    "score": 4.8000792,
    "trades": 0
  }
}