{
  "null": {
    "score": 3.898516677639692,
    "trades": 0
  },
  "null": {
    "score": 0.6738909630241976,
    "trades": 0
  }
}