{
  "null": {
    "score": 4.421239004962956,
    "trades": 0
  },
  "null": {
    "score": 4.886296453028389,
    "trades": 0
  }
}