{
  "null": {
    "score": 0.210213425793771,
    "trades": 0
  },
  "null": {
    "score": 0.6243404078911887,
    "trades": 0
  }
}