{
  "null": {
    "score": 0.2151050676258975,
    "trades": 0
  },
  "null": {
    "score": 4.972072683648026,
    "trades": 0
  }
}