{
  "null": {
    "score": 3.6560742669299104,
    "trades": 0
  },
  "null": {
    "score": 0.21407483178485204,
    "trades": 0
  }
}