{
  "null": {
    "score": 3.625505118702663,
    "trades": 0
  },
  "null": {
    "score": 2.4815592638802335,
    "trades": 0
  }
}