{
  "null": {
    "score": 4.888251753729882,
    "trades": 0
  },
  "null": {
    "score": 2.073253634022187,
    "trades": 0
  }
}