{
  "null": {
    "score": 3.413652772433246,
    "trades": 0
  },
  "null": {
    "score": 4.806798952296844,
    "trades": 0
  }
}