{
  "null": {
    "score": 3.3360327856854397,
    "trades": 0
  },
  "null": {
    "score": 4.510572004506406,
    "trades": 0
  }
}