{
  "null": {
    "score": 0.21622675218123225,
    "trades": 0
  },
  "null": {
    "score": 0.34494594257961225,
    "trades": 0
  }
}