{
  "null": {
    "score": 2.609475346106582,
    "trades": 0
  },
  "null": {
    "score": 0.7201601392311604,
    "trades": 0
  }
}