{
  "null": {
    "score": 4.878483068297372,
    "trades": 0
  },
  "null": {
    "score": 0.28708097659729787,
    "trades": 0
  }
}