{
  "null": {
    "score": 0.40961078927563777,
    "trades": 0
  },
  "null": {
    "score": 0.41480613595792504,
    "trades": 0
  }
}