{
  "null": {
    "score": 0.24031264395723748,
    "trades": 0
  },
  "null": {
    "score": 4.54314762403109,
    "trades": 0
  }
}