{
  "null": {
    "score": 3.4058268636760944,
    "trades": 0
  },
  "null": {
    "score": 4.339753665676129,
    "trades": 0
  }
}