{
  "null": {
    "score": 2.471789402244465,
    "trades": 0
  },
  "null": {
    "score": 4.882388197673398,
    "trades": 0
  }
}