{
  "null": {
    "score": 0.2531917736595626,
    "trades": 0
  },
  "null": {
    "score": 1.6577939667116046,
    "trades": 0
  }
}