{
  "null": {
    "score": 4.792403680127334,
    "trades": 0
  },
  "null": {
    "score": 4.892164702745726,
    "trades": 0
  }
}