{
  "null": {
    "score": 0.5390712102486044,
    "trades": 0
  },
  "null": {
    "score": 0.3517031853100028,
    "trades": 0
  }
}