{
  "null": {
    "score": 0.6243404078911887,
    "trades": 0
  },
  "null": {
    "score": 4.474624221326697,
    "trades": 0
  }
}