{
  "null": {
    "score": 3.419110962526137,
    "trades": 0
  },
  "null": {
    "score": 1.488041524143713,
    "trades": 0
  }
}