{
  "null": {
    "score": 0.42327156730400467,
    "trades": 0
  },
  "null": {
    "score": 0.22072783417574404,
    "trades": 0
  }
}