{
  "null": {
    "score": 4.898040000000001,
    "trades": 0
  },
  "null": {
    "score": 1.273273276429464,
    "trades": 0
  }
}