{
  "null": {
    "score": 3.5812997738662875,
    "trades": 0
  },
  "null": {
    "score": 0.5651262274607849,
    "trades": 0
  }
}