{
  "null": {
    "score": 1.9634601398304885,
    "trades": 0
  },
  "null": {
    "score": 4.158743837143947,
    "trades": 0
  }
}