{
  "null": {
    "score": 3.941672048619049,
    "trades": 0
  },
  "null": {
    "score": 1.2918206253978188,
    "trades": 0
  }
}