{
  "null": {
    "score": 4.494359901950635,
    "trades": 0
  },
  "null": {
    "score": 4.1000679916012555,
    "trades": 0
  }
}