{
  "null": {
    "score": 4.667515028675,
    "trades": 0
  },
  "null": {
    "score": 0.32149402793143744,
    "trades": 0
  }
}