{
  "null": {
    "score": 4.595264712544621,
    "trades": 0
  },
  "null": {
    "score": 4.095996468841027,
    "trades": 0
  }
}