{
  "null": {
    "score": 1.1126924102983256,
    "trades": 0
  },
  "null": {
    "score": 4.784740433719931,
    "trades": 0
  }
}