{
  "null": {
    "score": 4.994002399679999,
    "trades": 0
  },
  "null": {
    "score": 0.42048717920437956,
    "trades": 0
  }
}