{
  "null": {
    "score": 4.702195984953601,
    "trades": 0
  },
  "null": {
    "score": 0.25517444948922674,
    "trades": 0
  }
}