{
  "null": {
    "score": 0.20400000000000001,
    "trades": 0
  },
  "null": {
    "score": 4.288841117094594,
    "trades": 0
  }
}