{
  "null": {
    "score": 4.6081520652545285,
    "trades": 0
  },
  "null": {
    "score": 4.994002399679999,
    "trades": 0
  }
}