{
  "null": {
    "score": 1.5409222834839251,
    "trades": 0
  },
  "null": {
    "score": 2.5470682942941654,
    "trades": 0
  }
}