{
  "null": {
    "score": 4.109127281972871,
    "trades": 0
  },
  "null": {
    "score": 4.894122351686399,
    "trades": 0
  }
}