{
  "null": {
    "score": 1.3706106925287418,
    "trades": 0
  },
  "null": {
    "score": 0.4815778107572457,
    "trades": 0
  }
}