{
  "null": {
    "score": 0.20808000000000001,
    "trades": 0
  },
  "null": {
    "score": 1.2746171753471556,
    "trades": 0
  }
}