{
  "null": {
    "score": 0.6786193631765516,
    "trades": 0
  },
  "null": {
    "score": 2.969421131628462,
    "trades": 0
  }
}