{
  "null": {
    "score": 4.7021959849536,
    "trades": 0
  },
  "null": {
    "score": 3.8620608115867183,
    "trades": 0
  }
}