{
  "null": {
    "score": 0.21949496696520163,
    "trades": 0
  },
  "null": {
    "score": 0.45088904282905545,
    "trades": 0
  }
}