{
  "null": {
    "score": 3.8121741258270236,
    "trades": 0
  },
  "null": {
    "score": 4.597103553966207,
    "trades": 0
  }
}