{
  "null": {
    "score": 3.823635214753902,
    "trades": 0
  },
  "null": {
    "score": 4.241918713886827,
    "trades": 0
  }
}