{
  "null": {
    "score": 0.5838559582699621,
    "trades": 0
  },
  "null": {
    "score": 4.5842470999896525,
    "trades": 0
  }
}