{
  "null": {
    "score": 1.6660631391209066,
    "trades": 0
  },
  "null": {
    "score": 0.4001368983440662,
    "trades": 0
  }
}