{
  "null": {
    "score": 3.9940256186322114,
    "trades": 0
  },
  "null": {
    "score": 0.4746749402464357,
    "trades": 0
  }
}