{
  "null": {
    "score": 4.876531675070053,
    "trades": 0
  },
  "null": {
    "score": 1.1932865609794627,
    "trades": 0
  }
}