{
  "null": {
    "score": 3.3387032140641755,
    "trades": 0
  },
  "null": {
    "score": 0.2213908495351391,
    "trades": 0
  }
}