{
  "null": {
    "score": 0.8285603249911001,
    "trades": 0
  },
  "null": {
    "score": 0.21224160000000003,
    "trades": 0
  }
}