{
  "null": {
    "score": 4.150410858129443,
    "trades": 0
  },
  "null": {
    "score": 3.1036283722554785,
    "trades": 0
  }
}