{
  "null": {
    "score": 4.898040000000001,
    "trades": 0
  },
  "null": {
    "score": 4.668455038420101,
    "trades": 0
  }
}