{
  "null": {
    "score": 4.782826537546442,
    "trades": 0
  },
  "null": {
    "score": 4.992004798720128,
    "trades": 0
  }
}