{
  "null": {
    "score": 3.517606938097802,
    "trades": 0
  },
  "null": {
    "score": 1.0727520917894302,
    "trades": 0
  }
}