{
  "null": {
    "score": 4.214851727124341,
    "trades": 0
  },
  "null": {
    "score": 0.20700057703350966,
    "trades": 0
  }
}