{
  "null": {
    "score": 0.4279547691666687,
    "trades": 0
  },
  "null": {
    "score": 0.2338635872291118,
    "trades": 0
  }
}