{
  "null": {
    "score": 4.6118408,
    "trades": 0
  },
  "null": {
    "score": 1.5774566151227754,
    "trades": 0
  }
}