{
  "null": {
    "score": 2.3250233905364794,
    "trades": 0
  },
  "null": {
    "score": 2.4175127811869657,
    "trades": 0
  }
}