{
  "null": {
    "score": 0.2847930351363421,
    "trades": 0
  },
  "null": {
    "score": 3.8381699919475056,
    "trades": 0
  }
}