{
  "null": {
    "score": 0.5393940953487972,
    "trades": 0
  },
  "null": {
    "score": 4.653536880252347,
    "trades": 0
  }
}