{
  "null": {
    "score": 0.3066090510202118,
    "trades": 0
  },
  "null": {
    "score": 0.20400000000000001,
    "trades": 0
  }
}