{
  "null": {
    "score": 0.6560967975225155,
    "trades": 0
  },
  "null": {
    "score": 0.2133907506115262,
    "trades": 0
  }
}