{
  "null": {
    "score": 3.715063739921531,
    "trades": 0
  },
  "null": {
    "score": 0.2922908162498689,
    "trades": 0
  }
}