{
  "null": {
    "score": 0.44417543906821283,
    "trades": 0
  },
  "null": {
    "score": 4.838383323467238,
    "trades": 0
  }
}