{
  "null": {
    "score": 4.8882517537298815,
    "trades": 0
  },
  "null": {
    "score": 0.23873180622158227,
    "trades": 0
  }
}