{
  "null": {
    "score": 2.0649700226440646,
    "trades": 0
  },
  "null": {
    "score": 0.6491835854273937,
    "trades": 0
  }
}