{
  "null": {
    "score": 1.776939193954382,
    "trades": 0
  },
  "null": {
    "score": 4.886296453028388,
    "trades": 0
  }
}