{
  "null": {
    "score": 4.031780938462751,
    "trades": 0
  },
  "null": {
    "score": 4.978043947242217,
    "trades": 0
  }
}