{
  "null": {
    "score": 1.0933290265102267,
    "trades": 0
  },
  "null": {
    "score": 0.7809364749816944,
    "trades": 0
  }
}