{
  "null": {
    "score": 0.9776229549855718,
    "trades": 0
  },
  "null": {
    "score": 2.15202213399219,
    "trades": 0
  }
}