{
  "null": {
    "score": 4.497957548316084,
    "trades": 0
  },
  "null": {
    "score": 0.8641428480311208,
    "trades": 0
  }
}