{
  "null": {
    "score": 3.659020403165676,
    "trades": 0
  },
  "null": {
    "score": 0.7208913995907041,
    "trades": 0
  }
}