{
  "null": {
    "score": 4.798159168320001,
    "trades": 0
  },
  "null": {
    "score": 4.587916699282406,
    "trades": 0
  }
}