{
  "null": {
    "score": 0.6196124640875552,
    "trades": 0
  },
  "null": {
    "score": 3.051920841064367,
    "trades": 0
  }
}