{
  "null": {
    "score": 0.22854536335402081,
    "trades": 0
  },
  "null": {
    "score": 0.2119022171376076,
    "trades": 0
  }
}