{
  "null": {
    "score": 3.64659351495068,
    "trades": 0
  },
  "null": {
    "score": 3.826695959249949,
    "trades": 0
  }
}