{
  "null": {
    "score": 4.694676984282178,
    "trades": 0
  },
  "null": {
    "score": 0.210213425793771,
    "trades": 0
  }
}