{
  "null": {
    "score": 0.2762090305374346,
    "trades": 0
  },
  "null": {
    "score": 1.289952727386233,
    "trades": 0
  }
}