{
  "null": {
    "score": 4.890207836864628,
    "trades": 0
  },
  "null": {
    "score": 0.42718441986353345,
    "trades": 0
  }
}