{
  "null": {
    "score": 3.1036283722554785,
    "trades": 0
  },
  "null": {
    "score": 2.0151900239595215,
    "trades": 0
  }
}