{
  "null": {
    "score": 0.21861856577656105,
    "trades": 0
  },
  "null": {
    "score": 4.381624333131723,
    "trades": 0
  }
}