{
  "null": {
    "score": 0.3155043720272759,
    "trades": 0
  },
  "null": {
    "score": 1.1513465418079183,
    "trades": 0
  }
}