{
  "null": {
    "score": 2.353445669220576,
    "trades": 0
  },
  "null": {
    "score": 0.23730152010761496,
    "trades": 0
  }
}