{
  "null": {
    "score": 3.3286956761355624,
    "trades": 0
  },
  "null": {
    "score": 3.321383563316599,
    "trades": 0
  }
}