{
  "null": {
    "score": 2.5720303172064183,
    "trades": 0
  },
  "null": {
    "score": 0.20783040386508292,
    "trades": 0
  }
}