{
  "null": {
    "score": 4.416824983222436,
    "trades": 0
  },
  "null": {
    "score": 0.2429226109882503,
    "trades": 0
  }
}