{
  "null": {
    "score": 4.898040000000001,
    "trades": 0
  },
  "null": {
    "score": 0.22478237911294868,
    "trades": 0
  }
}