{
  "null": {
    "score": 4.7021959849536,
    "trades": 0
  },
  "null": {
    "score": 2.241013171948754,
    "trades": 0
  }
}