{
  "null": {
    "score": 1.3518026112829178,
    "trades": 0
  },
  "null": {
    "score": 4.796239904652673,
    "trades": 0
  }
}