{
  "null": {
    "score": 4.8960807840000005,
    "trades": 0
  },
  "null": {
    "score": 2.6452067735657527,
    "trades": 0
  }
}