{
  "null": {
    "score": 0.39615256366532736,
    "trades": 0
  },
  "null": {
    "score": 0.2039184,
    "trades": 0
  }
}