{
  "null": {
    "score": 1.480628279047755,
    "trades": 0
  },
  "null": {
    "score": 0.212071840678656,
    "trades": 0
  }
}