{
  "null": {
    "score": 3.6218565476430147,
    "trades": 0
  },
  "null": {
    "score": 4.323296374775166,
    "trades": 0
  }
}