{
  "null": {
    "score": 0.21224160000000003,
    "trades": 0
  },
  "null": {
    "score": 2.553704022720776,
    "trades": 0
  }
}