{
  "null": {
    "score": 4.402710914830059,
    "trades": 0
  },
  "null": {
    "score": 0.4264234311123152,
    "trades": 0
  }
}