{
  "null": {
    "score": 4.05280501966679,
    "trades": 0
  },
  "null": {
    "score": 2.402913573644093,
    "trades": 0
  }
}