{
  "null": {
    "score": 0.31342890396678724,
    "trades": 0
  },
  "null": {
    "score": 1.6285253068092036,
    "trades": 0
  }
}