{
  "null": {
    "score": 4.399189450531942,
    "trades": 0
  },
  "null": {
    "score": 4.790486718655284,
    "trades": 0
  }
}