{
  "null": {
    "score": 0.212071840678656,
    "trades": 0
  },
  "null": {
    "score": 4.898040000000001,
    "trades": 0
  }
}