{
  "null": {
    "score": 4.704077616,
    "trades": 0
  },
  "null": {
    "score": 0.220463066709967,
    "trades": 0
  }
}