{
  "null": {
    "score": 2.912870962663045,
    "trades": 0
  },
  "null": {
    "score": 0.2181464810067548,
    "trades": 0
  }
}