{
  "null": {
    "score": 4.360638744647866,
    "trades": 0
  },
  "null": {
    "score": 0.2543563195012699,
    "trades": 0
  }
}