{
  "null": {
    "score": 4.598943131218695,
    "trades": 0
  },
  "null": {
    "score": 1.9008613918618436,
    "trades": 0
  }
}