{
  "null": {
    "score": 2.9540171458217457,
    "trades": 0
  },
  "null": {
    "score": 0.20400000000000001,
    "trades": 0
  }
}