{
  "null": {
    "score": 0.22909464095833573,
    "trades": 0
  },
  "null": {
    "score": 3.6707405807575664,
    "trades": 0
  }
}