{
  "null": {
    "score": 2.0151900239595215,
    "trades": 0
  },
  "null": {
    "score": 0.2227234549889602,
    "trades": 0
  }
}