{
  "null": {
    "score": 4.892164702745728,
    "trades": 0
  },
  "null": {
    "score": 1.721659542677473,
    "trades": 0
  }
}