{
  "null": {
    "score": 4.321567056225255,
    "trades": 0
  },
  "null": {
    "score": 0.20400000000000001,
    "trades": 0
  }
}