{
  "null": {
    "score": 4.790486718655283,
    "trades": 0
  },
  "null": {
    "score": 4.677803163254746,
    "trades": 0
  }
}