{
  "null": {
    "score": 0.3479254049752628,
    "trades": 0
  },
  "null": {
    "score": 0.2157946445013158,
    "trades": 0
  }
}