{
  "null": {
    "score": 1.7037616692893947,
    "trades": 0
  },
  "null": {
    "score": 0.47156877304986916,
    "trades": 0
  }
}