{
  "null": {
    "score": 4.7981591683200016,
    "trades": 0
  },
  "null": {
    "score": 2.0973251303868254,
    "trades": 0
  }
}