{
  "null": {
    "score": 4.5177961424064,
    "trades": 0
  },
  "null": {
    "score": 4.792403680127334,
    "trades": 0
  }
}