{
  "null": {
    "score": 4.420360564416279,
    "trades": 0
  },
  "null": {
    "score": 4.9900079968006406,
    "trades": 0
  }
}