{
  "null": {
    "score": 4.70031510655962,
    "trades": 0
  },
  "null": {
    "score": 4.150410858129443,
    "trades": 0
  }
}