{
  "null": {
    "score": 4.224981548290876,
    "trades": 0
  },
  "null": {
    "score": 4.425669243470449,
    "trades": 0
  }
}