{
  "null": {
    "score": 3.38578326694415,
    "trades": 0
  },
  "null": {
    "score": 1.1904985739722276,
    "trades": 0
  }
}