{
  "null": {
    "score": 1.3533899341108522,
    "trades": 0
  },
  "null": {
    "score": 3.401383266751658,
    "trades": 0
  }
}