{
  "null": {
    "score": 1.023447283618323,
    "trades": 0
  },
  "null": {
    "score": 0.3829102393060271,
    "trades": 0
  }
}