{
  "null": {
    "score": 0.2520298703850096,
    "trades": 0
  },
  "null": {
    "score": 4.05280501966679,
    "trades": 0
  }
}