{
  "null": {
    "score": 0.2169630325444363,
    "trades": 0
  },
  "null": {
    "score": 0.9116639318029408,
    "trades": 0
  }
}