{
  "null": {
    "score": 0.5484443539783869,
    "trades": 0
  },
  "null": {
    "score": 3.132319267553637,
    "trades": 0
  }
}