{
  "null": {
    "score": 0.3450839761700804,
    "trades": 0
  },
  "null": {
    "score": 4.201371861775233,
    "trades": 0
  }
}