{
  "null": {
    "score": 3.1860304770073093,
    "trades": 0
  },
  "null": {
    "score": 0.20400000000000001,
    "trades": 0
  }
}