{
  "null": {
    "score": 0.20808000000000001,
    "trades": 0
  },
  "null": {
    "score": 4.800079200000001,
    "trades": 0
  }
}