{
  "null": {
    "score": 0.22496231296935404,
    "trades": 0
  },
  "null": {
    "score": 4.954201834411718,
    "trades": 0
  }
}