{
  "null": {
    "score": 0.21648643200000003,
    "trades": 0
  },
  "null": {
    "score": 0.9949796204600247,
    "trades": 0
  }
}