{
  "null": {
    "score": 4.456662800472909,
    "trades": 0
  },
  "null": {
    "score": 1.064628459967585,
    "trades": 0
  }
}