{
  "null": {
    "score": 3.9492908404940668,
    "trades": 0
  },
  "null": {
    "score": 2.0743736465737954,
    "trades": 0
  }
}