{
  "null": {
    "score": 0.6934473913016661,
    "trades": 0
  },
  "null": {
    "score": 3.3688887393651354,
    "trades": 0
  }
}