{
  "null": {
    "score": 4.798159168320001,
    "trades": 0
  },
  "null": {
    "score": 0.21861856577656105,
    "trades": 0
  }
}