{
  "null": {
    "score": 0.23820675100545727,
    "trades": 0
  },
  "null": {
    "score": 0.5554872612153903,
    "trades": 0
  }
}