{
  "null": {
    "score": 4.985963587884807,
    "trades": 0
  },
  "null": {
    "score": 4.996000800000001,
    "trades": 0
  }
}