{
  "null": {
    "score": 4.8823881976734,
    "trades": 0
  },
  "null": {
    "score": 4.892164702745725,
    "trades": 0
  }
}