{
  "null": {
    "score": 2.501582178705083,
    "trades": 0
  },
  "null": {
    "score": 4.636810926853459,
    "trades": 0
  }
}