{
  "null": {
    "score": 0.5651262274607849,
    "trades": 0
  },
  "null": {
    "score": 3.898516677639692,
    "trades": 0
  }
}