{
  "null": {
    "score": 0.513970634286491,
    "trades": 0
  },
  "null": {
    "score": 0.20400000000000001,
    "trades": 0
  }
}