{
  "null": {
    "score": 3.1320768822994562,
    "trades": 0
  },
  "null": {
    "score": 4.5177961424064,
    "trades": 0
  }
}