{
  "null": {
    "score": 2.017898043444921,
    "trades": 0
  },
  "null": {
    "score": 0.26842016919898115,
    "trades": 0
  }
}