{
  "null": {
    "score": 0.9360947692448816,
    "trades": 0
  },
  "null": {
    "score": 0.20400000000000001,
    "trades": 0
  }
}