{
  "null": {
    "score": 0.21181745625075252,
    "trades": 0
  },
  "null": {
    "score": 4.481790785211103,
    "trades": 0
  }
}