{
  "null": {
    "score": 1.9891436632604351,
    "trades": 0
  },
  "null": {
    "score": 4.9960008,
    "trades": 0
  }
}