{
  "null": {
    "score": 4.704077616,
    "trades": 0
  },
  "null": {
    "score": 4.658187463655083,
    "trades": 0
  }
}