{
  "null": {
    "score": 4.800079200000001,
    "trades": 0
  },
  "null": {
    "score": 4.2682885238008135,
    "trades": 0
  }
}