{
  "null": {
    "score": 0.212071840678656,
    "trades": 0
  },
  "null": {
    "score": 4.5934266066596035,
    "trades": 0
  }
}