{
  "null": {
    "score": 4.117355407654105,
    "trades": 0
  },
  "null": {
    "score": 2.7548308022337795,
    "trades": 0
  }
}