{
  "null": {
    "score": 0.37181585538205986,
    "trades": 0
  },
  "null": {
    "score": 4.888251753729882,
    "trades": 0
  }
}