{
  "null": {
    "score": 4.782826537546446,
    "trades": 0
  },
  "null": {
    "score": 0.5295580458702055,
    "trades": 0
  }
}