{
  "null": {
    "score": 1.9614998848580398,
    "trades": 0
  },
  "null": {
    "score": 0.2562489930505888,
    "trades": 0
  }
}