{
  "null": {
    "score": 0.24823584388137354,
    "trades": 0
  },
  "null": {
    "score": 0.23367653377750242,
    "trades": 0
  }
}