{
  "null": {
    "score": 3.5779439273782496,
    "trades": 0
  },
  "null": {
    "score": 0.2776486065215329,
    "trades": 0
  }
}