{
  "null": {
    "score": 0.21198701194238453,
    "trades": 0
  },
  "null": {
    "score": 1.4023288172126858,
    "trades": 0
  }
}