{
  "null": {
    "score": 2.5470682942941654,
    "trades": 0
  },
  "null": {
    "score": 4.660989990880465,
    "trades": 0
  }
}