{
  "null": {
    "score": 0.2561464934533686,
    "trades": 0
  },
  "null": {
    "score": 3.8829817240026436,
    "trades": 0
  }
}