{
  "null": {
    "score": 0.4292585783777764,
    "trades": 0
  },
  "null": {
    "score": 3.6196981344385772,
    "trades": 0
  }
}