{
  "null": {
    "score": 0.24301981891581667,
    "trades": 0
  },
  "null": {
    "score": 1.3258553021970605,
    "trades": 0
  }
}