{
  "null": {
    "score": 4.604466280906656,
    "trades": 0
  },
  "null": {
    "score": 4.811564195511023,
    "trades": 0
  }
}