{
  "null": {
    "score": 2.2940789179232577,
    "trades": 0
  },
  "null": {
    "score": 4.677803163254746,
    "trades": 0
  }
}