{
  "null": {
    "score": 4.894122351686399,
    "trades": 0
  },
  "null": {
    "score": 0.24098659725417623,
    "trades": 0
  }
}