{
  "null": {
    "score": 0.2039184,
    "trades": 0
  },
  "null": {
    "score": 3.5627882662261894,
    "trades": 0
  }
}