{
  "null": {
    "score": 4.609996063680001,
    "trades": 0
  },
  "null": {
    "score": 4.95816757516504,
    "trades": 0
  }
}