{
  "null": {
    "score": 1.0753073576266903,
    "trades": 0
  },
  "null": {
    "score": 0.21215670336000003,
    "trades": 0
  }
}