{
  "null": {
    "score": 1.9142142290774586,
    "trades": 0
  },
  "null": {
    "score": 0.3330127157549007,
    "trades": 0
  }
}