{
  "null": {
    "score": 3.816752396906434,
    "trades": 0
  },
  "null": {
    "score": 3.0838246292482188,
    "trades": 0
  }
}