{
  "null": {
    "score": 0.2433116761531679,
    "trades": 0
  },
  "null": {
    "score": 4.8020000000000005,
    "trades": 0
  }
}