{
  "null": {
    "score": 4.6759320419894435,
    "trades": 0
  },
  "null": {
    "score": 1.4732519658532022,
    "trades": 0
  }
}