{
  "null": {
    "score": 1.1904985739722276,
    "trades": 0
  },
  "null": {
    "score": 4.70031510655962,
    "trades": 0
  }
}