{
  "null": {
    "score": 4.996000800000001,
    "trades": 0
  },
  "null": {
    "score": 4.002850603462945,
    "trades": 0
  }
}