{
  "null": {
    "score": 0.5482030258852006,
    "trades": 0
  },
  "null": {
    "score": 4.505161482886884,
    "trades": 0
  }
}