{
  "null": {
    "score": 0.2163998374272,
    "trades": 0
  },
  "null": {
    "score": 3.413652772433246,
    "trades": 0
  }
}