{
  "null": {
    "score": 3.6509339742641975,
    "trades": 0
  },
  "null": {
    "score": 2.353445669220576,
    "trades": 0
  }
}