{
  "null": {
    "score": 0.27285945047723487,
    "trades": 0
  },
  "null": {
    "score": 1.0116091571721313,
    "trades": 0
  }
}