{
  "null": {
    "score": 0.3237524027078094,
    "trades": 0
  },
  "null": {
    "score": 0.22881983733995137,
    "trades": 0
  }
}