{
  "null": {
    "score": 1.4585860550895757,
    "trades": 0
  },
  "null": {
    "score": 3.02877723678988,
    "trades": 0
  }
}