{
  "null": {
    "score": 4.7021959849536,
    "trades": 0
  },
  "null": {
    "score": 4.898040000000001,
    "trades": 0
  }
}