{
  "null": {
    "score": 4.896080784,
    "trades": 0
  },
  "null": {
    "score": 3.91261075899736,
    "trades": 0
  }
}