{
  "null": {
    "score": 4.1846077544727125,
    "trades": 0
  },
  "null": {
    "score": 3.294886855315717,
    "trades": 0
  }
}