{
  "null": {
    "score": 3.287675319714981,
    "trades": 0
  },
  "null": {
    "score": 0.21639983742720004,
    "trades": 0
  }
}