{
  "null": {
    "score": 0.2385882632429858,
    "trades": 0
  },
  "null": {
    "score": 3.331360231302969,
    "trades": 0
  }
}