{
  "null": {
    "score": 0.3559489527624871,
    "trades": 0
  },
  "null": {
    "score": 4.395670802841831,
    "trades": 0
  }
}