{
  "null": {
    "score": 0.20400000000000001,
    "trades": 0
  },
  "null": {
    "score": 0.2648462671921417,
    "trades": 0
  }
}