{
  "null": {
    "score": 4.8020000000000005,
    "trades": 0
  },
  "null": {
    "score": 0.22451274813916905,
    "trades": 0
  }
}