{
  "null": {
    "score": 0.7633494715401234,
    "trades": 0
  },
  "null": {
    "score": 4.704077616,
    "trades": 0
  }
}