{
  "null": {
    "score": 0.2997080892600073,
    "trades": 0
  },
  "null": {
    "score": 2.7620004344991127,
    "trades": 0
  }
}