{
  "null": {
    "score": 0.35488012645483685,
    "trades": 0
  },
  "null": {
    "score": 4.822208433063023,
    "trades": 0
  }
}