{
  "null": {
    "score": 2.152576117912668,
    "trades": 0
  },
  "null": {
    "score": 0.23269664460087436,
    "trades": 0
  }
}