{
  "null": {
    "score": 0.6070363967027923,
    "trades": 0
  },
  "null": {
    "score": 1.2482705055612957,
    "trades": 0
  }
}