{
  "null": {
    "score": 4.565943082986427,
    "trades": 0
  },
  "null": {
    "score": 0.5868989616578761,
    "trades": 0
  }
}