{
  "null": {
    "score": 0.2577388234337583,
    "trades": 0
  },
  "null": {
    "score": 1.1016157934160598,
    "trades": 0
  }
}