{
  "null": {
    "score": 0.42420341073436474,
    "trades": 0
  },
  "null": {
    "score": 4.698434980516996,
    "trades": 0
  }
}