{
  "null": {
    "score": 4.593426606659604,
    "trades": 0
  },
  "null": {
    "score": 0.20375529790694402,
    "trades": 0
  }
}