{
  "null": {
    "score": 0.22276771592892383,
    "trades": 0
  },
  "null": {
    "score": 0.2039184,
    "trades": 0
  }
}