{
  "null": {
    "score": 4.792403680127335,
    "trades": 0
  },
  "null": {
    "score": 0.9640674953703695,
    "trades": 0
  }
}