{
  "null": {
    "score": 3.971748919273451,
    "trades": 0
  },
  "null": {
    "score": 2.879339325603569,
    "trades": 0
  }
}