{
  "null": {
    "score": 0.4412511858804804,
    "trades": 0
  },
  "null": {
    "score": 3.5402246804316766,
    "trades": 0
  }
}