{
  "null": {
    "score": 0.20791356929280003,
    "trades": 0
  },
  "null": {
    "score": 0.2444333869758868,
    "trades": 0
  }
}