{
  "null": {
    "score": 1.7705618844730577,
    "trades": 0
  },
  "null": {
    "score": 4.786655095758236,
    "trades": 0
  }
}