{
  "null": {
    "score": 3.8458658110550994,
    "trades": 0
  },
  "null": {
    "score": 4.5141826283398565,
    "trades": 0
  }
}