{
  "null": {
    "score": 0.2338635872291118,
    "trades": 0
  },
  "null": {
    "score": 0.21152021370118707,
    "trades": 0
  }
}