{
  "null": {
    "score": 0.8434538696740826,
    "trades": 0
  },
  "null": {
    "score": 1.3805240547657867,
    "trades": 0
  }
}