{
  "null": {
    "score": 0.2977837777297261,
    "trades": 0
  },
  "null": {
    "score": 0.4511591098461816,
    "trades": 0
  }
}