{
  "null": {
    "score": 4.8941223516864,
    "trades": 0
  },
  "null": {
    "score": 1.105203360986564,
    "trades": 0
  }
}