{
  "null": {
    "score": 0.2141604959832455,
    "trades": 0
  },
  "null": {
    "score": 0.2854192530921723,
    "trades": 0
  }
}