{
  "null": {
    "score": 0.654130191578509,
    "trades": 0
  },
  "null": {
    "score": 1.4994040024906168,
    "trades": 0
  }
}