{
  "null": {
    "score": 2.812735562309674,
    "trades": 0
  },
  "null": {
    "score": 3.6011367591789174,
    "trades": 0
  }
}