{
  "null": {
    "score": 0.31099359779308144,
    "trades": 0
  },
  "null": {
    "score": 1.8538182575484394,
    "trades": 0
  }
}