{
  "null": {
    "score": 0.2163998374272,
    "trades": 0
  },
  "null": {
    "score": 3.0906137498580737,
    "trades": 0
  }
}