{
  "null": {
    "score": 0.2039184,
    "trades": 0
  },
  "null": {
    "score": 0.2078304038650829,
    "trades": 0
  }
}