{
  "null": {
    "score": 2.0087504367153253,
    "trades": 0
  },
  "null": {
    "score": 3.971748919273451,
    "trades": 0
  }
}