{
  "null": {
    "score": 0.21122507860562215,
    "trades": 0
  },
  "null": {
    "score": 2.143243817409578,
    "trades": 0
  }
}