{
  "null": {
    "score": 3.8175210681213496,
    "trades": 0
  },
  "null": {
    "score": 4.415058253229146,
    "trades": 0
  }
}