{
  "null": {
    "score": 0.2922908162498689,
    "trades": 0
  },
  "null": {
    "score": 0.3179092794039916,
    "trades": 0
  }
}