{
  "null": {
    "score": 0.20269830949813566,
    "trades": 0
  },
  "null": {
    "score": 4.769450682829232,
    "trades": 0
  }
}