{
  "null": {
    "score": 1.400243305645311,
    "trades": 0
  },
  "null": {
    "score": 3.7158020196557495,
    "trades": 0
  }
}