{
  "null": {
    "score": 0.5985164032498689,
    "trades": 0
  },
  "null": {
    "score": 0.5321264321096171,
    "trades": 0
  }
}