{
  "null": {
    "score": 0.5938612478947395,
    "trades": 0
  },
  "null": {
    "score": 0.23395717009715064,
    "trades": 0
  }
}