{
  "null": {
    "score": 4.99400239968,
    "trades": 0
  },
  "null": {
    "score": 3.6014441676691336,
    "trades": 0
  }
}