{
  "null": {
    "score": 2.138524365801394,
    "trades": 0
  },
  "null": {
    "score": 2.609475346106582,
    "trades": 0
  }
}