{
  "null": {
    "score": 0.47156877304986916,
    "trades": 0
  },
  "null": {
    "score": 0.2739532932891688,
    "trades": 0
  }
}