{
  "null": {
    "score": 4.653536880252347,
    "trades": 0
  },
  "null": {
    "score": 4.890207836864628,
    "trades": 0
  }
}