{
  "null": {
    "score": 4.800079200000001,
    "trades": 0
  },
  "null": {
    "score": 4.270007912727258,
    "trades": 0
  }
}