{
  "null": {
    "score": 0.26633457566588936,
    "trades": 0
  },
  "null": {
    "score": 0.28314455502389596,
    "trades": 0
  }
}