{
  "null": {
    "score": 3.730707930904498,
    "trades": 0
  },
  "null": {
    "score": 2.26807277513333,
    "trades": 0
  }
}