{
  "null": {
    "score": 0.2052268307977006,
    "trades": 0
  },
  "null": {
    "score": 4.497957548316084,
    "trades": 0
  }
}