{
  "null": {
    "score": 0.22461038407771716,
    "trades": 0
  },
  "null": {
    "score": 0.21614026148035978,
    "trades": 0
  }
}