{
  "null": {
    "score": 4.698434980516995,
    "trades": 0
  },
  "null": {
    "score": 0.6196124640875552,
    "trades": 0
  }
}