{
  "null": {
    "score": 0.8136541362084738,
    "trades": 0
  },
  "null": {
    "score": 1.6824224658190579,
    "trades": 0
  }
}