{
  "null": {
    "score": 3.6196981344385772,
    "trades": 0
  },
  "null": {
    "score": 0.23682919183041862,
    "trades": 0
  }
}