{
  "null": {
    "score": 0.20808000000000001,
    "trades": 0
  },
  "null": {
    "score": 4.08862338118609,
    "trades": 0
  }
}