{
  "null": {
    "score": 0.23844544263010456,
    "trades": 0
  },
  "null": {
    "score": 1.609334084531315,
    "trades": 0
  }
}