{
  "null": {
    "score": 0.207996768,
    "trades": 0
  },
  "null": {
    "score": 3.1179283431019504,
    "trades": 0
  }
}