{
  "null": {
    "score": 0.33926643052607597,
    "trades": 0
  },
  "null": {
    "score": 0.493850490474439,
    "trades": 0
  }
}