{
  "null": {
    "score": 0.24002438411917768,
    "trades": 0
  },
  "null": {
    "score": 2.3361315601254797,
    "trades": 0
  }
}