{
  "null": {
    "score": 1.289952727386233,
    "trades": 0
  },
  "null": {
    "score": 4.698434980516996,
    "trades": 0
  }
}