{
  "null": {
    "score": 0.22397445608694044,
    "trades": 0
  },
  "null": {
    "score": 0.21861856577656105,
    "trades": 0
  }
}