{
  "null": {
    "score": 0.5313570080232464,
    "trades": 0
  },
  "null": {
    "score": 4.485378370246762,
    "trades": 0
  }
}