{
  "null": {
    "score": 0.35637738408736996,
    "trades": 0
  },
  "null": {
    "score": 3.5225595144172406,
    "trades": 0
  }
}