{
  "null": {
    "score": 0.3482851964879742,
    "trades": 0
  },
  "null": {
    "score": 3.0622476810127157,
    "trades": 0
  }
}