{
  "null": {
    "score": 0.34841154515485057,
    "trades": 0
  },
  "null": {
    "score": 0.5021406111859521,
    "trades": 0
  }
}