{
  "null": {
    "score": 1.6577939667116046,
    "trades": 0
  },
  "null": {
    "score": 4.1181736331998495,
    "trades": 0
  }
}