{
  "null": {
    "score": 4.99200479872013,
    "trades": 0
  },
  "null": {
    "score": 0.8958371354923246,
    "trades": 0
  }
}