{
  "null": {
    "score": 0.4992127280246079,
    "trades": 0
  },
  "null": {
    "score": 0.207996768,
    "trades": 0
  }
}