{
  "null": {
    "score": 4.796239904652672,
    "trades": 0
  },
  "null": {
    "score": 3.7749949174330095,
    "trades": 0
  }
}