{
  "null": {
    "score": 0.23663976636962503,
    "trades": 0
  },
  "null": {
    "score": 0.21224160000000003,
    "trades": 0
  }
}