{
  "null": {
    "score": 4.793356055311965,
    "trades": 0
  },
  "null": {
    "score": 0.4992127280246079,
    "trades": 0
  }
}