{
  "null": {
    "score": 0.9111935742426139,
    "trades": 0
  },
  "null": {
    "score": 0.44134240581627937,
    "trades": 0
  }
}