{
  "null": {
    "score": 3.793131738158715,
    "trades": 0
  },
  "null": {
    "score": 0.21648643200000003,
    "trades": 0
  }
}