{
  "null": {
    "score": 0.9731807760804713,
    "trades": 0
  },
  "null": {
    "score": 1.7480386437220812,
    "trades": 0
  }
}