{
  "null": {
    "score": 4.892164702745725,
    "trades": 0
  },
  "null": {
    "score": 0.2111405885741798,
    "trades": 0
  }
}