{
  "null": {
    "score": 1.8161121323089566,
    "trades": 0
  },
  "null": {
    "score": 0.21984651038544345,
    "trades": 0
  }
}