{
  "null": {
    "score": 4.8020000000000005,
    "trades": 0
  },
  "null": {
    "score": 0.9776516678697986,
    "trades": 0
  }
}