{
  "null": {
    "score": 4.490765133126661,
    "trades": 0
  },
  "null": {
    "score": 0.24698927297730955,
    "trades": 0
  }
}