{
  "null": {
    "score": 4.99000799680064,
    "trades": 0
  },
  "null": {
    "score": 3.20520797056052,
    "trades": 0
  }
}