{
  "null": {
    "score": 0.2227234549889602,
    "trades": 0
  },
  "null": {
    "score": 0.22590903013789715,
    "trades": 0
  }
}