{
  "null": {
    "score": 4.700315106559618,
    "trades": 0
  },
  "null": {
    "score": 0.20383683264000002,
    "trades": 0
  }
}