{
  "null": {
    "score": 4.896080784,
    "trades": 0
  },
  "null": {
    "score": 4.3181104940310036,
    "trades": 0
  }
}