{
  "null": {
    "score": 2.44356655707891,
    "trades": 0
  },
  "null": {
    "score": 2.512163288315432,
    "trades": 0
  }
}