{
  "null": {
    "score": 4.6312489791137255,
    "trades": 0
  },
  "null": {
    "score": 0.24350644234601396,
    "trades": 0
  }
}