{
  "null": {
    "score": 4.694676984282178,
    "trades": 0
  },
  "null": {
    "score": 4.192964652725182,
    "trades": 0
  }
}