{
  "null": {
    "score": 2.512163288315432,
    "trades": 0
  },
  "null": {
    "score": 0.28032591104891086,
    "trades": 0
  }
}