{
  "null": {
    "score": 4.692799113488465,
    "trades": 0
  },
  "null": {
    "score": 4.223291555671557,
    "trades": 0
  }
}