{
  "null": {
    "score": 2.1595920471056895,
    "trades": 0
  },
  "null": {
    "score": 4.898040000000001,
    "trades": 0
  }
}