{
  "null": {
    "score": 1.7298526975416844,
    "trades": 0
  },
  "null": {
    "score": 4.992004798720128,
    "trades": 0
  }
}