{
  "null": {
    "score": 4.423898975773061,
    "trades": 0
  },
  "null": {
    "score": 3.994036272790749,
    "trades": 0
  }
}