{
  "null": {
    "score": 0.21029754481169566,
    "trades": 0
  },
  "null": {
    "score": 0.26724147971974466,
    "trades": 0
  }
}