{
  "null": {
    "score": 2.130729932800235,
    "trades": 0
  },
  "null": {
    "score": 4.685295138792793,
    "trades": 0
  }
}