{
  "null": {
    "score": 4.694676984282179,
    "trades": 0
  },
  "null": {
    "score": 1.3743921860069404,
    "trades": 0
  }
}