{
  "null": {
    "score": 0.2955882676765044,
    "trades": 0
  },
  "null": {
    "score": 0.6261973905860565,
    "trades": 0
  }
}