{
  "null": {
    "score": 4.769450682829232,
    "trades": 0
  },
  "null": {
    "score": 4.415058253229146,
    "trades": 0
  }
}