{
  "null": {
    "score": 4.381624333131723,
    "trades": 0
  },
  "null": {
    "score": 0.42327156730400467,
    "trades": 0
  }
}