{
  "null": {
    "score": 4.4415150844610976,
    "trades": 0
  },
  "null": {
    "score": 4.560466142647302,
    "trades": 0
  }
}