{
  "null": {
    "score": 0.4476548500993034,
    "trades": 0
  },
  "null": {
    "score": 1.3142331429730967,
    "trades": 0
  }
}