{
  "null": {
    "score": 3.9024335396169314,
    "trades": 0
  },
  "null": {
    "score": 0.20375529790694402,
    "trades": 0
  }
}