{
  "null": {
    "score": 0.2079135692928,
    "trades": 0
  },
  "null": {
    "score": 1.181565260215023,
    "trades": 0
  }
}