{
  "null": {
    "score": 4.759919409532829,
    "trades": 0
  },
  "null": {
    "score": 3.635653398398142,
    "trades": 0
  }
}