{
  "null": {
    "score": 0.20808000000000001,
    "trades": 0
  },
  "null": {
    "score": 0.2039184,
    "trades": 0
  }
}