{
  "null": {
    "score": 4.8000792,
    "trades": 0
  },
  "null": {
    "score": 0.2955882676765044,
    "trades": 0
  }
}