{
  "null": {
    "score": 0.40528936462300064,
    "trades": 0
  },
  "null": {
    "score": 4.606308804428427,
    "trades": 0
  }
}