{
  "null": {
    "score": 4.821912455416021,
    "trades": 0
  },
  "null": {
    "score": 3.887634661862393,
    "trades": 0
  }
}