{
  "null": {
    "score": 4.892164702745726,
    "trades": 0
  },
  "null": {
    "score": 4.399189450531942,
    "trades": 0
  }
}