{
  "null": {
    "score": 0.32149402793143744,
    "trades": 0
  },
  "null": {
    "score": 0.22799740269839297,
    "trades": 0
  }
}