{
  "null": {
    "score": 2.217263789299231,
    "trades": 0
  },
  "null": {
    "score": 0.6070363967027923,
    "trades": 0
  }
}