{
  "null": {
    "score": 0.6546590488096995,
    "trades": 0
  },
  "null": {
    "score": 0.7835893950409338,
    "trades": 0
  }
}