{
  "null": {
    "score": 3.7614166257502775,
    "trades": 0
  },
  "null": {
    "score": 0.3932338948975029,
    "trades": 0
  }
}