{
  "null": {
    "score": 1.443969802765345,
    "trades": 0
  },
  "null": {
    "score": 4.679675033268054,
    "trades": 0
  }
}