{
  "null": {
    "score": 0.44134240581627937,
    "trades": 0
  },
  "null": {
    "score": 0.759194111057721,
    "trades": 0
  }
}