{
  "null": {
    "score": 3.7802796283117317,
    "trades": 0
  },
  "null": {
    "score": 3.3601437395083766,
    "trades": 0
  }
}