{
  "null": {
    "score": 1.8535389750258489,
    "trades": 0
  },
  "null": {
    "score": 0.27285945047723487,
    "trades": 0
  }
}