{
  "null": {
    "score": 0.23176753165245223,
    "trades": 0
  },
  "null": {
    "score": 4.10337190667443,
    "trades": 0
  }
}