{
  "null": {
    "score": 3.712072479229768,
    "trades": 0
  },
  "null": {
    "score": 2.4589669000861147,
    "trades": 0
  }
}