{
  "null": {
    "score": 2.9890840875295814,
    "trades": 0
  },
  "null": {
    "score": 0.26173987694810225,
    "trades": 0
  }
}