{
  "null": {
    "score": 0.26158319761638227,
    "trades": 0
  },
  "null": {
    "score": 4.64516017983656,
    "trades": 0
  }
}