{
  "null": {
    "score": 0.4735343326706932,
    "trades": 0
  },
  "null": {
    "score": 0.8789653619378728,
    "trades": 0
  }
}