{
  "null": {
    "score": 4.886296453028389,
    "trades": 0
  },
  "null": {
    "score": 0.3036171475970295,
    "trades": 0
  }
}