{
  "null": {
    "score": 2.448162528156635,
    "trades": 0
  },
  "null": {
    "score": 0.20791356929280003,
    "trades": 0
  }
}