{
  "null": {
    "score": 0.6938664442164463,
    "trades": 0
  },
  "null": {
    "score": 0.31180381126949014,
    "trades": 0
  }
}