{
  "null": {
    "score": 3.8829817240026436,
    "trades": 0
  },
  "null": {
    "score": 4.771359226519838,
    "trades": 0
  }
}