{
  "null": {
    "score": 0.20791356929280003,
    "trades": 0
  },
  "null": {
    "score": 3.3467273317974184,
    "trades": 0
  }
}