{
  "null": {
    "score": 0.4310638931542711,
    "trades": 0
  },
  "null": {
    "score": 0.20310419304748242,
    "trades": 0
  }
}