{
  "null": {
    "score": 3.491662895608755,
    "trades": 0
  },
  "null": {
    "score": 2.2633892501040127,
    "trades": 0
  }
}