{
  "null": {
    "score": 0.23367653377750242,
    "trades": 0
  },
  "null": {
    "score": 4.99400239968,
    "trades": 0
  }
}