{
  "null": {
    "score": 0.4808853253564411,
    "trades": 0
  },
  "null": {
    "score": 3.973338254575282,
    "trades": 0
  }
}