{
  "null": {
    "score": 1.8602002696383197,
    "trades": 0
  },
  "null": {
    "score": 0.43598793139176295,
    "trades": 0
  }
}