{
  "null": {
    "score": 0.2461497830871098,
    "trades": 0
  },
  "null": {
    "score": 2.2440007095822483,
    "trades": 0
  }
}