{
  "null": {
    "score": 4.972072683648026,
    "trades": 0
  },
  "null": {
    "score": 1.1126924102983256,
    "trades": 0
  }
}