{
  "null": {
    "score": 0.2360723985629692,
    "trades": 0
  },
  "null": {
    "score": 0.5114387429259926,
    "trades": 0
  }
}