{
  "null": {
    "score": 3.9590571019393024,
    "trades": 0
  },
  "null": {
    "score": 4.876531675070052,
    "trades": 0
  }
}