{
  "null": {
    "score": 4.872631229975065,
    "trades": 0
  },
  "null": {
    "score": 1.0239783455454785,
    "trades": 0
  }
}