{
  "null": {
    "score": 0.21190221713760765,
    "trades": 0
  },
  "null": {
    "score": 4.8960807840000005,
    "trades": 0
  }
}