{
  "null": {
    "score": 0.6180090126132554,
    "trades": 0
  },
  "null": {
    "score": 0.4345292488548563,
    "trades": 0
  }
}