{
  "null": {
    "score": 0.6491835854273937,
    "trades": 0
  },
  "null": {
    "score": 4.892164702745724,
    "trades": 0
  }
}