{
  "null": {
    "score": 3.4273466142985445,
    "trades": 0
  },
  "null": {
    "score": 4.425669243470447,
    "trades": 0
  }
}