{
  "null": {
    "score": 4.386886491496763,
    "trades": 0
  },
  "null": {
    "score": 0.9341493180004166,
    "trades": 0
  }
}