{
  "null": {
    "score": 2.399192877689324,
    "trades": 0
  },
  "null": {
    "score": 3.745653653834252,
    "trades": 0
  }
}