{
  "null": {
    "score": 3.4211497663088912,
    "trades": 0
  },
  "null": {
    "score": 4.698434980516995,
    "trades": 0
  }
}