{
  "null": {
    "score": 0.2776486065215329,
    "trades": 0
  },
  "null": {
    "score": 1.485559010510175,
    "trades": 0
  }
}