{
  "null": {
    "score": 4.70596,
    "trades": 0
  },
  "null": {
    "score": 2.747679780981748,
    "trades": 0
  }
}