{
  "null": {
    "score": 4.9900079968006406,
    "trades": 0
  },
  "null": {
    "score": 0.22487232804416626,
    "trades": 0
  }
}