{
  "null": {
    "score": 4.885312580152787,
    "trades": 0
  },
  "null": {
    "score": 3.71283987663079,
    "trades": 0
  }
}