{
  "null": {
    "score": 2.2603638404820106,
    "trades": 0
  },
  "null": {
    "score": 1.8602002696383197,
    "trades": 0
  }
}