{
  "null": {
    "score": 0.5021406111859521,
    "trades": 0
  },
  "null": {
    "score": 0.5502054745279737,
    "trades": 0
  }
}