{
  "null": {
    "score": 4.012470908848428,
    "trades": 0
  },
  "null": {
    "score": 0.2068350096919752,
    "trades": 0
  }
}