{
  "null": {
    "score": 0.29141702629531135,
    "trades": 0
  },
  "null": {
    "score": 0.3752520345199065,
    "trades": 0
  }
}