{
  "null": {
    "score": 3.3688887393651354,
    "trades": 0
  },
  "null": {
    "score": 0.9350143299043054,
    "trades": 0
  }
}