{
  "null": {
    "score": 1.9265018146138404,
    "trades": 0
  },
  "null": {
    "score": 4.692799113488463,
    "trades": 0
  }
}