{
  "null": {
    "score": 0.21614026148035978,
    "trades": 0
  },
  "null": {
    "score": 0.2031854672343762,
    "trades": 0
  }
}