{
  "null": {
    "score": 0.5237825518688827,
    "trades": 0
  },
  "null": {
    "score": 4.434412923043544,
    "trades": 0
  }
}