{
  "null": {
    "score": 0.20791356929280003,
    "trades": 0
  },
  "null": {
    "score": 4.576916704333432,
    "trades": 0
  }
}