{
  "null": {
    "score": 4.756112235592307,
    "trades": 0
  },
  "null": {
    "score": 0.3367641774763266,
    "trades": 0
  }
}