{
  "null": {
    "score": 0.4418712619724753,
    "trades": 0
  },
  "null": {
    "score": 0.21173272926825226,
    "trades": 0
  }
}