{
  "null": {
    "score": 2.6378020401718287,
    "trades": 0
  },
  "null": {
    "score": 0.2039184,
    "trades": 0
  }
}