{
  "null": {
    "score": 0.26804421131172185,
    "trades": 0
  },
  "null": {
    "score": 4.996000800000001,
    "trades": 0
  }
}