{
  "null": {
    "score": 0.997820624292869,
    "trades": 0
  },
  "null": {
    "score": 4.89804,
    "trades": 0
  }
}