{
  "null": {
    "score": 4.698434980516995,
    "trades": 0
  },
  "null": {
    "score": 0.4418712619724753,
    "trades": 0
  }
}