{
  "null": {
    "score": 0.4878602764506538,
    "trades": 0
  },
  "null": {
    "score": 0.9464519987533047,
    "trades": 0
  }
}