{
  "null": {
    "score": 0.21224160000000003,
    "trades": 0
  },
  "null": {
    "score": 4.582413401149655,
    "trades": 0
  }
}