{
  "null": {
    "score": 4.70596,
    "trades": 0
  },
  "null": {
    "score": 0.21575061797521028,
    "trades": 0
  }
}