{
  "null": {
    "score": 4.886296453028389,
    "trades": 0
  },
  "null": {
    "score": 0.9496367931681203,
    "trades": 0
  }
}