{
  "null": {
    "score": 0.23663976636962503,
    "trades": 0
  },
  "null": {
    "score": 4.006044120121079,
    "trades": 0
  }
}