{
  "null": {
    "score": 0.20400000000000001,
    "trades": 0
  },
  "null": {
    "score": 0.25288806504701816,
    "trades": 0
  }
}