{
  "null": {
    "score": 4.427440219558272,
    "trades": 0
  },
  "null": {
    "score": 2.0293459768678543,
    "trades": 0
  }
}