{
  "null": {
    "score": 1.1513465418079183,
    "trades": 0
  },
  "null": {
    "score": 3.284384250048402,
    "trades": 0
  }
}