{
  "null": {
    "score": 0.23400366346831467,
    "trades": 0
  },
  "null": {
    "score": 4.515989023949437,
    "trades": 0
  }
}