{
  "null": {
    "score": 2.1617618015726032,
    "trades": 0
  },
  "null": {
    "score": 0.38900897941111,
    "trades": 0
  }
}