{
  "null": {
    "score": 2.143243817409578,
    "trades": 0
  },
  "null": {
    "score": 4.141293691709801,
    "trades": 0
  }
}