{
  "null": {
    "score": 4.5971035539662095,
    "trades": 0
  },
  "null": {
    "score": 4.793356055311965,
    "trades": 0
  }
}