{
  "null": {
    "score": 1.2381719723783398,
    "trades": 0
  },
  "null": {
    "score": 4.653536880252347,
    "trades": 0
  }
}