{
  "null": {
    "score": 0.2111405885741798,
    "trades": 0
  },
  "null": {
    "score": 3.8752219708407827,
    "trades": 0
  }
}