{
  "null": {
    "score": 0.24768195078273222,
    "trades": 0
  },
  "null": {
    "score": 0.22227836429399572,
    "trades": 0
  }
}