{
  "null": {
    "score": 3.910763934027179,
    "trades": 0
  },
  "null": {
    "score": 0.21818167829482524,
    "trades": 0
  }
}