{
  "null": {
    "score": 0.23381400315044087,
    "trades": 0
  },
  "null": {
    "score": 0.21198701194238456,
    "trades": 0
  }
}