{
  "null": {
    "score": 4.896080784,
    "trades": 0
  },
  "null": {
    "score": 4.6684550384201025,
    "trades": 0
  }
}