{
  "null": {
    "score": 0.8458148112531002,
    "trades": 0
  },
  "null": {
    "score": 1.459374012077798,
    "trades": 0
  }
}