{
  "null": {
    "score": 0.21224160000000003,
    "trades": 0
  },
  "null": {
    "score": 1.108746386210388,
    "trades": 0
  }
}