{
  "null": {
    "score": 0.22881983733995132,
    "trades": 0
  },
  "null": {
    "score": 3.38578326694415,
    "trades": 0
  }
}