{
  "null": {
    "score": 1.9435280811449427,
    "trades": 0
  },
  "null": {
    "score": 4.342353028748243,
    "trades": 0
  }
}