{
  "null": {
    "score": 0.2963543938620052,
    "trades": 0
  },
  "null": {
    "score": 0.8634263130981488,
    "trades": 0
  }
}