{
  "null": {
    "score": 3.5197514194109774,
    "trades": 0
  },
  "null": {
    "score": 4.896080784,
    "trades": 0
  }
}