{
  "null": {
    "score": 1.106530666722728,
    "trades": 0
  },
  "null": {
    "score": 4.851234480304154,
    "trades": 0
  }
}