{
  "null": {
    "score": 3.5288929821416644,
    "trades": 0
  },
  "null": {
    "score": 4.133861120060123,
    "trades": 0
  }
}