{
  "null": {
    "score": 2.754691108770798,
    "trades": 0
  },
  "null": {
    "score": 3.7916448282104036,
    "trades": 0
  }
}