{
  "null": {
    "score": 1.0782827718635306,
    "trades": 0
  },
  "null": {
    "score": 4.290557340030615,
    "trades": 0
  }
}