{
  "null": {
    "score": 2.6494504075757797,
    "trades": 0
  },
  "null": {
    "score": 4.700315106559619,
    "trades": 0
  }
}