{
  "null": {
    "score": 3.609584762370694,
    "trades": 0
  },
  "null": {
    "score": 0.48756954045690043,
    "trades": 0
  }
}