{
  "null": {
    "score": 3.408880594256905,
    "trades": 0
  },
  "null": {
    "score": 4.700315106559619,
    "trades": 0
  }
}