{
  "null": {
    "score": 3.217400503928889,
    "trades": 0
  },
  "null": {
    "score": 0.22608986585620347,
    "trades": 0
  }
}