{
  "null": {
    "score": 4.078831372886359,
    "trades": 0
  },
  "null": {
    "score": 2.017898043444921,
    "trades": 0
  }
}