{
  "null": {
    "score": 4.158743837143947,
    "trades": 0
  },
  "null": {
    "score": 0.26442347270329064,
    "trades": 0
  }
}