{
  "null": {
    "score": 0.24639709118036768,
    "trades": 0
  },
  "null": {
    "score": 4.600783444596533,
    "trades": 0
  }
}