{
  "null": {
    "score": 0.6122943587702743,
    "trades": 0
  },
  "null": {
    "score": 0.6047505141290277,
    "trades": 0
  }
}