{
  "null": {
    "score": 4.0301682260873655,
    "trades": 0
  },
  "null": {
    "score": 1.427412250483297,
    "trades": 0
  }
}