{
  "null": {
    "score": 1.181565260215023,
    "trades": 0
  },
  "null": {
    "score": 0.3392818250185899,
    "trades": 0
  }
}