{
  "null": {
    "score": 1.5977691432838546,
    "trades": 0
  },
  "null": {
    "score": 4.896080784,
    "trades": 0
  }
}