{
  "null": {
    "score": 0.24629853234389545,
    "trades": 0
  },
  "null": {
    "score": 4.99400239968,
    "trades": 0
  }
}