{
  "null": {
    "score": 0.3036171475970295,
    "trades": 0
  },
  "null": {
    "score": 4.199702515807188,
    "trades": 0
  }
}