{
  "null": {
    "score": 3.3273641978651116,
    "trades": 0
  },
  "null": {
    "score": 3.328686796784196,
    "trades": 0
  }
}