{
  "null": {
    "score": 4.487173239542582,
    "trades": 0
  },
  "null": {
    "score": 2.2784925328979444,
    "trades": 0
  }
}