{
  "null": {
    "score": 0.207996768,
    "trades": 0
  },
  "null": {
    "score": 4.0301682260873655,
    "trades": 0
  }
}