{
  "null": {
    "score": 2.154813604318057,
    "trades": 0
  },
  "null": {
    "score": 0.2163998374272,
    "trades": 0
  }
}