{
  "null": {
    "score": 2.6042397282349827,
    "trades": 0
  },
  "null": {
    "score": 0.32877735249576623,
    "trades": 0
  }
}