{
  "null": {
    "score": 0.20808000000000001,
    "trades": 0
  },
  "null": {
    "score": 0.34841154515485057,
    "trades": 0
  }
}