{
  "null": {
    "score": 0.22072783417574404,
    "trades": 0
  },
  "null": {
    "score": 1.5342949582616168,
    "trades": 0
  }
}