{
  "null": {
    "score": 0.42361830925035526,
    "trades": 0
  },
  "null": {
    "score": 0.655021444911438,
    "trades": 0
  }
}