{
  "null": {
    "score": 0.3932338948975029,
    "trades": 0
  },
  "null": {
    "score": 2.924037251101222,
    "trades": 0
  }
}