{
  "null": {
    "score": 0.21622675218123225,
    "trades": 0
  },
  "null": {
    "score": 0.258358263537014,
    "trades": 0
  }
}