{
  "null": {
    "score": 4.838383323467238,
    "trades": 0
  },
  "null": {
    "score": 2.719072179274922,
    "trades": 0
  }
}