{
  "null": {
    "score": 4.179588233511252,
    "trades": 0
  },
  "null": {
    "score": 3.6729294303923385,
    "trades": 0
  }
}