{
  "null": {
    "score": 3.911035281913935,
    "trades": 0
  },
  "null": {
    "score": 0.2684742274233852,
    "trades": 0
  }
}