{
  "null": {
    "score": 3.76873727051811,
    "trades": 0
  },
  "null": {
    "score": 3.9024335396169314,
    "trades": 0
  }
}