{
  "null": {
    "score": 0.2567621066087307,
    "trades": 0
  },
  "null": {
    "score": 0.30863935927958225,
    "trades": 0
  }
}