{
  "null": {
    "score": 4.696555606524788,
    "trades": 0
  },
  "null": {
    "score": 3.4452096286450455,
    "trades": 0
  }
}