{
  "null": {
    "score": 0.3154416855647857,
    "trades": 0
  },
  "null": {
    "score": 0.20808000000000001,
    "trades": 0
  }
}