{
  "null": {
    "score": 0.3188042529797716,
    "trades": 0
  },
  "null": {
    "score": 4.295710130521294,
    "trades": 0
  }
}