{
  "null": {
    "score": 0.24011979176682746,
    "trades": 0
  },
  "null": {
    "score": 1.106530666722728,
    "trades": 0
  }
}