{
  "null": {
    "score": 4.992004798720128,
    "trades": 0
  },
  "null": {
    "score": 0.21713670716829792,
    "trades": 0
  }
}