{
  "null": {
    "score": 4.66472102134217,
    "trades": 0
  },
  "null": {
    "score": 0.20400000000000001,
    "trades": 0
  }
}