{
  "null": {
    "score": 4.503359418293728,
    "trades": 0
  },
  "null": {
    "score": 4.216538342461328,
    "trades": 0
  }
}