{
  "null": {
    "score": 4.996000800000001,
    "trades": 0
  },
  "null": {
    "score": 1.0047736253583064,
    "trades": 0
  }
}