{
  "null": {
    "score": 4.594327184450289,
    "trades": 0
  },
  "null": {
    "score": 0.3096287853649468,
    "trades": 0
  }
}