{
  "null": {
    "score": 0.7881914551705171,
    "trades": 0
  },
  "null": {
    "score": 4.224981548290879,
    "trades": 0
  }
}