{
  "null": {
    "score": 3.994036272790749,
    "trades": 0
  },
  "null": {
    "score": 3.6182599069535857,
    "trades": 0
  }
}