{
  "null": {
    "score": 3.069664693798834,
    "trades": 0
  },
  "null": {
    "score": 0.5393940953487972,
    "trades": 0
  }
}