{
  "null": {
    "score": 0.21207184067865603,
    "trades": 0
  },
  "null": {
    "score": 0.26804421131172185,
    "trades": 0
  }
}