{
  "null": {
    "score": 0.23469779132889915,
    "trades": 0
  },
  "null": {
    "score": 0.20400000000000001,
    "trades": 0
  }
}