{
  "null": {
    "score": 0.22081616064000004,
    "trades": 0
  },
  "null": {
    "score": 0.2414691493567603,
    "trades": 0
  }
}