{
  "null": {
    "score": 4.9960008,
    "trades": 0
  },
  "null": {
    "score": 2.887995898722258,
    "trades": 0
  }
}