{
  "null": {
    "score": 0.36679239198386576,
    "trades": 0
  },
  "null": {
    "score": 0.20658690694791196,
    "trades": 0
  }
}