{
  "null": {
    "score": 0.20400000000000001,
    "trades": 0
  },
  "null": {
    "score": 2.330135774672496,
    "trades": 0
  }
}