{
  "null": {
    "score": 1.0210370698765654,
    "trades": 0
  },
  "null": {
    "score": 3.899281012816264,
    "trades": 0
  }
}