{
  "null": {
    "score": 2.26807277513333,
    "trades": 0
  },
  "null": {
    "score": 4.602624494394292,
    "trades": 0
  }
}