{
  "null": {
    "score": 1.1452654875992294,
    "trades": 0
  },
  "null": {
    "score": 1.2287923872766882,
    "trades": 0
  }
}