{
  "null": {
    "score": 0.20400000000000001,
    "trades": 0
  },
  "null": {
    "score": 4.595264712544621,
    "trades": 0
  }
}