{
  "null": {
    "score": 4.986016788804479,
    "trades": 0
  },
  "null": {
    "score": 3.7614166257502775,
    "trades": 0
  }
}