{
  "null": {
    "score": 0.20367379578778125,
    "trades": 0
  },
  "null": {
    "score": 0.2205512872248569,
    "trades": 0
  }
}