{
  "null": {
    "score": 0.2422432433535272,
    "trades": 0
  },
  "null": {
    "score": 0.20400000000000001,
    "trades": 0
  }
}