{
  "null": {
    "score": 0.23456605935237232,
    "trades": 0
  },
  "null": {
    "score": 0.21857396311269295,
    "trades": 0
  }
}