{
  "null": {
    "score": 2.4175127811869657,
    "trades": 0
  },
  "null": {
    "score": 0.30452995562034557,
    "trades": 0
  }
}