{
  "null": {
    "score": 4.3397420893106835,
    "trades": 0
  },
  "null": {
    "score": 0.2039184,
    "trades": 0
  }
}