{
  "null": {
    "score": 0.220374881483283,
    "trades": 0
  },
  "null": {
    "score": 2.5871152776520683,
    "trades": 0
  }
}