{
  "null": {
    "score": 4.10337190667443,
    "trades": 0
  },
  "null": {
    "score": 4.606308804428426,
    "trades": 0
  }
}