{
  "null": {
    "score": 4.3181104940310036,
    "trades": 0
  },
  "null": {
    "score": 0.26152982928787166,
    "trades": 0
  }
}