{
  "null": {
    "score": 3.5736616446516645,
    "trades": 0
  },
  "null": {
    "score": 4.8000792,
    "trades": 0
  }
}