{
  "null": {
    "score": 3.6729294303923385,
    "trades": 0
  },
  "null": {
    "score": 1.0753073576266903,
    "trades": 0
  }
}