{
  "null": {
    "score": 1.0502474690490515,
    "trades": 0
  },
  "null": {
    "score": 0.27193348141722934,
    "trades": 0
  }
}