{
  "null": {
    "score": 3.401383266751658,
    "trades": 0
  },
  "null": {
    "score": 0.20367379578778125,
    "trades": 0
  }
}