{
  "null": {
    "score": 2.65310282197426,
    "trades": 0
  },
  "null": {
    "score": 2.464824091288828,
    "trades": 0
  }
}