{
  "null": {
    "score": 4.527718033198752,
    "trades": 0
  },
  "null": {
    "score": 0.263210026885672,
    "trades": 0
  }
}