{
  "null": {
    "score": 0.3586659727642778,
    "trades": 0
  },
  "null": {
    "score": 4.896080784,
    "trades": 0
  }
}