{
  "null": {
    "score": 0.20375529790694402,
    "trades": 0
  },
  "null": {
    "score": 3.298861484256298,
    "trades": 0
  }
}