{
  "null": {
    "score": 0.5114387429259926,
    "trades": 0
  },
  "null": {
    "score": 4.162072829475876,
    "trades": 0
  }
}