{
  "null": {
    "score": 0.2250523339029152,
    "trades": 0
  },
  "null": {
    "score": 0.20400000000000001,
    "trades": 0
  }
}