{
  "null": {
    "score": 3.7396741785002185,
    "trades": 0
  },
  "null": {
    "score": 0.23711361436830095,
    "trades": 0
  }
}