{
  "null": {
    "score": 3.635653398398142,
    "trades": 0
  },
  "null": {
    "score": 0.3155043720272759,
    "trades": 0
  }
}