{
  "null": {
    "score": 4.403585847932586,
    "trades": 0
  },
  "null": {
    "score": 0.20400000000000001,
    "trades": 0
  }
}