{
  "null": {
    "score": 0.812680309585247,
    "trades": 0
  },
  "null": {
    "score": 0.20205058227006062,
    "trades": 0
  }
}