{
  "null": {
    "score": 4.99000799680064,
    "trades": 0
  },
  "null": {
    "score": 4.78857052396782,
    "trades": 0
  }
}