{
  "null": {
    "score": 0.20400000000000001,
    "trades": 0
  },
  "null": {
    "score": 3.8790947333101204,
    "trades": 0
  }
}