{
  "null": {
    "score": 1.1318265941176346,
    "trades": 0
  },
  "null": {
    "score": 2.476732312142295,
    "trades": 0
  }
}