{
  "null": {
    "score": 4.612757292646818,
    "trades": 0
  },
  "null": {
    "score": 0.20400000000000001,
    "trades": 0
  }
}