{
  "null": {
    "score": 3.983445249894296,
    "trades": 0
  },
  "null": {
    "score": 0.2657495211417339,
    "trades": 0
  }
}