{
  "null": {
    "score": 4.213165786433492,
    "trades": 0
  },
  "null": {
    "score": 0.21622675218123225,
    "trades": 0
  }
}