{
  "null": {
    "score": 2.1285288671866707,
    "trades": 0
  },
  "null": {
    "score": 0.6180090126132554,
    "trades": 0
  }
}