{
  "null": {
    "score": 1.6624077492270521,
    "trades": 0
  },
  "null": {
    "score": 4.696555606524788,
    "trades": 0
  }
}