{
  "null": {
    "score": 2.595415891530752,
    "trades": 0
  },
  "null": {
    "score": 0.23246432781205983,
    "trades": 0
  }
}