{
  "null": {
    "score": 3.8358929009778007,
    "trades": 0
  },
  "null": {
    "score": 4.888251753729881,
    "trades": 0
  }
}