{
  "null": {
    "score": 0.20367379578778125,
    "trades": 0
  },
  "null": {
    "score": 4.580580435789192,
    "trades": 0
  }
}