{
  "null": {
    "score": 2.5871152776520683,
    "trades": 0
  },
  "null": {
    "score": 0.20400000000000001,
    "trades": 0
  }
}