{
  "null": {
    "score": 4.6118408,
    "trades": 0
  },
  "null": {
    "score": 0.8285603249911001,
    "trades": 0
  }
}