{
  "null": {
    "score": 4.692799113488468,
    "trades": 0
  },
  "null": {
    "score": 1.6171523864600348,
    "trades": 0
  }
}