{
  "null": {
    "score": 2.3267354996483234,
    "trades": 0
  },
  "null": {
    "score": 0.20808000000000001,
    "trades": 0
  }
}