{
  "null": {
    "score": 4.481790785211103,
    "trades": 0
  },
  "null": {
    "score": 0.6155397795176745,
    "trades": 0
  }
}