{
  "null": {
    "score": 4.870682177483077,
    "trades": 0
  },
  "null": {
    "score": 3.903229878434948,
    "trades": 0
  }
}