{
  "null": {
    "score": 0.3029510029432847,
    "trades": 0
  },
  "null": {
    "score": 4.515989023949438,
    "trades": 0
  }
}