{
  "null": {
    "score": 3.9464058416067456,
    "trades": 0
  },
  "null": {
    "score": 0.7316342751543947,
    "trades": 0
  }
}