{
  "null": {
    "score": 4.677765729000198,
    "trades": 0
  },
  "null": {
    "score": 4.898040000000001,
    "trades": 0
  }
}