{
  "null": {
    "score": 4.996000800000001,
    "trades": 0
  },
  "null": {
    "score": 0.2577388234337583,
    "trades": 0
  }
}