{
  "null": {
    "score": 4.165404486600439,
    "trades": 0
  },
  "null": {
    "score": 0.20400000000000001,
    "trades": 0
  }
}