{
  "null": {
    "score": 3.4673433674913183,
    "trades": 0
  },
  "null": {
    "score": 0.2192828553973114,
    "trades": 0
  }
}