{
  "null": {
    "score": 4.391270593746733,
    "trades": 0
  },
  "null": {
    "score": 0.23381400315044087,
    "trades": 0
  }
}