{
  "null": {
    "score": 1.2147652991873115,
    "trades": 0
  },
  "null": {
    "score": 4.494359901950638,
    "trades": 0
  }
}