{
  "null": {
    "score": 0.30863935927958225,
    "trades": 0
  },
  "null": {
    "score": 3.584405659104323,
    "trades": 0
  }
}