{
  "null": {
    "score": 0.9496367931681203,
    "trades": 0
  },
  "null": {
    "score": 4.604466280906656,
    "trades": 0
  }
}