{
  "null": {
    "score": 4.675932041989446,
    "trades": 0
  },
  "null": {
    "score": 0.21122451515919416,
    "trades": 0
  }
}