{
  "null": {
    "score": 4.508767775704605,
    "trades": 0
  },
  "null": {
    "score": 2.7763957259413767,
    "trades": 0
  }
}