{
  "null": {
    "score": 1.6824224658190579,
    "trades": 0
  },
  "null": {
    "score": 0.21622675218123225,
    "trades": 0
  }
}