{
  "null": {
    "score": 4.342353028748243,
    "trades": 0
  },
  "null": {
    "score": 0.2072491765790637,
    "trades": 0
  }
}