{
  "null": {
    "score": 2.7165242806348315,
    "trades": 0
  },
  "null": {
    "score": 3.9574734790985238,
    "trades": 0
  }
}