{
  "null": {
    "score": 1.4434923644400384,
    "trades": 0
  },
  "null": {
    "score": 0.20400000000000001,
    "trades": 0
  }
}