{
  "null": {
    "score": 0.2886353338948983,
    "trades": 0
  },
  "null": {
    "score": 0.21791996499411337,
    "trades": 0
  }
}