{
  "null": {
    "score": 1.3208203235314442,
    "trades": 0
  },
  "null": {
    "score": 0.29031345830418287,
    "trades": 0
  }
}