{
  "null": {
    "score": 4.257208851713964,
    "trades": 0
  },
  "null": {
    "score": 0.21139416011064502,
    "trades": 0
  }
}