{
  "null": {
    "score": 3.298861484256298,
    "trades": 0
  },
  "null": {
    "score": 1.1760865249129842,
    "trades": 0
  }
}