{
  "null": {
    "score": 4.888251753729882,
    "trades": 0
  },
  "null": {
    "score": 0.20400000000000001,
    "trades": 0
  }
}