{
  "null": {
    "score": 2.8695680711203426,
    "trades": 0
  },
  "null": {
    "score": 1.822021580540794,
    "trades": 0
  }
}