{
  "null": {
    "score": 3.745653653834252,
    "trades": 0
  },
  "null": {
    "score": 4.138825724558128,
    "trades": 0
  }
}