{
  "null": {
    "score": 0.44908992755333277,
    "trades": 0
  },
  "null": {
    "score": 2.7383407138642464,
    "trades": 0
  }
}