{
  "null": {
    "score": 4.89804,
    "trades": 0
  },
  "null": {
    "score": 1.7351506467835958,
    "trades": 0
  }
}