{
  "null": {
    "score": 4.689045625045532,
    "trades": 0
  },
  "null": {
    "score": 3.2484425208149976,
    "trades": 0
  }
}