{
  "null": {
    "score": 0.5315753077989817,
    "trades": 0
  },
  "null": {
    "score": 2.2494418621193626,
    "trades": 0
  }
}