{
  "null": {
    "score": 0.21147875161128948,
    "trades": 0
  },
  "null": {
    "score": 0.2894432632736907,
    "trades": 0
  }
}