{
  "null": {
    "score": 4.9960008,
    "trades": 0
  },
  "null": {
    "score": 2.6042397282349827,
    "trades": 0
  }
}