{
  "null": {
    "score": 1.3121351314141443,
    "trades": 0
  },
  "null": {
    "score": 4.512376955288522,
    "trades": 0
  }
}