{
  "null": {
    "score": 0.24972136923759272,
    "trades": 0
  },
  "null": {
    "score": 0.2375884112012719,
    "trades": 0
  }
}