{
  "null": {
    "score": 4.882388197673398,
    "trades": 0
  },
  "null": {
    "score": 0.2064205692112147,
    "trades": 0
  }
}