{
  "null": {
    "score": 0.20367379578778122,
    "trades": 0
  },
  "null": {
    "score": 4.698434980516995,
    "trades": 0
  }
}