{
  "null": {
    "score": 1.6171523864600348,
    "trades": 0
  },
  "null": {
    "score": 0.220374881483283,
    "trades": 0
  }
}