{
  "null": {
    "score": 0.5975338640456309,
    "trades": 0
  },
  "null": {
    "score": 2.4035129736792427,
    "trades": 0
  }
}