{
  "null": {
    "score": 0.21861856577656105,
    "trades": 0
  },
  "null": {
    "score": 0.6441343496374393,
    "trades": 0
  }
}