{
  "null": {
    "score": 4.704077616000001,
    "trades": 0
  },
  "null": {
    "score": 3.8458658110550994,
    "trades": 0
  }
}