{
  "null": {
    "score": 0.22909464095833573,
    "trades": 0
  },
  "null": {
    "score": 0.4104485236001077,
    "trades": 0
  }
}