{
  "null": {
    "score": 0.26173987694810225,
    "trades": 0
  },
  "null": {
    "score": 0.20400000000000001,
    "trades": 0
  }
}