{
  "null": {
    "score": 0.22500701882859503,
    "trades": 0
  },
  "null": {
    "score": 2.589569430997391,
    "trades": 0
  }
}