{
  "null": {
    "score": 0.2068350096919752,
    "trades": 0
  },
  "null": {
    "score": 0.2279062037373136,
    "trades": 0
  }
}