{
  "null": {
    "score": 2.105410066588182,
    "trades": 0
  },
  "null": {
    "score": 3.1676055352412655,
    "trades": 0
  }
}