{
  "null": {
    "score": 0.21648643200000003,
    "trades": 0
  },
  "null": {
    "score": 4.9960008,
    "trades": 0
  }
}