{
  "null": {
    "score": 4.515989023949438,
    "trades": 0
  },
  "null": {
    "score": 4.792403680127334,
    "trades": 0
  }
}