{
  "null": {
    "score": 4.162072829475876,
    "trades": 0
  },
  "null": {
    "score": 4.89804,
    "trades": 0
  }
}