{
  "null": {
    "score": 4.604466280906655,
    "trades": 0
  },
  "null": {
    "score": 4.179588233511252,
    "trades": 0
  }
}