{
  "null": {
    "score": 2.0743736465737954,
    "trades": 0
  },
  "null": {
    "score": 0.9070072455935457,
    "trades": 0
  }
}