{
  "null": {
    "score": 0.20791356929280003,
    "trades": 0
  },
  "null": {
    "score": 0.207996768,
    "trades": 0
  }
}