{
  "null": {
    "score": 0.655021444911438,
    "trades": 0
  },
  "null": {
    "score": 1.429418146984587,
    "trades": 0
  }
}