{
  "null": {
    "score": 4.046324421290728,
    "trades": 0
  },
  "null": {
    "score": 3.378999088351783,
    "trades": 0
  }
}