{
  "null": {
    "score": 0.20625656616734503,
    "trades": 0
  },
  "null": {
    "score": 0.23854085897369398,
    "trades": 0
  }
}