{
  "null": {
    "score": 4.77135922651984,
    "trades": 0
  },
  "null": {
    "score": 3.6619493767551794,
    "trades": 0
  }
}