{
  "null": {
    "score": 4.270007912727265,
    "trades": 0
  },
  "null": {
    "score": 4.141293691709797,
    "trades": 0
  }
}