{
  "null": {
    "score": 0.38922433151541297,
    "trades": 0
  },
  "null": {
    "score": 3.5385913854647164,
    "trades": 0
  }
}