{
  "null": {
    "score": 0.2657495211417339,
    "trades": 0
  },
  "null": {
    "score": 0.3084529599743553,
    "trades": 0
  }
}