{
  "null": {
    "score": 4.586081532602693,
    "trades": 0
  },
  "null": {
    "score": 0.2826933036583672,
    "trades": 0
  }
}