{
  "null": {
    "score": 4.9960008,
    "trades": 0
  },
  "null": {
    "score": 0.6639941662487805,
    "trades": 0
  }
}