{
  "null": {
    "score": 0.4640686101452134,
    "trades": 0
  },
  "null": {
    "score": 2.471789402244465,
    "trades": 0
  }
}