{
  "null": {
    "score": 3.132319267553637,
    "trades": 0
  },
  "null": {
    "score": 4.328488483557988,
    "trades": 0
  }
}