{
  "null": {
    "score": 3.697102953330043,
    "trades": 0
  },
  "null": {
    "score": 0.20741507545301402,
    "trades": 0
  }
}