{
  "null": {
    "score": 0.2237057942330407,
    "trades": 0
  },
  "null": {
    "score": 2.152576117912668,
    "trades": 0
  }
}