{
  "null": {
    "score": 4.37811973472511,
    "trades": 0
  },
  "null": {
    "score": 4.634956202482721,
    "trades": 0
  }
}