{
  "null": {
    "score": 1.5272540409744253,
    "trades": 0
  },
  "null": {
    "score": 4.606308804428426,
    "trades": 0
  }
}