{
  "null": {
    "score": 4.095996468841027,
    "trades": 0
  },
  "null": {
    "score": 4.773268533933414,
    "trades": 0
  }
}