{
  "null": {
    "score": 1.6285253068092036,
    "trades": 0
  },
  "null": {
    "score": 4.213165786433492,
    "trades": 0
  }
}