{
  "null": {
    "score": 1.0282012434620107,
    "trades": 0
  },
  "null": {
    "score": 1.6109509916797498,
    "trades": 0
  }
}