{
  "null": {
    "score": 2.3672612598829534,
    "trades": 0
  },
  "null": {
    "score": 1.6624077492270521,
    "trades": 0
  }
}