{
  "null": {
    "score": 4.8000792,
    "trades": 0
  },
  "null": {
    "score": 4.8882517537298815,
    "trades": 0
  }
}