{
  "null": {
    "score": 0.2250523339029152,
    "trades": 0
  },
  "null": {
    "score": 4.681547652328985,
    "trades": 0
  }
}