{
  "null": {
    "score": 3.9511453196934974,
    "trades": 0
  },
  "null": {
    "score": 4.689045625045532,
    "trades": 0
  }
}