{
  "null": {
    "score": 0.207996768,
    "trades": 0
  },
  "null": {
    "score": 0.8990686086788767,
    "trades": 0
  }
}