{
  "null": {
    "score": 3.094234660723612,
    "trades": 0
  },
  "null": {
    "score": 4.986016788804479,
    "trades": 0
  }
}