{
  "null": {
    "score": 2.0354362332188654,
    "trades": 0
  },
  "null": {
    "score": 0.3265496774823292,
    "trades": 0
  }
}