{
  "null": {
    "score": 4.6118408,
    "trades": 0
  },
  "null": {
    "score": 0.21224160000000003,
    "trades": 0
  }
}