{
  "null": {
    "score": 1.2287923872766882,
    "trades": 0
  },
  "null": {
    "score": 0.2977837777297261,
    "trades": 0
  }
}