{
  "null": {
    "score": 4.79815916832,
    "trades": 0
  },
  "null": {
    "score": 4.1846077544727125,
    "trades": 0
  }
}