{
  "null": {
    "score": 3.9361407167353524,
    "trades": 0
  },
  "null": {
    "score": 2.6723349726165524,
    "trades": 0
  }
}