{
  "null": {
    "score": 4.996000800000001,
    "trades": 0
  },
  "null": {
    "score": 4.898040000000001,
    "trades": 0
  }
}