{
  "null": {
    "score": 0.584205667892737,
    "trades": 0
  },
  "null": {
    "score": 0.20400000000000001,
    "trades": 0
  }
}