{
  "null": {
    "score": 0.6040492729753096,
    "trades": 0
  },
  "null": {
    "score": 4.798159168320001,
    "trades": 0
  }
}