{
  "null": {
    "score": 0.23901851372446223,
    "trades": 0
  },
  "null": {
    "score": 0.21648643200000003,
    "trades": 0
  }
}