{
  "null": {
    "score": 4.140481917325059,
    "trades": 0
  },
  "null": {
    "score": 3.726973371219522,
    "trades": 0
  }
}