{
  "null": {
    "score": 4.112416557232009,
    "trades": 0
  },
  "null": {
    "score": 0.21224160000000003,
    "trades": 0
  }
}