{
  "null": {
    "score": 4.587916699282403,
    "trades": 0
  },
  "null": {
    "score": 4.604466280906656,
    "trades": 0
  }
}