{
  "null": {
    "score": 4.1181736331998495,
    "trades": 0
  },
  "null": {
    "score": 0.42099216775638987,
    "trades": 0
  }
}