{
  "null": {
    "score": 0.2638412086727804,
    "trades": 0
  },
  "null": {
    "score": 0.23697104436470212,
    "trades": 0
  }
}