{
  "null": {
    "score": 4.059295997377509,
    "trades": 0
  },
  "null": {
    "score": 0.20808000000000001,
    "trades": 0
  }
}