{
  "null": {
    "score": 0.3807664296838023,
    "trades": 0
  },
  "null": {
    "score": 0.2618973487409052,
    "trades": 0
  }
}