{
  "null": {
    "score": 0.2847930351363418,
    "trades": 0
  },
  "null": {
    "score": 4.647942470898616,
    "trades": 0
  }
}