{
  "null": {
    "score": 2.700270693548596,
    "trades": 0
  },
  "null": {
    "score": 0.2039184,
    "trades": 0
  }
}