{
  "null": {
    "score": 0.21224160000000003,
    "trades": 0
  },
  "null": {
    "score": 4.932144147175677,
    "trades": 0
  }
}