{
  "null": {
    "score": 1.5342949582616168,
    "trades": 0
  },
  "null": {
    "score": 0.20400000000000001,
    "trades": 0
  }
}