{
  "null": {
    "score": 0.22936977460504965,
    "trades": 0
  },
  "null": {
    "score": 0.22461038407771716,
    "trades": 0
  }
}