{
  "null": {
    "score": 3.83435854381741,
    "trades": 0
  },
  "null": {
    "score": 0.23882670008053075,
    "trades": 0
  }
}