{
  "null": {
    "score": 4.689045625045534,
    "trades": 0
  },
  "null": {
    "score": 0.8228267142781508,
    "trades": 0
  }
}