{
  "null": {
    "score": 4.492562157989857,
    "trades": 0
  },
  "null": {
    "score": 0.3154416855647857,
    "trades": 0
  }
}