{
  "null": {
    "score": 0.32877735249576623,
    "trades": 0
  },
  "null": {
    "score": 4.7021959849536,
    "trades": 0
  }
}