{
  "null": {
    "score": 2.1988304497515916,
    "trades": 0
  },
  "null": {
    "score": 0.22754177254295124,
    "trades": 0
  }
}