{
  "null": {
    "score": 4.894122351686401,
    "trades": 0
  },
  "null": {
    "score": 1.9435280811449427,
    "trades": 0
  }
}