{
  "null": {
    "score": 1.5048206967191444,
    "trades": 0
  },
  "null": {
    "score": 0.2535972859285681,
    "trades": 0
  }
}