{
  "null": {
    "score": 0.3517031853100028,
    "trades": 0
  },
  "null": {
    "score": 2.708919907979646,
    "trades": 0
  }
}