{
  "null": {
    "score": 4.8960807840000005,
    "trades": 0
  },
  "null": {
    "score": 0.3235586022419019,
    "trades": 0
  }
}