{
  "null": {
    "score": 2.219157114753168,
    "trades": 0
  },
  "null": {
    "score": 4.8882517537298815,
    "trades": 0
  }
}