{
  "null": {
    "score": 0.2617925898014089,
    "trades": 0
  },
  "null": {
    "score": 2.3250233905364794,
    "trades": 0
  }
}