{
  "null": {
    "score": 0.44107703856373554,
    "trades": 0
  },
  "null": {
    "score": 4.964122139271243,
    "trades": 0
  }
}