{
  "null": {
    "score": 4.888251753729881,
    "trades": 0
  },
  "null": {
    "score": 1.0112368829298275,
    "trades": 0
  }
}