{
  "null": {
    "score": 4.339753665676129,
    "trades": 0
  },
  "null": {
    "score": 4.8000792,
    "trades": 0
  }
}