{
  "null": {
    "score": 0.23246432781205986,
    "trades": 0
  },
  "null": {
    "score": 3.6509339742641975,
    "trades": 0
  }
}