{
  "null": {
    "score": 0.3481347289725149,
    "trades": 0
  },
  "null": {
    "score": 1.0134469269155562,
    "trades": 0
  }
}