{
  "null": {
    "score": 4.512376955288521,
    "trades": 0
  },
  "null": {
    "score": 0.24629853234389545,
    "trades": 0
  }
}