{
  "null": {
    "score": 4.794321408690811,
    "trades": 0
  },
  "null": {
    "score": 0.2079135692928,
    "trades": 0
  }
}