{
  "null": {
    "score": 0.255685411378932,
    "trades": 0
  },
  "null": {
    "score": 4.481790785211107,
    "trades": 0
  }
}