{
  "null": {
    "score": 3.682301742392014,
    "trades": 0
  },
  "null": {
    "score": 0.8665408969732757,
    "trades": 0
  }
}