{
  "null": {
    "score": 0.6335050443776924,
    "trades": 0
  },
  "null": {
    "score": 0.6046819884963739,
    "trades": 0
  }
}