{
  "null": {
    "score": 4.786655095758234,
    "trades": 0
  },
  "null": {
    "score": 3.64659351495068,
    "trades": 0
  }
}