{
  "null": {
    "score": 1.1991764258722468,
    "trades": 0
  },
  "null": {
    "score": 0.20400000000000001,
    "trades": 0
  }
}