{
  "null": {
    "score": 4.404472703911623,
    "trades": 0
  },
  "null": {
    "score": 4.140481917325059,
    "trades": 0
  }
}