{
  "null": {
    "score": 4.447851519540823,
    "trades": 0
  },
  "null": {
    "score": 0.2624217725791438,
    "trades": 0
  }
}