{
  "null": {
    "score": 0.49831278001941054,
    "trades": 0
  },
  "null": {
    "score": 0.5313570080232464,
    "trades": 0
  }
}