{
  "null": {
    "score": 3.887634661862393,
    "trades": 0
  },
  "null": {
    "score": 0.3586659727642778,
    "trades": 0
  }
}