{
  "null": {
    "score": 4.694676984282178,
    "trades": 0
  },
  "null": {
    "score": 3.1448761531938625,
    "trades": 0
  }
}