{
  "null": {
    "score": 3.6707405807575664,
    "trades": 0
  },
  "null": {
    "score": 4.89804,
    "trades": 0
  }
}