{
  "null": {
    "score": 0.5295580458702047,
    "trades": 0
  },
  "null": {
    "score": 1.3706106925287418,
    "trades": 0
  }
}