{
  "null": {
    "score": 3.391879862532718,
    "trades": 0
  },
  "null": {
    "score": 4.8902078368646285,
    "trades": 0
  }
}