{
  "null": {
    "score": 4.425669243470449,
    "trades": 0
  },
  "null": {
    "score": 0.21818167829482515,
    "trades": 0
  }
}