{
  "null": {
    "score": 2.4752497227560615,
    "trades": 0
  },
  "null": {
    "score": 4.992004798720129,
    "trades": 0
  }
}