{
  "null": {
    "score": 0.22152286411625374,
    "trades": 0
  },
  "null": {
    "score": 4.051988973205563,
    "trades": 0
  }
}