{
  "null": {
    "score": 0.2443828656627896,
    "trades": 0
  },
  "null": {
    "score": 4.994002399679999,
    "trades": 0
  }
}