{
  "null": {
    "score": 0.21224160000000003,
    "trades": 0
  },
  "null": {
    "score": 3.7098701987838636,
    "trades": 0
  }
}