{
  "null": {
    "score": 2.330135774672496,
    "trades": 0
  },
  "null": {
    "score": 4.698434980516996,
    "trades": 0
  }
}