{
  "null": {
    "score": 3.166338493027171,
    "trades": 0
  },
  "null": {
    "score": 4.798159168320001,
    "trades": 0
  }
}