{
  "null": {
    "score": 1.8561436937003195,
    "trades": 0
  },
  "null": {
    "score": 4.058478643935236,
    "trades": 0
  }
}