{
  "null": {
    "score": 1.9721148739109429,
    "trades": 0
  },
  "null": {
    "score": 4.99400239968,
    "trades": 0
  }
}