{
  "null": {
    "score": 0.21215670336,
    "trades": 0
  },
  "null": {
    "score": 4.8020000000000005,
    "trades": 0
  }
}