{
  "null": {
    "score": 0.303679104352473,
    "trades": 0
  },
  "null": {
    "score": 0.21122507860562215,
    "trades": 0
  }
}