{
  "null": {
    "score": 2.968233363175813,
    "trades": 0
  },
  "null": {
    "score": 0.21905632808276973,
    "trades": 0
  }
}