{
  "null": {
    "score": 0.2079135692928,
    "trades": 0
  },
  "null": {
    "score": 2.394398329107376,
    "trades": 0
  }
}