{
  "null": {
    "score": 0.22442294303991336,
    "trades": 0
  },
  "null": {
    "score": 0.654130191578509,
    "trades": 0
  }
}