{
  "null": {
    "score": 0.22514239085925894,
    "trades": 0
  },
  "null": {
    "score": 0.22469246616130348,
    "trades": 0
  }
}