{
  "null": {
    "score": 3.7069028962040638,
    "trades": 0
  },
  "null": {
    "score": 0.22200996028091285,
    "trades": 0
  }
}