{
  "null": {
    "score": 0.21648643200000003,
    "trades": 0
  },
  "null": {
    "score": 2.464380380055759,
    "trades": 0
  }
}