{
  "null": {
    "score": 0.5764364557708267,
    "trades": 0
  },
  "null": {
    "score": 0.2473284418841641,
    "trades": 0
  }
}