{
  "null": {
    "score": 0.21905632808276967,
    "trades": 0
  },
  "null": {
    "score": 0.3352862694485349,
    "trades": 0
  }
}