{
  "null": {
    "score": 0.229139556783335,
    "trades": 0
  },
  "null": {
    "score": 1.878551095199679,
    "trades": 0
  }
}