{
  "null": {
    "score": 0.5321264321096171,
    "trades": 0
  },
  "null": {
    "score": 1.0177743218414665,
    "trades": 0
  }
}