{
  "null": {
    "score": 0.2279062037373136,
    "trades": 0
  },
  "null": {
    "score": 0.5444784358692586,
    "trades": 0
  }
}