{
  "null": {
    "score": 0.5362733271848349,
    "trades": 0
  },
  "null": {
    "score": 0.21198701194238456,
    "trades": 0
  }
}