{
  "null": {
    "score": 1.452684658965618,
    "trades": 0
  },
  "null": {
    "score": 4.89804,
    "trades": 0
  }
}