{
  "null": {
    "score": 0.6656352458150171,
    "trades": 0
  },
  "null": {
    "score": 2.2477506530821567,
    "trades": 0
  }
}