{
  "null": {
    "score": 0.22200996028091285,
    "trades": 0
  },
  "null": {
    "score": 1.3500622118106198,
    "trades": 0
  }
}