{
  "null": {
    "score": 0.20400000000000001,
    "trades": 0
  },
  "null": {
    "score": 0.8136541362084738,
    "trades": 0
  }
}