{
  "null": {
    "score": 0.4651814414415066,
    "trades": 0
  },
  "null": {
    "score": 4.884341934447179,
    "trades": 0
  }
}