{
  "null": {
    "score": 4.60999606368,
    "trades": 0
  },
  "null": {
    "score": 2.8695680711203426,
    "trades": 0
  }
}