{
  "null": {
    "score": 1.2503831701126962,
    "trades": 0
  },
  "null": {
    "score": 0.33115356882015845,
    "trades": 0
  }
}