{
  "null": {
    "score": 1.3258553021970605,
    "trades": 0
  },
  "null": {
    "score": 4.456757907394715,
    "trades": 0
  }
}