{
  "null": {
    "score": 3.2000827139868253,
    "trades": 0
  },
  "null": {
    "score": 4.190465892723744,
    "trades": 0
  }
}