{
  "null": {
    "score": 1.7351413897092296,
    "trades": 0
  },
  "null": {
    "score": 3.6802841125177195,
    "trades": 0
  }
}