{
  "null": {
    "score": 0.22072783417574404,
    "trades": 0
  },
  "null": {
    "score": 1.7705618844730577,
    "trades": 0
  }
}