{
  "null": {
    "score": 2.0806101352666633,
    "trades": 0
  },
  "null": {
    "score": 2.1255929414864307,
    "trades": 0
  }
}