{
  "null": {
    "score": 0.7566419486674123,
    "trades": 0
  },
  "null": {
    "score": 1.5580671346616919,
    "trades": 0
  }
}