{
  "null": {
    "score": 0.3227178442701596,
    "trades": 0
  },
  "null": {
    "score": 0.20808000000000001,
    "trades": 0
  }
}