{
  "null": {
    "score": 1.8128430001100964,
    "trades": 0
  },
  "null": {
    "score": 0.4001112929865084,
    "trades": 0
  }
}