{
  "null": {
    "score": 3.2693121299717283,
    "trades": 0
  },
  "null": {
    "score": 0.20400000000000001,
    "trades": 0
  }
}