{
  "null": {
    "score": 0.3352862694485349,
    "trades": 0
  },
  "null": {
    "score": 4.996000800000001,
    "trades": 0
  }
}