{
  "null": {
    "score": 0.22055128722485692,
    "trades": 0
  },
  "null": {
    "score": 0.2039184,
    "trades": 0
  }
}