{
  "null": {
    "score": 1.3024436066717664,
    "trades": 0
  },
  "null": {
    "score": 4.554995772008001,
    "trades": 0
  }
}