{
  "null": {
    "score": 3.671479846061787,
    "trades": 0
  },
  "null": {
    "score": 0.2621069923977046,
    "trades": 0
  }
}