{
  "null": {
    "score": 4.984022382088956,
    "trades": 0
  },
  "null": {
    "score": 4.70596,
    "trades": 0
  }
}