{
  "null": {
    "score": 2.2748430634168266,
    "trades": 0
  },
  "null": {
    "score": 4.696555606524788,
    "trades": 0
  }
}