{
  "null": {
    "score": 4.658187463655083,
    "trades": 0
  },
  "null": {
    "score": 2.0087504367153253,
    "trades": 0
  }
}