{
  "null": {
    "score": 2.969421131628462,
    "trades": 0
  },
  "null": {
    "score": 0.3976510323796055,
    "trades": 0
  }
}