{
  "null": {
    "score": 0.258358263537014,
    "trades": 0
  },
  "null": {
    "score": 0.20400000000000001,
    "trades": 0
  }
}