{
  "null": {
    "score": 4.052805019666788,
    "trades": 0
  },
  "null": {
    "score": 4.898040000000001,
    "trades": 0
  }
}