{
  "null": {
    "score": 4.519603984000001,
    "trades": 0
  },
  "null": {
    "score": 0.207996768,
    "trades": 0
  }
}