{
  "null": {
    "score": 4.978043947242215,
    "trades": 0
  },
  "null": {
    "score": 0.3550259234441456,
    "trades": 0
  }
}