{
  "null": {
    "score": 0.20774727170353688,
    "trades": 0
  },
  "null": {
    "score": 0.45551318330303686,
    "trades": 0
  }
}