{
  "null": {
    "score": 1.924578457635554,
    "trades": 0
  },
  "null": {
    "score": 0.25324276497574616,
    "trades": 0
  }
}