{
  "null": {
    "score": 0.21305749249583372,
    "trades": 0
  },
  "null": {
    "score": 0.24002438411917768,
    "trades": 0
  }
}