{
  "null": {
    "score": 0.2606430034187534,
    "trades": 0
  },
  "null": {
    "score": 1.2207188470421027,
    "trades": 0
  }
}