{
  "null": {
    "score": 0.2287283094050154,
    "trades": 0
  },
  "null": {
    "score": 1.861944999759483,
    "trades": 0
  }
}