{
  "null": {
    "score": 1.0727520917894302,
    "trades": 0
  },
  "null": {
    "score": 0.27914817046082685,
    "trades": 0
  }
}