{
  "null": {
    "score": 0.2394964860695898,
    "trades": 0
  },
  "null": {
    "score": 4.77135922651984,
    "trades": 0
  }
}