{
  "null": {
    "score": 0.2294591108683567,
    "trades": 0
  },
  "null": {
    "score": 1.1828958872450093,
    "trades": 0
  }
}