{
  "null": {
    "score": 4.78857052396782,
    "trades": 0
  },
  "null": {
    "score": 2.565483903497857,
    "trades": 0
  }
}