{
  "null": {
    "score": 0.9580347171393342,
    "trades": 0
  },
  "null": {
    "score": 2.0649700226440646,
    "trades": 0
  }
}