{
  "null": {
    "score": 1.3152219728352281,
    "trades": 0
  },
  "null": {
    "score": 0.3005882886350452,
    "trades": 0
  }
}