{
  "null": {
    "score": 0.32362290174672637,
    "trades": 0
  },
  "null": {
    "score": 4.89804,
    "trades": 0
  }
}