{
  "null": {
    "score": 3.7916448282104036,
    "trades": 0
  },
  "null": {
    "score": 0.2250523339029152,
    "trades": 0
  }
}