{
  "null": {
    "score": 0.2190551594114944,
    "trades": 0
  },
  "null": {
    "score": 0.21207184067865603,
    "trades": 0
  }
}