{
  "null": {
    "score": 0.8509842682211916,
    "trades": 0
  },
  "null": {
    "score": 0.2561464934533686,
    "trades": 0
  }
}