{
  "null": {
    "score": 1.7772686133034705,
    "trades": 0
  },
  "null": {
    "score": 0.21029754481169566,
    "trades": 0
  }
}