{
  "null": {
    "score": 0.21215670336000003,
    "trades": 0
  },
  "null": {
    "score": 3.074433366272636,
    "trades": 0
  }
}