{
  "null": {
    "score": 3.4847223363155138,
    "trades": 0
  },
  "null": {
    "score": 4.79815916832,
    "trades": 0
  }
}