{
  "null": {
    "score": 4.88043524239433,
    "trades": 0
  },
  "null": {
    "score": 0.23663976636962503,
    "trades": 0
  }
}