{
  "null": {
    "score": 2.2712176147881453,
    "trades": 0
  },
  "null": {
    "score": 0.36679239198386576,
    "trades": 0
  }
}