{
  "null": {
    "score": 1.1760865249129842,
    "trades": 0
  },
  "null": {
    "score": 4.737121994156648,
    "trades": 0
  }
}