{
  "null": {
    "score": 0.21975857178128924,
    "trades": 0
  },
  "null": {
    "score": 2.6378020401718287,
    "trades": 0
  }
}