{
  "null": {
    "score": 4.779001041568651,
    "trades": 0
  },
  "null": {
    "score": 0.2818459495279947,
    "trades": 0
  }
}