{
  "null": {
    "score": 0.23834879284918556,
    "trades": 0
  },
  "null": {
    "score": 3.299332137955358,
    "trades": 0
  }
}