{
  "null": {
    "score": 0.31677001539125293,
    "trades": 0
  },
  "null": {
    "score": 4.214851727124341,
    "trades": 0
  }
}