{
  "null": {
    "score": 3.0709012426996445,
    "trades": 0
  },
  "null": {
    "score": 4.690909480730236,
    "trades": 0
  }
}