{
  "null": {
    "score": 4.664721021342173,
    "trades": 0
  },
  "null": {
    "score": 0.2151050676258975,
    "trades": 0
  }
}