{
  "null": {
    "score": 4.4115269130358845,
    "trades": 0
  },
  "null": {
    "score": 3.844337719565814,
    "trades": 0
  }
}