{
  "null": {
    "score": 1.3270917761950745,
    "trades": 0
  },
  "null": {
    "score": 0.21181745625075252,
    "trades": 0
  }
}