{
  "null": {
    "score": 4.894122351686399,
    "trades": 0
  },
  "null": {
    "score": 0.23607239856296913,
    "trades": 0
  }
}