{
  "null": {
    "score": 4.510572004506406,
    "trades": 0
  },
  "null": {
    "score": 2.448162528156635,
    "trades": 0
  }
}