{
  "null": {
    "score": 2.005415267911806,
    "trades": 0
  },
  "null": {
    "score": 3.4993778867054655,
    "trades": 0
  }
}