{
  "null": {
    "score": 0.42048717920437956,
    "trades": 0
  },
  "null": {
    "score": 0.8890128882102856,
    "trades": 0
  }
}