{
  "null": {
    "score": 0.21622675218123227,
    "trades": 0
  },
  "null": {
    "score": 2.44356655707891,
    "trades": 0
  }
}