{
  "null": {
    "score": 2.2477506530821567,
    "trades": 0
  },
  "null": {
    "score": 4.456662800472909,
    "trades": 0
  }
}