{
  "null": {
    "score": 0.24350644234601393,
    "trades": 0
  },
  "null": {
    "score": 1.784695541432553,
    "trades": 0
  }
}