{
  "null": {
    "score": 0.3235586022419019,
    "trades": 0
  },
  "null": {
    "score": 4.6118408,
    "trades": 0
  }
}