{
  "null": {
    "score": 3.4826270670187567,
    "trades": 0
  },
  "null": {
    "score": 0.27560228489607536,
    "trades": 0
  }
}