{
  "null": {
    "score": 4.7675429025561,
    "trades": 0
  },
  "null": {
    "score": 0.2169630325444363,
    "trades": 0
  }
}