{
  "null": {
    "score": 0.21818167829482515,
    "trades": 0
  },
  "null": {
    "score": 4.779001041568651,
    "trades": 0
  }
}