{
  "null": {
    "score": 4.996000800000001,
    "trades": 0
  },
  "null": {
    "score": 4.60999606368,
    "trades": 0
  }
}