{
  "null": {
    "score": 4.668455038420101,
    "trades": 0
  },
  "null": {
    "score": 1.9891436632604351,
    "trades": 0
  }
}