{
  "null": {
    "score": 0.2185311183502504,
    "trades": 0
  },
  "null": {
    "score": 4.6984349805169945,
    "trades": 0
  }
}