{
  "null": {
    "score": 4.996000800000001,
    "trades": 0
  },
  "null": {
    "score": 1.3635005970864482,
    "trades": 0
  }
}