{
  "null": {
    "score": 4.892164702745725,
    "trades": 0
  },
  "null": {
    "score": 2.270327296101808,
    "trades": 0
  }
}