{
  "null": {
    "score": 3.3628334682296046,
    "trades": 0
  },
  "null": {
    "score": 1.469707933580485,
    "trades": 0
  }
}