{
  "null": {
    "score": 4.777089441152025,
    "trades": 0
  },
  "null": {
    "score": 4.576916704333431,
    "trades": 0
  }
}