{
  "null": {
    "score": 3.899281012816264,
    "trades": 0
  },
  "null": {
    "score": 0.26158319761638227,
    "trades": 0
  }
}