{
  "null": {
    "score": 0.2621069923977047,
    "trades": 0
  },
  "null": {
    "score": 0.6649450111067126,
    "trades": 0
  }
}