{
  "null": {
    "score": 3.8213361663092145,
    "trades": 0
  },
  "null": {
    "score": 0.23820675100545727,
    "trades": 0
  }
}