{
  "null": {
    "score": 0.20799676800000003,
    "trades": 0
  },
  "null": {
    "score": 0.5780345444855824,
    "trades": 0
  }
}