{
  "null": {
    "score": 0.2039184,
    "trades": 0
  },
  "null": {
    "score": 0.4476548500993034,
    "trades": 0
  }
}