{
  "null": {
    "score": 3.5028937316592663,
    "trades": 0
  },
  "null": {
    "score": 0.2516768692752981,
    "trades": 0
  }
}