{
  "null": {
    "score": 4.567770191062855,
    "trades": 0
  },
  "null": {
    "score": 2.65310282197426,
    "trades": 0
  }
}