{
  "null": {
    "score": 0.2686884190089559,
    "trades": 0
  },
  "null": {
    "score": 2.754691108770798,
    "trades": 0
  }
}