{
  "null": {
    "score": 3.31077000381446,
    "trades": 0
  },
  "null": {
    "score": 4.8020000000000005,
    "trades": 0
  }
}