{
  "null": {
    "score": 4.70596,
    "trades": 0
  },
  "null": {
    "score": 1.331695986190156,
    "trades": 0
  }
}