{
  "null": {
    "score": 0.28627811381210255,
    "trades": 0
  },
  "null": {
    "score": 4.75420979069807,
    "trades": 0
  }
}