{
  "null": {
    "score": 4.784740433719931,
    "trades": 0
  },
  "null": {
    "score": 4.5971035539662095,
    "trades": 0
  }
}