{
  "null": {
    "score": 0.3698125683469407,
    "trades": 0
  },
  "null": {
    "score": 0.21224160000000003,
    "trades": 0
  }
}