{
  "null": {
    "score": 2.800948228949052,
    "trades": 0
  },
  "null": {
    "score": 0.9111935742426139,
    "trades": 0
  }
}