{
  "null": {
    "score": 2.9175906991456895,
    "trades": 0
  },
  "null": {
    "score": 4.512376955288521,
    "trades": 0
  }
}