{
  "null": {
    "score": 1.3805240547657867,
    "trades": 0
  },
  "null": {
    "score": 0.2519784511308689,
    "trades": 0
  }
}