{
  "null": {
    "score": 1.9152636523546596,
    "trades": 0
  },
  "null": {
    "score": 0.21215670336,
    "trades": 0
  }
}