{
  "null": {
    "score": 3.9645677593046544,
    "trades": 0
  },
  "null": {
    "score": 2.013167383188931,
    "trades": 0
  }
}