{
  "null": {
    "score": 4.994002399679999,
    "trades": 0
  },
  "null": {
    "score": 4.75611223559231,
    "trades": 0
  }
}