{
  "null": {
    "score": 0.2337700417942201,
    "trades": 0
  },
  "null": {
    "score": 4.371118945023808,
    "trades": 0
  }
}