{
  "null": {
    "score": 1.3500622118106198,
    "trades": 0
  },
  "null": {
    "score": 4.99000799680064,
    "trades": 0
  }
}