{
  "null": {
    "score": 3.562959338912022,
    "trades": 0
  },
  "null": {
    "score": 0.2888089869279196,
    "trades": 0
  }
}