{
  "null": {
    "score": 4.838628683289811,
    "trades": 0
  },
  "null": {
    "score": 4.7021959849536,
    "trades": 0
  }
}