{
  "null": {
    "score": 0.20375529790694402,
    "trades": 0
  },
  "null": {
    "score": 4.962136490415534,
    "trades": 0
  }
}