{
  "null": {
    "score": 0.31638919942638816,
    "trades": 0
  },
  "null": {
    "score": 0.24768195078273222,
    "trades": 0
  }
}