{
  "null": {
    "score": 0.20774727170353688,
    "trades": 0
  },
  "null": {
    "score": 0.20359232626946616,
    "trades": 0
  }
}