{
  "null": {
    "score": 4.333686827859095,
    "trades": 0
  },
  "null": {
    "score": 0.6940043335152267,
    "trades": 0
  }
}