{
  "null": {
    "score": 1.4495709331572006,
    "trades": 0
  },
  "null": {
    "score": 4.9900079968006406,
    "trades": 0
  }
}