{
  "null": {
    "score": 0.38282905415166174,
    "trades": 0
  },
  "null": {
    "score": 0.21224160000000003,
    "trades": 0
  }
}