{
  "null": {
    "score": 4.898040000000001,
    "trades": 0
  },
  "null": {
    "score": 0.3348831935322478,
    "trades": 0
  }
}