{
  "null": {
    "score": 3.5966110290408957,
    "trades": 0
  },
  "null": {
    "score": 4.872631229975065,
    "trades": 0
  }
}