{
  "null": {
    "score": 3.2296652628877136,
    "trades": 0
  },
  "null": {
    "score": 0.2623168038701121,
    "trades": 0
  }
}