{
  "null": {
    "score": 1.9008613918618436,
    "trades": 0
  },
  "null": {
    "score": 4.8823881976734,
    "trades": 0
  }
}