{
  "null": {
    "score": 0.21648643200000003,
    "trades": 0
  },
  "null": {
    "score": 1.7351413897092296,
    "trades": 0
  }
}