{
  "null": {
    "score": 3.8620608115867183,
    "trades": 0
  },
  "null": {
    "score": 1.5272540409744253,
    "trades": 0
  }
}