{
  "null": {
    "score": 4.606308804428426,
    "trades": 0
  },
  "null": {
    "score": 0.207996768,
    "trades": 0
  }
}