{
  "null": {
    "score": 3.804555874614669,
    "trades": 0
  },
  "null": {
    "score": 0.3633604990666154,
    "trades": 0
  }
}