{
  "null": {
    "score": 4.514182628339858,
    "trades": 0
  },
  "null": {
    "score": 1.3121351314141443,
    "trades": 0
  }
}