{
  "null": {
    "score": 0.23768348459510988,
    "trades": 0
  },
  "null": {
    "score": 2.105410066588182,
    "trades": 0
  }
}