{
  "null": {
    "score": 2.7814098694580456,
    "trades": 0
  },
  "null": {
    "score": 4.898040000000001,
    "trades": 0
  }
}