{
  "null": {
    "score": 1.2482705055612957,
    "trades": 0
  },
  "null": {
    "score": 0.23663976636962503,
    "trades": 0
  }
}