{
  "null": {
    "score": 4.66098999088046,
    "trades": 0
  },
  "null": {
    "score": 4.8960807840000005,
    "trades": 0
  }
}