{
  "null": {
    "score": 4.6118408,
    "trades": 0
  },
  "null": {
    "score": 0.3256364348611162,
    "trades": 0
  }
}