{
  "null": {
    "score": 0.6738909630241976,
    "trades": 0
  },
  "null": {
    "score": 0.40529260798876976,
    "trades": 0
  }
}