{
  "null": {
    "score": 0.5736955339763161,
    "trades": 0
  },
  "null": {
    "score": 3.9157427266598503,
    "trades": 0
  }
}