{
  "null": {
    "score": 0.2653245769594222,
    "trades": 0
  },
  "null": {
    "score": 1.5354247879179483,
    "trades": 0
  }
}