{
  "null": {
    "score": 0.23588357841570276,
    "trades": 0
  },
  "null": {
    "score": 0.4883400110911821,
    "trades": 0
  }
}