{
  "null": {
    "score": 1.0102677468560328,
    "trades": 0
  },
  "null": {
    "score": 1.4098218892815482,
    "trades": 0
  }
}