{
  "null": {
    "score": 4.700315106559619,
    "trades": 0
  },
  "null": {
    "score": 1.3081008634203843,
    "trades": 0
  }
}