{
  "null": {
    "score": 0.20658690694791196,
    "trades": 0
  },
  "null": {
    "score": 4.8941223516864,
    "trades": 0
  }
}