{
  "null": {
    "score": 0.8617399417839207,
    "trades": 0
  },
  "null": {
    "score": 4.675932041989446,
    "trades": 0
  }
}