{
  "null": {
    "score": 4.576916704333431,
    "trades": 0
  },
  "null": {
    "score": 4.996000800000001,
    "trades": 0
  }
}