{
  "null": {
    "score": 0.2072491765790637,
    "trades": 0
  },
  "null": {
    "score": 1.4585860550895757,
    "trades": 0
  }
}