{
  "null": {
    "score": 0.6261973905860565,
    "trades": 0
  },
  "null": {
    "score": 0.44417543906821283,
    "trades": 0
  }
}