{
  "null": {
    "score": 0.3223861934054065,
    "trades": 0
  },
  "null": {
    "score": 0.2294591108683567,
    "trades": 0
  }
}