{
  "null": {
    "score": 0.25696626867647293,
    "trades": 0
  },
  "null": {
    "score": 1.452684658965618,
    "trades": 0
  }
}