{
  "null": {
    "score": 0.20700057703350966,
    "trades": 0
  },
  "null": {
    "score": 0.7691557118733726,
    "trades": 0
  }
}