{
  "null": {
    "score": 4.488968827073411,
    "trades": 0
  },
  "null": {
    "score": 4.151257799722048,
    "trades": 0
  }
}