{
  "null": {
    "score": 4.9960008,
    "trades": 0
  },
  "null": {
    "score": 2.597347898599282,
    "trades": 0
  }
}