{
  "null": {
    "score": 3.321383563316599,
    "trades": 0
  },
  "null": {
    "score": 3.7172988511866665,
    "trades": 0
  }
}