{
  "null": {
    "score": 0.21224160000000003,
    "trades": 0
  },
  "null": {
    "score": 1.3512835175224094,
    "trades": 0
  }
}