{
  "null": {
    "score": 0.23199977095061286,
    "trades": 0
  },
  "null": {
    "score": 0.20808000000000001,
    "trades": 0
  }
}