{
  "null": {
    "score": 0.21224160000000003,
    "trades": 0
  },
  "null": {
    "score": 0.31752794084481517,
    "trades": 0
  }
}