{
  "null": {
    "score": 1.2207188470421027,
    "trades": 0
  },
  "null": {
    "score": 0.5808550880835189,
    "trades": 0
  }
}