{
  "null": {
    "score": 4.541990399483634,
    "trades": 0
  },
  "null": {
    "score": 0.9502892670675853,
    "trades": 0
  }
}