{
  "null": {
    "score": 0.2205512872248569,
    "trades": 0
  },
  "null": {
    "score": 4.698434980516996,
    "trades": 0
  }
}