{
  "null": {
    "score": 1.118942220975277,
    "trades": 0
  },
  "null": {
    "score": 0.9360947692448816,
    "trades": 0
  }
}