{
  "null": {
    "score": 1.6865604591276306,
    "trades": 0
  },
  "null": {
    "score": 2.611557213208894,
    "trades": 0
  }
}