{
  "null": {
    "score": 0.5684149010715692,
    "trades": 0
  },
  "null": {
    "score": 0.8267512615378215,
    "trades": 0
  }
}