{
  "null": {
    "score": 4.8882517537298815,
    "trades": 0
  },
  "null": {
    "score": 0.5938612478947395,
    "trades": 0
  }
}