{
  "null": {
    "score": 1.115189657442516,
    "trades": 0
  },
  "null": {
    "score": 4.700315106559619,
    "trades": 0
  }
}