{
  "null": {
    "score": 4.039854185652349,
    "trades": 0
  },
  "null": {
    "score": 3.166338493027171,
    "trades": 0
  }
}