{
  "null": {
    "score": 0.2384921917540834,
    "trades": 0
  },
  "null": {
    "score": 2.807107101737069,
    "trades": 0
  }
}