{
  "null": {
    "score": 4.89804,
    "trades": 0
  },
  "null": {
    "score": 0.5176183640277795,
    "trades": 0
  }
}