{
  "null": {
    "score": 4.996000800000001,
    "trades": 0
  },
  "null": {
    "score": 0.4710803684165297,
    "trades": 0
  }
}