{
  "null": {
    "score": 4.773268533933414,
    "trades": 0
  },
  "null": {
    "score": 0.8300655536508817,
    "trades": 0
  }
}