{
  "null": {
    "score": 0.7956315767832027,
    "trades": 0
  },
  "null": {
    "score": 0.23768348459510988,
    "trades": 0
  }
}