{
  "null": {
    "score": 4.811564195511023,
    "trades": 0
  },
  "null": {
    "score": 3.890757015311627,
    "trades": 0
  }
}