{
  "null": {
    "score": 4.78857052396782,
    "trades": 0
  },
  "null": {
    "score": 0.23433187620045315,
    "trades": 0
  }
}