{
  "null": {
    "score": 4.13882572455813,
    "trades": 0
  },
  "null": {
    "score": 3.517606938097802,
    "trades": 0
  }
}