{
  "null": {
    "score": 0.759194111057721,
    "trades": 0
  },
  "null": {
    "score": 0.2115633769620743,
    "trades": 0
  }
}