{
  "null": {
    "score": 4.700315106559619,
    "trades": 0
  },
  "null": {
    "score": 0.5124669500428959,
    "trades": 0
  }
}