{
  "null": {
    "score": 0.9341493180004166,
    "trades": 0
  },
  "null": {
    "score": 2.698110909037061,
    "trades": 0
  }
}