{
  "null": {
    "score": 0.2684742274233852,
    "trades": 0
  },
  "null": {
    "score": 0.25253453556246747,
    "trades": 0
  }
}