{
  "null": {
    "score": 0.23882670008053075,
    "trades": 0
  },
  "null": {
    "score": 0.28915583515380927,
    "trades": 0
  }
}