{
  "null": {
    "score": 3.7098701987838636,
    "trades": 0
  },
  "null": {
    "score": 2.0354362332188654,
    "trades": 0
  }
}