{
  "null": {
    "score": 4.630316460938759,
    "trades": 0
  },
  "null": {
    "score": 4.044705891522207,
    "trades": 0
  }
}