{
  "null": {
    "score": 0.4809071459224475,
    "trades": 0
  },
  "null": {
    "score": 0.23400366346831467,
    "trades": 0
  }
}