{
  "null": {
    "score": 4.851234480304154,
    "trades": 0
  },
  "null": {
    "score": 3.4211497663088912,
    "trades": 0
  }
}