{
  "null": {
    "score": 0.31180381126949014,
    "trades": 0
  },
  "null": {
    "score": 0.31342890396678724,
    "trades": 0
  }
}