{
  "null": {
    "score": 4.992004798720128,
    "trades": 0
  },
  "null": {
    "score": 3.7381783088288194,
    "trades": 0
  }
}