{
  "null": {
    "score": 0.20716627690843206,
    "trades": 0
  },
  "null": {
    "score": 4.870682177483077,
    "trades": 0
  }
}