{
  "null": {
    "score": 4.604466280906656,
    "trades": 0
  },
  "null": {
    "score": 0.30796137425631787,
    "trades": 0
  }
}