{
  "null": {
    "score": 2.841581870649017,
    "trades": 0
  },
  "null": {
    "score": 0.22046306670996696,
    "trades": 0
  }
}