{
  "null": {
    "score": 3.9780782424894805,
    "trades": 0
  },
  "null": {
    "score": 2.8581104377031132,
    "trades": 0
  }
}