{
  "null": {
    "score": 4.75420979069807,
    "trades": 0
  },
  "null": {
    "score": 2.862687991041082,
    "trades": 0
  }
}