{
  "null": {
    "score": 0.20808000000000001,
    "trades": 0
  },
  "null": {
    "score": 3.3360327856854397,
    "trades": 0
  }
}