{
  "null": {
    "score": 1.4055922937086316,
    "trades": 0
  },
  "null": {
    "score": 4.996000800000001,
    "trades": 0
  }
}