{
  "null": {
    "score": 3.5183435188432126,
    "trades": 0
  },
  "null": {
    "score": 0.9655729110531116,
    "trades": 0
  }
}