{
  "null": {
    "score": 1.3872843249816589,
    "trades": 0
  },
  "null": {
    "score": 3.712072479229768,
    "trades": 0
  }
}