{
  "null": {
    "score": 0.47906042558266265,
    "trades": 0
  },
  "null": {
    "score": 2.0019229107129743,
    "trades": 0
  }
}