{
  "null": {
    "score": 0.6358021195980803,
    "trades": 0
  },
  "null": {
    "score": 4.874581062400024,
    "trades": 0
  }
}