{
  "null": {
    "score": 4.992004798720129,
    "trades": 0
  },
  "null": {
    "score": 0.2544095812700571,
    "trades": 0
  }
}