{
  "null": {
    "score": 3.8589306055450003,
    "trades": 0
  },
  "null": {
    "score": 0.34549564358212337,
    "trades": 0
  }
}