{
  "null": {
    "score": 0.21198701194238456,
    "trades": 0
  },
  "null": {
    "score": 0.22152286411625374,
    "trades": 0
  }
}