{
  "null": {
    "score": 3.2206072713866485,
    "trades": 0
  },
  "null": {
    "score": 2.2041091592752986,
    "trades": 0
  }
}