{
  "null": {
    "score": 0.21224160000000003,
    "trades": 0
  },
  "null": {
    "score": 3.31077000381446,
    "trades": 0
  }
}