{
  "null": {
    "score": 0.4697616847179321,
    "trades": 0
  },
  "null": {
    "score": 2.217263789299231,
    "trades": 0
  }
}