{
  "null": {
    "score": 4.378119734725112,
    "trades": 0
  },
  "null": {
    "score": 4.66098999088046,
    "trades": 0
  }
}