{
  "null": {
    "score": 3.376314442447363,
    "trades": 0
  },
  "null": {
    "score": 1.7673747459899005,
    "trades": 0
  }
}