{
  "null": {
    "score": 0.2714790953775969,
    "trades": 0
  },
  "null": {
    "score": 2.841581870649017,
    "trades": 0
  }
}