{
  "null": {
    "score": 3.3167403745646244,
    "trades": 0
  },
  "null": {
    "score": 0.21544958017773452,
    "trades": 0
  }
}