{
  "null": {
    "score": 0.3048351054515495,
    "trades": 0
  },
  "null": {
    "score": 2.8512578284603936,
    "trades": 0
  }
}