{
  "null": {
    "score": 2.9795244508861956,
    "trades": 0
  },
  "null": {
    "score": 0.584205667892737,
    "trades": 0
  }
}