{
  "null": {
    "score": 1.695556396808372,
    "trades": 0
  },
  "null": {
    "score": 0.21215670336,
    "trades": 0
  }
}