{
  "null": {
    "score": 0.729760416232717,
    "trades": 0
  },
  "null": {
    "score": 0.4697616847179321,
    "trades": 0
  }
}