{
  "null": {
    "score": 3.8845355382179267,
    "trades": 0
  },
  "null": {
    "score": 4.700315106559619,
    "trades": 0
  }
}