{
  "null": {
    "score": 4.151257799722048,
    "trades": 0
  },
  "null": {
    "score": 4.8020000000000005,
    "trades": 0
  }
}