{
  "null": {
    "score": 4.48894487830658,
    "trades": 0
  },
  "null": {
    "score": 4.8020000000000005,
    "trades": 0
  }
}