{
  "null": {
    "score": 1.4524619337819165,
    "trades": 0
  },
  "null": {
    "score": 3.086260239154565,
    "trades": 0
  }
}