{
  "null": {
    "score": 0.3100006373492997,
    "trades": 0
  },
  "null": {
    "score": 0.27753828741694525,
    "trades": 0
  }
}