{
  "null": {
    "score": 0.6718728124999969,
    "trades": 0
  },
  "null": {
    "score": 0.4782969404038762,
    "trades": 0
  }
}