{
  "null": {
    "score": 4.325026385329299,
    "trades": 0
  },
  "null": {
    "score": 0.7566419486674123,
    "trades": 0
  }
}