{
  "null": {
    "score": 3.0949486340551484,
    "trades": 0
  },
  "null": {
    "score": 0.2039184,
    "trades": 0
  }
}