{
  "null": {
    "score": 2.5506476074031412,
    "trades": 0
  },
  "null": {
    "score": 1.5333110335784144,
    "trades": 0
  }
}