{
  "null": {
    "score": 3.756914752671535,
    "trades": 0
  },
  "null": {
    "score": 4.794321408690812,
    "trades": 0
  }
}