{
  "null": {
    "score": 4.698434980516995,
    "trades": 0
  },
  "null": {
    "score": 3.671479846061787,
    "trades": 0
  }
}