{
  "null": {
    "score": 0.20400000000000001,
    "trades": 0
  },
  "null": {
    "score": 0.867446223824232,
    "trades": 0
  }
}