{
  "null": {
    "score": 0.20400000000000001,
    "trades": 0
  },
  "null": {
    "score": 2.1285288671866707,
    "trades": 0
  }
}