{
  "null": {
    "score": 4.494359901950638,
    "trades": 0
  },
  "null": {
    "score": 4.964122139271241,
    "trades": 0
  }
}