{
  "null": {
    "score": 0.2759873713035587,
    "trades": 0
  },
  "null": {
    "score": 0.23944890134867464,
    "trades": 0
  }
}