{
  "null": {
    "score": 2.553704022720776,
    "trades": 0
  },
  "null": {
    "score": 4.892164702745725,
    "trades": 0
  }
}