{
  "null": {
    "score": 4.6044662809066566,
    "trades": 0
  },
  "null": {
    "score": 4.13882572455813,
    "trades": 0
  }
}