{
  "null": {
    "score": 0.5502054745279737,
    "trades": 0
  },
  "null": {
    "score": 0.31493812171385954,
    "trades": 0
  }
}