{
  "null": {
    "score": 4.580580435789192,
    "trades": 0
  },
  "null": {
    "score": 4.892164702745728,
    "trades": 0
  }
}