{
  "null": {
    "score": 2.8701459850498163,
    "trades": 0
  },
  "null": {
    "score": 4.8000792,
    "trades": 0
  }
}