{
  "null": {
    "score": 0.25288806504701816,
    "trades": 0
  },
  "null": {
    "score": 0.4063463252949641,
    "trades": 0
  }
}