{
  "null": {
    "score": 4.418592420190511,
    "trades": 0
  },
  "null": {
    "score": 2.1988304497515916,
    "trades": 0
  }
}