{
  "null": {
    "score": 4.89804,
    "trades": 0
  },
  "null": {
    "score": 0.303679104352473,
    "trades": 0
  }
}