{
  "null": {
    "score": 0.2516768692752981,
    "trades": 0
  },
  "null": {
    "score": 3.2000827139868226,
    "trades": 0
  }
}