{
  "null": {
    "score": 1.0134469269155562,
    "trades": 0
  },
  "null": {
    "score": 1.0282012434620107,
    "trades": 0
  }
}