{
  "null": {
    "score": 2.6739356092838062,
    "trades": 0
  },
  "null": {
    "score": 0.4640686101452134,
    "trades": 0
  }
}