{
  "null": {
    "score": 0.651521851415595,
    "trades": 0
  },
  "null": {
    "score": 0.23758841120127183,
    "trades": 0
  }
}