{
  "null": {
    "score": 0.20783040386508292,
    "trades": 0
  },
  "null": {
    "score": 1.6157899593839442,
    "trades": 0
  }
}