{
  "null": {
    "score": 2.0293459768678543,
    "trades": 0
  },
  "null": {
    "score": 0.2587720504628252,
    "trades": 0
  }
}