{
  "null": {
    "score": 4.14791532832802,
    "trades": 0
  },
  "null": {
    "score": 3.1320768822994562,
    "trades": 0
  }
}