{
  "null": {
    "score": 0.5788561024179133,
    "trades": 0
  },
  "null": {
    "score": 4.518693945935162,
    "trades": 0
  }
}