{
  "null": {
    "score": 4.241918713886827,
    "trades": 0
  },
  "null": {
    "score": 1.5478673193114463,
    "trades": 0
  }
}