{
  "null": {
    "score": 0.3330127157549007,
    "trades": 0
  },
  "null": {
    "score": 0.8458148112531002,
    "trades": 0
  }
}