{
  "null": {
    "score": 0.23134971632829934,
    "trades": 0
  },
  "null": {
    "score": 3.947190095030061,
    "trades": 0
  }
}