{
  "null": {
    "score": 0.25543014335037845,
    "trades": 0
  },
  "null": {
    "score": 0.207996768,
    "trades": 0
  }
}