{
  "null": {
    "score": 4.892164702745725,
    "trades": 0
  },
  "null": {
    "score": 0.35637738408736996,
    "trades": 0
  }
}