{
  "null": {
    "score": 0.9464519987533047,
    "trades": 0
  },
  "null": {
    "score": 0.20400000000000001,
    "trades": 0
  }
}