{
  "null": {
    "score": 0.20400000000000001,
    "trades": 0
  },
  "null": {
    "score": 0.24185588665566707,
    "trades": 0
  }
}