{
  "null": {
    "score": 0.20400000000000001,
    "trades": 0
  },
  "null": {
    "score": 3.288135606286454,
    "trades": 0
  }
}