{
  "null": {
    "score": 3.8969884567310076,
    "trades": 0
  },
  "null": {
    "score": 0.22514239085925894,
    "trades": 0
  }
}