{
  "null": {
    "score": 0.33115356882015845,
    "trades": 0
  },
  "null": {
    "score": 4.630316460938759,
    "trades": 0
  }
}