{
  "null": {
    "score": 0.211648036176545,
    "trades": 0
  },
  "null": {
    "score": 2.5506476074031412,
    "trades": 0
  }
}