{
  "null": {
    "score": 0.27703722056912106,
    "trades": 0
  },
  "null": {
    "score": 0.7483658644239248,
    "trades": 0
  }
}