{
  "null": {
    "score": 3.7381783088288194,
    "trades": 0
  },
  "null": {
    "score": 4.541990399483634,
    "trades": 0
  }
}