{
  "null": {
    "score": 4.634956202482721,
    "trades": 0
  },
  "null": {
    "score": 0.20808000000000001,
    "trades": 0
  }
}