{
  "null": {
    "score": 3.5385913854647164,
    "trades": 0
  },
  "null": {
    "score": 0.3066090510202118,
    "trades": 0
  }
}