{
  "null": {
    "score": 3.086260239154565,
    "trades": 0
  },
  "null": {
    "score": 0.3207869494780462,
    "trades": 0
  }
}