{
  "null": {
    "score": 0.2983199807653361,
    "trades": 0
  },
  "null": {
    "score": 0.24837657119293416,
    "trades": 0
  }
}