{
  "null": {
    "score": 4.678695322644052,
    "trades": 0
  },
  "null": {
    "score": 0.21940716897841547,
    "trades": 0
  }
}