{
  "null": {
    "score": 0.22590903013789715,
    "trades": 0
  },
  "null": {
    "score": 4.269148131704078,
    "trades": 0
  }
}