{
  "null": {
    "score": 0.2538002855489616,
    "trades": 0
  },
  "null": {
    "score": 3.8985374764397362,
    "trades": 0
  }
}