{
  "null": {
    "score": 0.5780345444855824,
    "trades": 0
  },
  "null": {
    "score": 4.604466280906655,
    "trades": 0
  }
}