{
  "null": {
    "score": 0.20808000000000001,
    "trades": 0
  },
  "null": {
    "score": 1.0782827718635306,
    "trades": 0
  }
}