{
  "null": {
    "score": 0.20400000000000001,
    "trades": 0
  },
  "null": {
    "score": 3.5736616446516645,
    "trades": 0
  }
}