{
  "null": {
    "score": 0.35523667654522395,
    "trades": 0
  },
  "null": {
    "score": 0.26074730233968935,
    "trades": 0
  }
}