{
  "null": {
    "score": 4.554995772008001,
    "trades": 0
  },
  "null": {
    "score": 1.0193608554497173,
    "trades": 0
  }
}