{
  "null": {
    "score": 0.2618973487409052,
    "trades": 0
  },
  "null": {
    "score": 4.049563424099856,
    "trades": 0
  }
}