{
  "null": {
    "score": 2.3858050023248722,
    "trades": 0
  },
  "null": {
    "score": 0.20269830949813566,
    "trades": 0
  }
}