{
  "null": {
    "score": 4.395670802841831,
    "trades": 0
  },
  "null": {
    "score": 4.996000800000001,
    "trades": 0
  }
}