{
  "null": {
    "score": 3.0906137498580737,
    "trades": 0
  },
  "null": {
    "score": 0.20387734031716537,
    "trades": 0
  }
}