{
  "null": {
    "score": 4.8000792,
    "trades": 0
  },
  "null": {
    "score": 4.894122351686399,
    "trades": 0
  }
}