{
  "null": {
    "score": 0.22037488148328296,
    "trades": 0
  },
  "null": {
    "score": 2.7165242806348315,
    "trades": 0
  }
}