{
  "null": {
    "score": 2.6457395024653207,
    "trades": 0
  },
  "null": {
    "score": 0.6701859553869272,
    "trades": 0
  }
}