{
  "null": {
    "score": 4.89804,
    "trades": 0
  },
  "null": {
    "score": 4.898040000000001,
    "trades": 0
  }
}