{
  "null": {
    "score": 0.21605380537576765,
    "trades": 0
  },
  "null": {
    "score": 0.5480926432891641,
    "trades": 0
  }
}