{
  "null": {
    "score": 0.3735280009148213,
    "trades": 0
  },
  "null": {
    "score": 0.3281846630644706,
    "trades": 0
  }
}