{
  "null": {
    "score": 4.576916704333432,
    "trades": 0
  },
  "null": {
    "score": 0.42361830925035526,
    "trades": 0
  }
}