{
  "null": {
    "score": 3.2361237194132166,
    "trades": 0
  },
  "null": {
    "score": 0.5390712102486044,
    "trades": 0
  }
}