{
  "null": {
    "score": 0.20383683264000002,
    "trades": 0
  },
  "null": {
    "score": 1.9768598562954443,
    "trades": 0
  }
}