{
  "null": {
    "score": 4.1000679916012555,
    "trades": 0
  },
  "null": {
    "score": 4.427440219558272,
    "trades": 0
  }
}