{
  "null": {
    "score": 0.33743761469738165,
    "trades": 0
  },
  "null": {
    "score": 0.44107703856373554,
    "trades": 0
  }
}