{
  "null": {
    "score": 4.606308804428426,
    "trades": 0
  },
  "null": {
    "score": 0.209164493762526,
    "trades": 0
  }
}