{
  "null": {
    "score": 0.27792756166263877,
    "trades": 0
  },
  "null": {
    "score": 4.81642409729477,
    "trades": 0
  }
}