{
  "null": {
    "score": 0.40359199471953716,
    "trades": 0
  },
  "null": {
    "score": 1.1991764258722468,
    "trades": 0
  }
}