{
  "null": {
    "score": 0.47562543041090766,
    "trades": 0
  },
  "null": {
    "score": 4.800079200000001,
    "trades": 0
  }
}