{
  "null": {
    "score": 0.2587720504628252,
    "trades": 0
  },
  "null": {
    "score": 0.5776577098455423,
    "trades": 0
  }
}