{
  "null": {
    "score": 2.6755372046773287,
    "trades": 0
  },
  "null": {
    "score": 1.4524619337819165,
    "trades": 0
  }
}