{
  "null": {
    "score": 4.9900079968006406,
    "trades": 0
  },
  "null": {
    "score": 2.399192877689324,
    "trades": 0
  }
}