{
  "null": {
    "score": 4.771359226519838,
    "trades": 0
  },
  "null": {
    "score": 0.21215670336,
    "trades": 0
  }
}