{
  "null": {
    "score": 0.29552638496795886,
    "trades": 0
  },
  "null": {
    "score": 0.31677001539125293,
    "trades": 0
  }
}