{
  "null": {
    "score": 0.3752520345199065,
    "trades": 0
  },
  "null": {
    "score": 4.505161482886882,
    "trades": 0
  }
}