{
  "null": {
    "score": 4.98801199360192,
    "trades": 0
  },
  "null": {
    "score": 0.20774727170353688,
    "trades": 0
  }
}