{
  "null": {
    "score": 0.7870203055390808,
    "trades": 0
  },
  "null": {
    "score": 1.0673849906186832,
    "trades": 0
  }
}