{
  "null": {
    "score": 4.05604921006697,
    "trades": 0
  },
  "null": {
    "score": 0.22808863815365443,
    "trades": 0
  }
}