{
  "null": {
    "score": 4.8960807840000005,
    "trades": 0
  },
  "null": {
    "score": 4.798159168320001,
    "trades": 0
  }
}