{
  "null": {
    "score": 3.328686796784196,
    "trades": 0
  },
  "null": {
    "score": 1.5409222834839251,
    "trades": 0
  }
}