{
  "null": {
    "score": 3.903229878434948,
    "trades": 0
  },
  "null": {
    "score": 0.6934473913016661,
    "trades": 0
  }
}