{
  "null": {
    "score": 4.779001041568651,
    "trades": 0
  },
  "null": {
    "score": 4.704077616000001,
    "trades": 0
  }
}