{
  "null": {
    "score": 0.34494594257961225,
    "trades": 0
  },
  "null": {
    "score": 0.41989823139175747,
    "trades": 0
  }
}