{
  "null": {
    "score": 4.609996063680001,
    "trades": 0
  },
  "null": {
    "score": 0.5788561024179133,
    "trades": 0
  }
}