{
  "null": {
    "score": 0.5824778725674525,
    "trades": 0
  },
  "null": {
    "score": 4.293991846469087,
    "trades": 0
  }
}