{
  "null": {
    "score": 2.9599243807080082,
    "trades": 0
  },
  "null": {
    "score": 0.7881914551705171,
    "trades": 0
  }
}