{
  "null": {
    "score": 0.29264652982155753,
    "trades": 0
  },
  "null": {
    "score": 4.031780938462751,
    "trades": 0
  }
}