{
  "null": {
    "score": 0.5568237844089177,
    "trades": 0
  },
  "null": {
    "score": 1.9152636523546596,
    "trades": 0
  }
}