{
  "null": {
    "score": 1.105203360986564,
    "trades": 0
  },
  "null": {
    "score": 0.2563515336640545,
    "trades": 0
  }
}