{
  "null": {
    "score": 0.4001112929865084,
    "trades": 0
  },
  "null": {
    "score": 0.8509842682211916,
    "trades": 0
  }
}