{
  "null": {
    "score": 0.25609491746130325,
    "trades": 0
  },
  "null": {
    "score": 0.24031264395723748,
    "trades": 0
  }
}