{
  "null": {
    "score": 0.21215670336,
    "trades": 0
  },
  "null": {
    "score": 0.6555492740180597,
    "trades": 0
  }
}