{
  "null": {
    "score": 4.792403680127334,
    "trades": 0
  },
  "null": {
    "score": 3.172039946359093,
    "trades": 0
  }
}