{
  "null": {
    "score": 2.073253634022187,
    "trades": 0
  },
  "null": {
    "score": 4.800079200000001,
    "trades": 0
  }
}