{
  "null": {
    "score": 0.20837129645567662,
    "trades": 0
  },
  "null": {
    "score": 2.700270693548596,
    "trades": 0
  }
}