{
  "null": {
    "score": 0.3829102393060271,
    "trades": 0
  },
  "null": {
    "score": 0.2567621066087307,
    "trades": 0
  }
}