{
  "null": {
    "score": 1.890609754526362,
    "trades": 0
  },
  "null": {
    "score": 1.118942220975277,
    "trades": 0
  }
}