{
  "null": {
    "score": 4.7665829411231,
    "trades": 0
  },
  "null": {
    "score": 3.715063739921531,
    "trades": 0
  }
}