{
  "null": {
    "score": 0.29305543136921386,
    "trades": 0
  },
  "null": {
    "score": 2.314353801031928,
    "trades": 0
  }
}