{
  "null": {
    "score": 0.7659549058761965,
    "trades": 0
  },
  "null": {
    "score": 0.21207184067865603,
    "trades": 0
  }
}