{
  "null": {
    "score": 1.7351506467835958,
    "trades": 0
  },
  "null": {
    "score": 4.60999606368,
    "trades": 0
  }
}