{
  "null": {
    "score": 4.786655095758235,
    "trades": 0
  },
  "null": {
    "score": 3.3709155797370594,
    "trades": 0
  }
}