{
  "null": {
    "score": 1.8538182575484394,
    "trades": 0
  },
  "null": {
    "score": 3.7069028962040638,
    "trades": 0
  }
}