{
  "null": {
    "score": 0.6748397604549755,
    "trades": 0
  },
  "null": {
    "score": 4.89804,
    "trades": 0
  }
}