{
  "null": {
    "score": 0.4710803684165297,
    "trades": 0
  },
  "null": {
    "score": 0.8495453437305155,
    "trades": 0
  }
}