{
  "null": {
    "score": 4.006044120121079,
    "trades": 0
  },
  "null": {
    "score": 0.5364893534480947,
    "trades": 0
  }
}