{
  "null": {
    "score": 0.22037488148328296,
    "trades": 0
  },
  "null": {
    "score": 4.514182628339857,
    "trades": 0
  }
}