{
  "null": {
    "score": 0.7316342751543947,
    "trades": 0
  },
  "null": {
    "score": 4.698434980516995,
    "trades": 0
  }
}