{
  "null": {
    "score": 0.8044003254927463,
    "trades": 0
  },
  "null": {
    "score": 4.702195984953601,
    "trades": 0
  }
}