{
  "null": {
    "score": 1.0308772062849885,
    "trades": 0
  },
  "null": {
    "score": 1.958352919659959,
    "trades": 0
  }
}