{
  "null": {
    "score": 0.21224160000000003,
    "trades": 0
  },
  "null": {
    "score": 4.970083854574568,
    "trades": 0
  }
}