{
  "null": {
    "score": 0.3348831935322478,
    "trades": 0
  },
  "null": {
    "score": 0.5237825518688827,
    "trades": 0
  }
}