{
  "null": {
    "score": 0.2205512872248569,
    "trades": 0
  },
  "null": {
    "score": 0.20400000000000001,
    "trades": 0
  }
}