{
  "null": {
    "score": 0.24185588665566707,
    "trades": 0
  },
  "null": {
    "score": 1.1361290043747199,
    "trades": 0
  }
}