{
  "null": {
    "score": 0.20733210942283287,
    "trades": 0
  },
  "null": {
    "score": 3.773484919466036,
    "trades": 0
  }
}