{
  "null": {
    "score": 4.050368177616283,
    "trades": 0
  },
  "null": {
    "score": 0.5482030258852006,
    "trades": 0
  }
}