{
  "null": {
    "score": 0.6940043335152267,
    "trades": 0
  },
  "null": {
    "score": 1.924578457635554,
    "trades": 0
  }
}