{
  "null": {
    "score": 1.459374012077798,
    "trades": 0
  },
  "null": {
    "score": 4.700315106559618,
    "trades": 0
  }
}