{
  "null": {
    "score": 1.1052004128381243,
    "trades": 0
  },
  "null": {
    "score": 0.46591653379347825,
    "trades": 0
  }
}