{
  "null": {
    "score": 3.892313940887981,
    "trades": 0
  },
  "null": {
    "score": 0.2235268653905814,
    "trades": 0
  }
}