{
  "null": {
    "score": 4.692799113488463,
    "trades": 0
  },
  "null": {
    "score": 0.32661457139155337,
    "trades": 0
  }
}