{
  "null": {
    "score": 1.9915484839321873,
    "trades": 0
  },
  "null": {
    "score": 4.99000799680064,
    "trades": 0
  }
}