{
  "null": {
    "score": 4.792403680127333,
    "trades": 0
  },
  "null": {
    "score": 0.2290946409583357,
    "trades": 0
  }
}