{
  "null": {
    "score": 0.9070072455935457,
    "trades": 0
  },
  "null": {
    "score": 0.23834879284918556,
    "trades": 0
  }
}