{
  "null": {
    "score": 0.6423037912463119,
    "trades": 0
  },
  "null": {
    "score": 0.20400000000000001,
    "trades": 0
  }
}