{
  "null": {
    "score": 0.2205062902462387,
    "trades": 0
  },
  "null": {
    "score": 3.7606692830091846,
    "trades": 0
  }
}