{
  "null": {
    "score": 0.21198701194238456,
    "trades": 0
  },
  "null": {
    "score": 2.937517591553645,
    "trades": 0
  }
}