{
  "null": {
    "score": 0.20799676800000003,
    "trades": 0
  },
  "null": {
    "score": 4.984022382088956,
    "trades": 0
  }
}