{
  "null": {
    "score": 3.5672383128413414,
    "trades": 0
  },
  "null": {
    "score": 3.76873727051811,
    "trades": 0
  }
}