{
  "null": {
    "score": 1.1828958872450093,
    "trades": 0
  },
  "null": {
    "score": 0.203755297906944,
    "trades": 0
  }
}