{
  "null": {
    "score": 1.878551095199679,
    "trades": 0
  },
  "null": {
    "score": 3.804555874614669,
    "trades": 0
  }
}