{
  "null": {
    "score": 0.5812045506611959,
    "trades": 0
  },
  "null": {
    "score": 0.4123231559387432,
    "trades": 0
  }
}