{
  "null": {
    "score": 4.328488483557988,
    "trades": 0
  },
  "null": {
    "score": 3.822095565136996,
    "trades": 0
  }
}