{
  "null": {
    "score": 0.22836256363059576,
    "trades": 0
  },
  "null": {
    "score": 3.4826270670187567,
    "trades": 0
  }
}