{
  "null": {
    "score": 0.4347860375028605,
    "trades": 0
  },
  "null": {
    "score": 1.7298526975416844,
    "trades": 0
  }
}