{
  "null": {
    "score": 2.1922396036315224,
    "trades": 0
  },
  "null": {
    "score": 0.20400000000000001,
    "trades": 0
  }
}