{
  "null": {
    "score": 4.886296453028388,
    "trades": 0
  },
  "null": {
    "score": 0.31099359779308144,
    "trades": 0
  }
}