{
  "null": {
    "score": 1.5774566151227754,
    "trades": 0
  },
  "null": {
    "score": 4.137170194268307,
    "trades": 0
  }
}