{
  "null": {
    "score": 4.606308804428427,
    "trades": 0
  },
  "null": {
    "score": 2.6457395024653207,
    "trades": 0
  }
}