{
  "null": {
    "score": 4.514182628339857,
    "trades": 0
  },
  "null": {
    "score": 4.892164702745725,
    "trades": 0
  }
}