{
  "null": {
    "score": 0.20741507545301402,
    "trades": 0
  },
  "null": {
    "score": 4.6081520652545285,
    "trades": 0
  }
}