{
  "null": {
    "score": 0.439420800215277,
    "trades": 0
  },
  "null": {
    "score": 1.115189657442516,
    "trades": 0
  }
}