{
  "null": {
    "score": 0.20832878444457356,
    "trades": 0
  },
  "null": {
    "score": 0.20799676800000003,
    "trades": 0
  }
}