{
  "null": {
    "score": 4.587916699282406,
    "trades": 0
  },
  "null": {
    "score": 0.20400000000000001,
    "trades": 0
  }
}