{
  "null": {
    "score": 0.23697104436470212,
    "trades": 0
  },
  "null": {
    "score": 0.22891140190071158,
    "trades": 0
  }
}