{
  "null": {
    "score": 4.994002399679999,
    "trades": 0
  },
  "null": {
    "score": 2.0002309305732267,
    "trades": 0
  }
}