{
  "null": {
    "score": 0.46250732945126005,
    "trades": 0
  },
  "null": {
    "score": 4.8000792,
    "trades": 0
  }
}