{
  "null": {
    "score": 1.808108262326479,
    "trades": 0
  },
  "null": {
    "score": 0.3223861934054065,
    "trades": 0
  }
}