{
  "null": {
    "score": 2.4678303284897716,
    "trades": 0
  },
  "null": {
    "score": 0.2079135692928,
    "trades": 0
  }
}