{
  "null": {
    "score": 4.9960008,
    "trades": 0
  },
  "null": {
    "score": 4.6081520652545285,
    "trades": 0
  }
}