{
  "null": {
    "score": 3.3601437395083766,
    "trades": 0
  },
  "null": {
    "score": 4.14791532832802,
    "trades": 0
  }
}