{
  "null": {
    "score": 4.657261944646151,
    "trades": 0
  },
  "null": {
    "score": 2.891464268126214,
    "trades": 0
  }
}