{
  "null": {
    "score": 0.25727624762661155,
    "trades": 0
  },
  "null": {
    "score": 0.323556876048244,
    "trades": 0
  }
}