{
  "null": {
    "score": 3.3467273317974184,
    "trades": 0
  },
  "null": {
    "score": 0.2524836868507527,
    "trades": 0
  }
}