{
  "null": {
    "score": 0.43598793139176295,
    "trades": 0
  },
  "null": {
    "score": 4.780913406931425,
    "trades": 0
  }
}