{
  "null": {
    "score": 0.2610078841525716,
    "trades": 0
  },
  "null": {
    "score": 0.22055128722485692,
    "trades": 0
  }
}