{
  "null": {
    "score": 3.91261075899736,
    "trades": 0
  },
  "null": {
    "score": 0.2771502977042816,
    "trades": 0
  }
}