{
  "null": {
    "score": 4.515989023949437,
    "trades": 0
  },
  "null": {
    "score": 4.050368177616283,
    "trades": 0
  }
}