{
  "null": {
    "score": 4.5971035539662095,
    "trades": 0
  },
  "null": {
    "score": 3.736683037505287,
    "trades": 0
  }
}