{
  "null": {
    "score": 0.7355936380284107,
    "trades": 0
  },
  "null": {
    "score": 0.33361324354006444,
    "trades": 0
  }
}