{
  "null": {
    "score": 4.6984349805169945,
    "trades": 0
  },
  "null": {
    "score": 0.4279547691666687,
    "trades": 0
  }
}