{
  "null": {
    "score": 2.7763957259413767,
    "trades": 0
  },
  "null": {
    "score": 3.9780782424894805,
    "trades": 0
  }
}