{
  "null": {
    "score": 4.517796142406399,
    "trades": 0
  },
  "null": {
    "score": 4.447851519540823,
    "trades": 0
  }
}