{
  "null": {
    "score": 0.8495453437305155,
    "trades": 0
  },
  "null": {
    "score": 0.25980941950697267,
    "trades": 0
  }
}