{
  "null": {
    "score": 4.420360564416278,
    "trades": 0
  },
  "null": {
    "score": 4.8960807840000005,
    "trades": 0
  }
}