{
  "null": {
    "score": 3.8736615489679456,
    "trades": 0
  },
  "null": {
    "score": 0.28168701025601867,
    "trades": 0
  }
}