{
  "null": {
    "score": 0.21207184067865603,
    "trades": 0
  },
  "null": {
    "score": 3.5966110290408957,
    "trades": 0
  }
}