{
  "null": {
    "score": 0.220374881483283,
    "trades": 0
  },
  "null": {
    "score": 4.213165786433492,
    "trades": 0
  }
}