{
  "null": {
    "score": 0.21967066835257668,
    "trades": 0
  },
  "null": {
    "score": 0.5975338640456309,
    "trades": 0
  }
}