{
  "null": {
    "score": 3.9948513042556715,
    "trades": 0
  },
  "null": {
    "score": 3.910763934027179,
    "trades": 0
  }
}