{
  "null": {
    "score": 0.2339571700971506,
    "trades": 0
  },
  "null": {
    "score": 0.2030229513702634,
    "trades": 0
  }
}