{
  "null": {
    "score": 0.21940716897841547,
    "trades": 0
  },
  "null": {
    "score": 1.738270401204619,
    "trades": 0
  }
}