{
  "null": {
    "score": 0.5554872612153903,
    "trades": 0
  },
  "null": {
    "score": 0.513970634286491,
    "trades": 0
  }
}