{
  "null": {
    "score": 0.23395717009715064,
    "trades": 0
  },
  "null": {
    "score": 0.2464453992882375,
    "trades": 0
  }
}