{
  "null": {
    "score": 0.22046306670996696,
    "trades": 0
  },
  "null": {
    "score": 0.4929602091598416,
    "trades": 0
  }
}