{
  "null": {
    "score": 2.5809261760609257,
    "trades": 0
  },
  "null": {
    "score": 4.70596,
    "trades": 0
  }
}