{
  "null": {
    "score": 0.2039184,
    "trades": 0
  },
  "null": {
    "score": 4.05604921006697,
    "trades": 0
  }
}