{
  "null": {
    "score": 0.25748150534515546,
    "trades": 0
  },
  "null": {
    "score": 0.22147944131166372,
    "trades": 0
  }
}