{
  "null": {
    "score": 4.5989431312186975,
    "trades": 0
  },
  "null": {
    "score": 4.312930833854844,
    "trades": 0
  }
}