{
  "null": {
    "score": 3.6014441676691336,
    "trades": 0
  },
  "null": {
    "score": 3.4652585476984985,
    "trades": 0
  }
}