{
  "null": {
    "score": 0.20400000000000001,
    "trades": 0
  },
  "null": {
    "score": 4.48894487830658,
    "trades": 0
  }
}