{
  "null": {
    "score": 2.219598118956472,
    "trades": 0
  },
  "null": {
    "score": 4.692799113488468,
    "trades": 0
  }
}