{
  "null": {
    "score": 3.127907009483947,
    "trades": 0
  },
  "null": {
    "score": 4.664721021342173,
    "trades": 0
  }
}