{
  "null": {
    "score": 0.2039184,
    "trades": 0
  },
  "null": {
    "score": 0.21190221713760765,
    "trades": 0
  }
}