{
  "null": {
    "score": 0.20400000000000001,
    "trades": 0
  },
  "null": {
    "score": 1.0496075840676393,
    "trades": 0
  }
}