{
  "null": {
    "score": 4.422129416182751,
    "trades": 0
  },
  "null": {
    "score": 3.9361407167353524,
    "trades": 0
  }
}