{
  "null": {
    "score": 0.22754177254295124,
    "trades": 0
  },
  "null": {
    "score": 4.270007912727265,
    "trades": 0
  }
}