{
  "null": {
    "score": 4.8020000000000005,
    "trades": 0
  },
  "null": {
    "score": 4.978043947242215,
    "trades": 0
  }
}