{
  "null": {
    "score": 0.8990686086788767,
    "trades": 0
  },
  "null": {
    "score": 0.3294339394553406,
    "trades": 0
  }
}