{
  "null": {
    "score": 3.1436182027325836,
    "trades": 0
  },
  "null": {
    "score": 0.22964523867644412,
    "trades": 0
  }
}