{
  "null": {
    "score": 0.2927046862940656,
    "trades": 0
  },
  "null": {
    "score": 0.49050303186356975,
    "trades": 0
  }
}