{
  "null": {
    "score": 0.2157946445013158,
    "trades": 0
  },
  "null": {
    "score": 0.6598884394369952,
    "trades": 0
  }
}