{
  "null": {
    "score": 0.2771502977042816,
    "trades": 0
  },
  "null": {
    "score": 0.20400000000000001,
    "trades": 0
  }
}