{
  "null": {
    "score": 4.792403680127334,
    "trades": 0
  },
  "null": {
    "score": 0.2461497830871098,
    "trades": 0
  }
}