{
  "null": {
    "score": 0.2826933036583672,
    "trades": 0
  },
  "null": {
    "score": 0.20400000000000001,
    "trades": 0
  }
}