{
  "null": {
    "score": 4.992004798720128,
    "trades": 0
  },
  "null": {
    "score": 4.738992318413517,
    "trades": 0
  }
}