{
  "null": {
    "score": 0.2847364506021886,
    "trades": 0
  },
  "null": {
    "score": 3.986065221043132,
    "trades": 0
  }
}