{
  "null": {
    "score": 1.728533690111297,
    "trades": 0
  },
  "null": {
    "score": 4.986016788804481,
    "trades": 0
  }
}