{
  "null": {
    "score": 0.20400000000000001,
    "trades": 0
  },
  "null": {
    "score": 1.6929806102558005,
    "trades": 0
  }
}