{
  "null": {
    "score": 3.5915830810316076,
    "trades": 0
  },
  "null": {
    "score": 1.634417179784626,
    "trades": 0
  }
}