{
  "null": {
    "score": 4.141293691709797,
    "trades": 0
  },
  "null": {
    "score": 0.31638919942638816,
    "trades": 0
  }
}