{
  "null": {
    "score": 4.790486718655284,
    "trades": 0
  },
  "null": {
    "score": 1.695556396808372,
    "trades": 0
  }
}