{
  "null": {
    "score": 0.26724147971974466,
    "trades": 0
  },
  "null": {
    "score": 4.503359418293729,
    "trades": 0
  }
}