{
  "null": {
    "score": 3.822105760668001,
    "trades": 0
  },
  "null": {
    "score": 4.894122351686399,
    "trades": 0
  }
}