{
  "null": {
    "score": 4.052805019666786,
    "trades": 0
  },
  "null": {
    "score": 3.8845355382179267,
    "trades": 0
  }
}