{
  "null": {
    "score": 1.861944999759483,
    "trades": 0
  },
  "null": {
    "score": 4.418592420190511,
    "trades": 0
  }
}