{
  "null": {
    "score": 3.8821998720557866,
    "trades": 0
  },
  "null": {
    "score": 4.609067824853866,
    "trades": 0
  }
}