{
  "null": {
    "score": 0.5679345049074198,
    "trades": 0
  },
  "null": {
    "score": 0.2337700417942201,
    "trades": 0
  }
}