{
  "null": {
    "score": 4.299148761666827,
    "trades": 0
  },
  "null": {
    "score": 0.7314889092938495,
    "trades": 0
  }
}