{
  "null": {
    "score": 4.162899941535713,
    "trades": 0
  },
  "null": {
    "score": 2.434436454452542,
    "trades": 0
  }
}