{
  "null": {
    "score": 0.7519633456111285,
    "trades": 0
  },
  "null": {
    "score": 0.3121154171870774,
    "trades": 0
  }
}