{
  "null": {
    "score": 0.2579977751020568,
    "trades": 0
  },
  "null": {
    "score": 4.473711306362816,
    "trades": 0
  }
}