{
  "null": {
    "score": 0.207996768,
    "trades": 0
  },
  "null": {
    "score": 4.996000800000001,
    "trades": 0
  }
}