{
  "null": {
    "score": 0.21114058857417978,
    "trades": 0
  },
  "null": {
    "score": 4.017289728480636,
    "trades": 0
  }
}