{
  "null": {
    "score": 4.700315106559619,
    "trades": 0
  },
  "null": {
    "score": 0.23297610411218958,
    "trades": 0
  }
}