{
  "null": {
    "score": 2.708919907979646,
    "trades": 0
  },
  "null": {
    "score": 3.5812997738662875,
    "trades": 0
  }
}