{
  "null": {
    "score": 4.293991846469086,
    "trades": 0
  },
  "null": {
    "score": 2.805999228976107,
    "trades": 0
  }
}