{
  "null": {
    "score": 4.9960008,
    "trades": 0
  },
  "null": {
    "score": 4.704077616,
    "trades": 0
  }
}