{
  "null": {
    "score": 1.6929806102558005,
    "trades": 0
  },
  "null": {
    "score": 4.115708465491046,
    "trades": 0
  }
}