{
  "null": {
    "score": 2.0002309305732267,
    "trades": 0
  },
  "null": {
    "score": 3.4058268636760944,
    "trades": 0
  }
}