{
  "null": {
    "score": 4.606308804428426,
    "trades": 0
  },
  "null": {
    "score": 0.21224160000000003,
    "trades": 0
  }
}