{
  "null": {
    "score": 0.20808000000000001,
    "trades": 0
  },
  "null": {
    "score": 3.0974178168945956,
    "trades": 0
  }
}