{
  "null": {
    "score": 0.2119022171376076,
    "trades": 0
  },
  "null": {
    "score": 0.20783040386508292,
    "trades": 0
  }
}