{
  "null": {
    "score": 0.33361324354006444,
    "trades": 0
  },
  "null": {
    "score": 0.20400000000000001,
    "trades": 0
  }
}