{
  "null": {
    "score": 0.3588085394325726,
    "trades": 0
  },
  "null": {
    "score": 0.20733210942283284,
    "trades": 0
  }
}