{
  "null": {
    "score": 0.334280379745942,
    "trades": 0
  },
  "null": {
    "score": 4.421239004962958,
    "trades": 0
  }
}