{
  "null": {
    "score": 0.8913646709255029,
    "trades": 0
  },
  "null": {
    "score": 0.302767231418738,
    "trades": 0
  }
}