{
  "null": {
    "score": 0.45088904282905545,
    "trades": 0
  },
  "null": {
    "score": 0.34198925803671687,
    "trades": 0
  }
}