{
  "null": {
    "score": 3.5627882662261894,
    "trades": 0
  },
  "null": {
    "score": 2.219598118956472,
    "trades": 0
  }
}