{
  "null": {
    "score": 3.8083681747234595,
    "trades": 0
  },
  "null": {
    "score": 4.898040000000001,
    "trades": 0
  }
}