{
  "null": {
    "score": 0.2894432632736907,
    "trades": 0
  },
  "null": {
    "score": 2.201027884661464,
    "trades": 0
  }
}