{
  "null": {
    "score": 0.3645253484137845,
    "trades": 0
  },
  "null": {
    "score": 4.503359418293729,
    "trades": 0
  }
}