{
  "null": {
    "score": 3.5148215428250653,
    "trades": 0
  },
  "null": {
    "score": 0.20400000000000001,
    "trades": 0
  }
}