{
  "null": {
    "score": 0.20400000000000001,
    "trades": 0
  },
  "null": {
    "score": 4.416824983222436,
    "trades": 0
  }
}