{
  "null": {
    "score": 4.8020000000000005,
    "trades": 0
  },
  "null": {
    "score": 4.514182628339858,
    "trades": 0
  }
}