{
  "null": {
    "score": 4.517796142406399,
    "trades": 0
  },
  "null": {
    "score": 3.625505118702663,
    "trades": 0
  }
}