{
  "null": {
    "score": 0.8300655536508817,
    "trades": 0
  },
  "null": {
    "score": 0.20837129645567662,
    "trades": 0
  }
}