{
  "null": {
    "score": 0.3005882886350452,
    "trades": 0
  },
  "null": {
    "score": 1.808108262326479,
    "trades": 0
  }
}