{
  "null": {
    "score": 2.270327296101808,
    "trades": 0
  },
  "null": {
    "score": 0.2250523339029152,
    "trades": 0
  }
}