{
  "null": {
    "score": 0.20808000000000001,
    "trades": 0
  },
  "null": {
    "score": 3.3167403745646244,
    "trades": 0
  }
}