{
  "null": {
    "score": 0.20205058227006062,
    "trades": 0
  },
  "null": {
    "score": 0.729760416232717,
    "trades": 0
  }
}