{
  "null": {
    "score": 4.67967503326805,
    "trades": 0
  },
  "null": {
    "score": 0.2205512872248569,
    "trades": 0
  }
}