{
  "null": {
    "score": 3.6011367591789174,
    "trades": 0
  },
  "null": {
    "score": 4.677765729000198,
    "trades": 0
  }
}