{
  "null": {
    "score": 0.3607656996422114,
    "trades": 0
  },
  "null": {
    "score": 3.5183435188432126,
    "trades": 0
  }
}