{
  "null": {
    "score": 1.721659542677473,
    "trades": 0
  },
  "null": {
    "score": 0.2968903989578767,
    "trades": 0
  }
}