{
  "null": {
    "score": 0.42141176860554996,
    "trades": 0
  },
  "null": {
    "score": 3.6906251050926584,
    "trades": 0
  }
}