{
  "null": {
    "score": 0.398937514951751,
    "trades": 0
  },
  "null": {
    "score": 0.3652552747886386,
    "trades": 0
  }
}