{
  "null": {
    "score": 4.496158365296754,
    "trades": 0
  },
  "null": {
    "score": 3.2296652628877136,
    "trades": 0
  }
}