{
  "null": {
    "score": 3.670001464306997,
    "trades": 0
  },
  "null": {
    "score": 4.898040000000001,
    "trades": 0
  }
}