{
  "null": {
    "score": 0.2624217725791438,
    "trades": 0
  },
  "null": {
    "score": 0.22081616064000004,
    "trades": 0
  }
}