{
  "null": {
    "score": 0.3392818250185899,
    "trades": 0
  },
  "null": {
    "score": 1.6239839001266685,
    "trades": 0
  }
}