{
  "null": {
    "score": 0.20387734031716537,
    "trades": 0
  },
  "null": {
    "score": 0.20808000000000001,
    "trades": 0
  }
}