{
  "null": {
    "score": 4.898040000000001,
    "trades": 0
  },
  "null": {
    "score": 4.565943082986425,
    "trades": 0
  }
}