{
  "null": {
    "score": 0.21984651038544345,
    "trades": 0
  },
  "null": {
    "score": 0.22037488148328296,
    "trades": 0
  }
}