{
  "null": {
    "score": 4.8000792,
    "trades": 0
  },
  "null": {
    "score": 3.892313940887981,
    "trades": 0
  }
}