{
  "null": {
    "score": 0.24098595441839962,
    "trades": 0
  },
  "null": {
    "score": 0.5679345049074198,
    "trades": 0
  }
}