{
  "null": {
    "score": 1.0047736253583064,
    "trades": 0
  },
  "null": {
    "score": 3.9492908404940668,
    "trades": 0
  }
}