{
  "null": {
    "score": 0.20733210942283284,
    "trades": 0
  },
  "null": {
    "score": 0.9935754453175161,
    "trades": 0
  }
}