{
  "null": {
    "score": 0.2181464810067548,
    "trades": 0
  },
  "null": {
    "score": 0.23246432781205986,
    "trades": 0
  }
}