{
  "null": {
    "score": 2.7083889068106055,
    "trades": 0
  },
  "null": {
    "score": 0.35523667654522395,
    "trades": 0
  }
}