{
  "null": {
    "score": 0.21857396311269295,
    "trades": 0
  },
  "null": {
    "score": 0.23749337583679134,
    "trades": 0
  }
}