{
  "null": {
    "score": 2.201027884661464,
    "trades": 0
  },
  "null": {
    "score": 0.20359232626946613,
    "trades": 0
  }
}