{
  "null": {
    "score": 2.7548308022337795,
    "trades": 0
  },
  "null": {
    "score": 0.220374881483283,
    "trades": 0
  }
}