{
  "null": {
    "score": 4.79815916832,
    "trades": 0
  },
  "null": {
    "score": 4.78857052396782,
    "trades": 0
  }
}