{
  "null": {
    "score": 3.4541207341290883,
    "trades": 0
  },
  "null": {
    "score": 3.8121741258270236,
    "trades": 0
  }
}