{
  "null": {
    "score": 3.2257912146048753,
    "trades": 0
  },
  "null": {
    "score": 4.66472102134217,
    "trades": 0
  }
}