{
  "null": {
    "score": 0.20400000000000001,
    "trades": 0
  },
  "null": {
    "score": 3.9590571019393024,
    "trades": 0
  }
}