{
  "null": {
    "score": 4.89804,
    "trades": 0
  },
  "null": {
    "score": 2.47921408588257,
    "trades": 0
  }
}