{
  "null": {
    "score": 3.853577060858026,
    "trades": 0
  },
  "null": {
    "score": 0.26085094717076995,
    "trades": 0
  }
}