{
  "null": {
    "score": 0.41133676390491036,
    "trades": 0
  },
  "null": {
    "score": 3.653169482243584,
    "trades": 0
  }
}