{
  "null": {
    "score": 3.7606692830091846,
    "trades": 0
  },
  "null": {
    "score": 4.492562157989857,
    "trades": 0
  }
}