{
  "null": {
    "score": 0.42726817276392737,
    "trades": 0
  },
  "null": {
    "score": 0.21905632808276967,
    "trades": 0
  }
}