{
  "null": {
    "score": 0.22891140190071158,
    "trades": 0
  },
  "null": {
    "score": 4.591589236016941,
    "trades": 0
  }
}