{
  "null": {
    "score": 4.898040000000001,
    "trades": 0
  },
  "null": {
    "score": 1.8038020094825904,
    "trades": 0
  }
}