{
  "null": {
    "score": 0.791342724452092,
    "trades": 0
  },
  "null": {
    "score": 0.21648643200000003,
    "trades": 0
  }
}