{
  "null": {
    "score": 0.36284769307716086,
    "trades": 0
  },
  "null": {
    "score": 2.084473397428205,
    "trades": 0
  }
}