{
  "null": {
    "score": 4.6118408,
    "trades": 0
  },
  "null": {
    "score": 1.4300568259648485,
    "trades": 0
  }
}