{
  "null": {
    "score": 0.5808550880835189,
    "trades": 0
  },
  "null": {
    "score": 4.6118408,
    "trades": 0
  }
}