{
  "null": {
    "score": 4.95816757516504,
    "trades": 0
  },
  "null": {
    "score": 0.6335050443776924,
    "trades": 0
  }
}