{
  "null": {
    "score": 0.2039184,
    "trades": 0
  },
  "null": {
    "score": 0.4651814414415066,
    "trades": 0
  }
}