{
  "null": {
    "score": 0.21215670336,
    "trades": 0
  },
  "null": {
    "score": 0.4412511858804804,
    "trades": 0
  }
}