{
  "null": {
    "score": 0.20766417279485547,
    "trades": 0
  },
  "null": {
    "score": 0.3588085394325726,
    "trades": 0
  }
}