{
  "null": {
    "score": 0.21861856577656102,
    "trades": 0
  },
  "null": {
    "score": 0.2039184,
    "trades": 0
  }
}