{
  "null": {
    "score": 4.894122351686402,
    "trades": 0
  },
  "null": {
    "score": 1.9979329257119682,
    "trades": 0
  }
}