{
  "null": {
    "score": 0.24098659725417623,
    "trades": 0
  },
  "null": {
    "score": 0.24146914935676028,
    "trades": 0
  }
}