{
  "null": {
    "score": 4.252113586863763,
    "trades": 0
  },
  "null": {
    "score": 0.7659549058761965,
    "trades": 0
  }
}