{
  "null": {
    "score": 4.831580752048906,
    "trades": 0
  },
  "null": {
    "score": 0.3779021618808041,
    "trades": 0
  }
}