{
  "null": {
    "score": 0.867446223824232,
    "trades": 0
  },
  "null": {
    "score": 2.6755372046773287,
    "trades": 0
  }
}