{
  "null": {
    "score": 0.21510506762589748,
    "trades": 0
  },
  "null": {
    "score": 4.71254799244789,
    "trades": 0
  }
}