{
  "null": {
    "score": 4.679675033268054,
    "trades": 0
  },
  "null": {
    "score": 0.21648643200000003,
    "trades": 0
  }
}