{
  "null": {
    "score": 0.2381581519507134,
    "trades": 0
  },
  "null": {
    "score": 0.212071840678656,
    "trades": 0
  }
}