{
  "null": {
    "score": 0.3779021618808041,
    "trades": 0
  },
  "null": {
    "score": 3.5148215428250653,
    "trades": 0
  }
}