{
  "null": {
    "score": 1.4023288172126858,
    "trades": 0
  },
  "null": {
    "score": 0.29358391137984124,
    "trades": 0
  }
}