{
  "null": {
    "score": 0.21190221713760765,
    "trades": 0
  },
  "null": {
    "score": 3.7787574365348937,
    "trades": 0
  }
}