{
  "null": {
    "score": 0.26949549687188024,
    "trades": 0
  },
  "null": {
    "score": 0.8358607767791522,
    "trades": 0
  }
}