{
  "null": {
    "score": 0.22808863815365443,
    "trades": 0
  },
  "null": {
    "score": 3.4493563910227585,
    "trades": 0
  }
}