{
  "null": {
    "score": 0.20758110712573755,
    "trades": 0
  },
  "null": {
    "score": 0.20808000000000001,
    "trades": 0
  }
}