{
  "null": {
    "score": 3.972517015429165,
    "trades": 0
  },
  "null": {
    "score": 4.894122351686399,
    "trades": 0
  }
}