{
  "null": {
    "score": 1.0239783455454785,
    "trades": 0
  },
  "null": {
    "score": 4.364129349867059,
    "trades": 0
  }
}