{
  "null": {
    "score": 0.8051956237380593,
    "trades": 0
  },
  "null": {
    "score": 0.2381581519507134,
    "trades": 0
  }
}