{
  "null": {
    "score": 0.22055128722485692,
    "trades": 0
  },
  "null": {
    "score": 0.3048351054515495,
    "trades": 0
  }
}