{
  "null": {
    "score": 0.6572536318116147,
    "trades": 0
  },
  "null": {
    "score": 4.219913598153672,
    "trades": 0
  }
}