{
  "null": {
    "score": 1.1361290043747199,
    "trades": 0
  },
  "null": {
    "score": 1.0502474690490515,
    "trades": 0
  }
}