{
  "null": {
    "score": 3.172039946359093,
    "trades": 0
  },
  "null": {
    "score": 1.0308772062849885,
    "trades": 0
  }
}