{
  "null": {
    "score": 1.738270401204619,
    "trades": 0
  },
  "null": {
    "score": 0.21198701194238456,
    "trades": 0
  }
}