{
  "null": {
    "score": 4.2368304472796625,
    "trades": 0
  },
  "null": {
    "score": 4.9960008,
    "trades": 0
  }
}