{
  "null": {
    "score": 4.456757907394715,
    "trades": 0
  },
  "null": {
    "score": 0.9731807760804713,
    "trades": 0
  }
}