{
  "null": {
    "score": 4.685295138792795,
    "trades": 0
  },
  "null": {
    "score": 4.376368486831218,
    "trades": 0
  }
}