{
  "null": {
    "score": 0.3265496774823292,
    "trades": 0
  },
  "null": {
    "score": 1.4434923644400384,
    "trades": 0
  }
}