{
  "null": {
    "score": 4.892164702745724,
    "trades": 0
  },
  "null": {
    "score": 4.864839696485818,
    "trades": 0
  }
}