{
  "null": {
    "score": 0.28857721616121357,
    "trades": 0
  },
  "null": {
    "score": 0.6656352458150171,
    "trades": 0
  }
}