{
  "null": {
    "score": 0.2648462671921417,
    "trades": 0
  },
  "null": {
    "score": 0.2505690295452236,
    "trades": 0
  }
}