{
  "null": {
    "score": 4.681547652328985,
    "trades": 0
  },
  "null": {
    "score": 0.2759873713035587,
    "trades": 0
  }
}