{
  "null": {
    "score": 4.606308804428426,
    "trades": 0
  },
  "null": {
    "score": 3.6560742669299104,
    "trades": 0
  }
}