{
  "null": {
    "score": 2.5006148978158773,
    "trades": 0
  },
  "null": {
    "score": 0.7957896894590993,
    "trades": 0
  }
}