{
  "null": {
    "score": 4.884341934447176,
    "trades": 0
  },
  "null": {
    "score": 4.6081520652545285,
    "trades": 0
  }
}