{
  "null": {
    "score": 0.23749337583679134,
    "trades": 0
  },
  "null": {
    "score": 2.3858050023248722,
    "trades": 0
  }
}