{
  "null": {
    "score": 4.994002399679999,
    "trades": 0
  },
  "null": {
    "score": 4.0771998403372045,
    "trades": 0
  }
}