{
  "null": {
    "score": 0.8358607767791522,
    "trades": 0
  },
  "null": {
    "score": 0.2201105373913421,
    "trades": 0
  }
}