{
  "null": {
    "score": 0.21575061797521028,
    "trades": 0
  },
  "null": {
    "score": 0.2556346101369505,
    "trades": 0
  }
}