{
  "null": {
    "score": 1.429418146984587,
    "trades": 0
  },
  "null": {
    "score": 1.7469829352425819,
    "trades": 0
  }
}