{
  "null": {
    "score": 0.22227836429399572,
    "trades": 0
  },
  "null": {
    "score": 0.2653245769594222,
    "trades": 0
  }
}