{
  "null": {
    "score": 0.7208913995907041,
    "trades": 0
  },
  "null": {
    "score": 4.903634440695536,
    "trades": 0
  }
}