{
  "null": {
    "score": 0.41989823139175747,
    "trades": 0
  },
  "null": {
    "score": 0.22361631191534753,
    "trades": 0
  }
}