{
  "null": {
    "score": 4.696555606524788,
    "trades": 0
  },
  "null": {
    "score": 0.22063954304207375,
    "trades": 0
  }
}