{
  "null": {
    "score": 0.6654879375896723,
    "trades": 0
  },
  "null": {
    "score": 4.089381354029208,
    "trades": 0
  }
}