{
  "null": {
    "score": 0.40529260798876976,
    "trades": 0
  },
  "null": {
    "score": 3.8752219708407805,
    "trades": 0
  }
}