{
  "null": {
    "score": 0.6649450111067126,
    "trades": 0
  },
  "null": {
    "score": 3.532438481080464,
    "trades": 0
  }
}