{
  "null": {
    "score": 4.314656696533458,
    "trades": 0
  },
  "null": {
    "score": 0.34028550841086613,
    "trades": 0
  }
}