{
  "null": {
    "score": 3.971748919273451,
    "trades": 0
  },
  "null": {
    "score": 2.6494504075757797,
    "trades": 0
  }
}