{
  "null": {
    "score": 3.484722336315514,
    "trades": 0
  },
  "null": {
    "score": 4.700315106559619,
    "trades": 0
  }
}