{
  "null": {
    "score": 3.4993778867054655,
    "trades": 0
  },
  "null": {
    "score": 0.20400000000000001,
    "trades": 0
  }
}