{
  "null": {
    "score": 3.6182599069535857,
    "trades": 0
  },
  "null": {
    "score": 4.6118408,
    "trades": 0
  }
}