{
  "null": {
    "score": 3.700748250673622,
    "trades": 0
  },
  "null": {
    "score": 4.503359418293728,
    "trades": 0
  }
}