{
  "null": {
    "score": 0.349039841924429,
    "trades": 0
  },
  "null": {
    "score": 0.3262045168477416,
    "trades": 0
  }
}