{
  "null": {
    "score": 4.698434980516996,
    "trades": 0
  },
  "null": {
    "score": 3.3520874545788364,
    "trades": 0
  }
}