{
  "null": {
    "score": 4.685295138792793,
    "trades": 0
  },
  "null": {
    "score": 0.22037488148328294,
    "trades": 0
  }
}