{
  "null": {
    "score": 2.8545297055860614,
    "trades": 0
  },
  "null": {
    "score": 1.4055922937086316,
    "trades": 0
  }
}