{
  "null": {
    "score": 0.21215670336000003,
    "trades": 0
  },
  "null": {
    "score": 4.782826537546446,
    "trades": 0
  }
}