{
  "null": {
    "score": 0.3234265905496872,
    "trades": 0
  },
  "null": {
    "score": 0.314812146465174,
    "trades": 0
  }
}