{
  "null": {
    "score": 2.862687991041082,
    "trades": 0
  },
  "null": {
    "score": 1.6865604591276306,
    "trades": 0
  }
}