{
  "null": {
    "score": 4.898040000000001,
    "trades": 0
  },
  "null": {
    "score": 1.8561436937003195,
    "trades": 0
  }
}