{
  "null": {
    "score": 4.800079200000001,
    "trades": 0
  },
  "null": {
    "score": 0.8707087818278155,
    "trades": 0
  }
}