{
  "null": {
    "score": 4.515989023949438,
    "trades": 0
  },
  "null": {
    "score": 4.996000800000001,
    "trades": 0
  }
}