{
  "null": {
    "score": 0.8267512615378215,
    "trades": 0
  },
  "null": {
    "score": 0.42726817276392737,
    "trades": 0
  }
}