{
  "null": {
    "score": 0.25660772249813923,
    "trades": 0
  },
  "null": {
    "score": 0.31963481510045044,
    "trades": 0
  }
}