{
  "null": {
    "score": 0.3179092794039916,
    "trades": 0
  },
  "null": {
    "score": 0.3559489527624871,
    "trades": 0
  }
}