{
  "null": {
    "score": 4.7021959849536,
    "trades": 0
  },
  "null": {
    "score": 0.20371427106528603,
    "trades": 0
  }
}