{
  "null": {
    "score": 4.505161482886884,
    "trades": 0
  },
  "null": {
    "score": 0.9552012921428447,
    "trades": 0
  }
}