{
  "null": {
    "score": 0.3456988949258004,
    "trades": 0
  },
  "null": {
    "score": 4.784740433719932,
    "trades": 0
  }
}