{
  "null": {
    "score": 0.2039184,
    "trades": 0
  },
  "null": {
    "score": 3.5672383128413414,
    "trades": 0
  }
}