{
  "null": {
    "score": 2.295312101853914,
    "trades": 0
  },
  "null": {
    "score": 3.491662895608755,
    "trades": 0
  }
}