{
  "null": {
    "score": 0.21224160000000003,
    "trades": 0
  },
  "null": {
    "score": 2.2748430634168266,
    "trades": 0
  }
}