{
  "null": {
    "score": 4.75611223559231,
    "trades": 0
  },
  "null": {
    "score": 4.70031510655962,
    "trades": 0
  }
}