{
  "null": {
    "score": 3.1676055352412655,
    "trades": 0
  },
  "null": {
    "score": 4.8000792,
    "trades": 0
  }
}