{
  "null": {
    "score": 4.8020000000000005,
    "trades": 0
  },
  "null": {
    "score": 0.43503136147503524,
    "trades": 0
  }
}