{
  "null": {
    "score": 0.5572709973841804,
    "trades": 0
  },
  "null": {
    "score": 0.2339571700971506,
    "trades": 0
  }
}