{
  "null": {
    "score": 1.5333110335784144,
    "trades": 0
  },
  "null": {
    "score": 2.5006148978158773,
    "trades": 0
  }
}