{
  "null": {
    "score": 3.0974178168945956,
    "trades": 0
  },
  "null": {
    "score": 0.6006785825836437,
    "trades": 0
  }
}