{
  "null": {
    "score": 0.24263122044237073,
    "trades": 0
  },
  "null": {
    "score": 0.3090100230021506,
    "trades": 0
  }
}