{
  "null": {
    "score": 0.21173272926825226,
    "trades": 0
  },
  "null": {
    "score": 4.588828437588526,
    "trades": 0
  }
}