{
  "null": {
    "score": 2.476732312142295,
    "trades": 0
  },
  "null": {
    "score": 2.1595920471056895,
    "trades": 0
  }
}