{
  "null": {
    "score": 0.28032591104891086,
    "trades": 0
  },
  "null": {
    "score": 0.41223683426608076,
    "trades": 0
  }
}