{
  "null": {
    "score": 1.583172171963222,
    "trades": 0
  },
  "null": {
    "score": 0.22936977460504965,
    "trades": 0
  }
}