{
  "null": {
    "score": 4.299148761666828,
    "trades": 0
  },
  "null": {
    "score": 0.20367379578778125,
    "trades": 0
  }
}