{
  "null": {
    "score": 0.28168701025601867,
    "trades": 0
  },
  "null": {
    "score": 0.20400000000000001,
    "trades": 0
  }
}