{
  "null": {
    "score": 0.2244229430399133,
    "trades": 0
  },
  "null": {
    "score": 4.602624494394292,
    "trades": 0
  }
}