{
  "null": {
    "score": 4.996000800000001,
    "trades": 0
  },
  "null": {
    "score": 4.527718033198752,
    "trades": 0
  }
}