{
  "null": {
    "score": 4.332814224863703,
    "trades": 0
  },
  "null": {
    "score": 3.343368230636308,
    "trades": 0
  }
}