{
  "null": {
    "score": 0.21042294449441062,
    "trades": 0
  },
  "null": {
    "score": 4.515989023949437,
    "trades": 0
  }
}