{
  "null": {
    "score": 0.8436192355082488,
    "trades": 0
  },
  "null": {
    "score": 0.398937514951751,
    "trades": 0
  }
}