{
  "null": {
    "score": 4.996000800000001,
    "trades": 0
  },
  "null": {
    "score": 4.872631229975067,
    "trades": 0
  }
}