{
  "null": {
    "score": 4.213165786433492,
    "trades": 0
  },
  "null": {
    "score": 0.2385882632429858,
    "trades": 0
  }
}