{
  "null": {
    "score": 0.3860621005371808,
    "trades": 0
  },
  "null": {
    "score": 0.7186107766607335,
    "trades": 0
  }
}