{
  "null": {
    "score": 0.4929602091598416,
    "trades": 0
  },
  "null": {
    "score": 0.7578861539393099,
    "trades": 0
  }
}