{
  "null": {
    "score": 0.2069177768026963,
    "trades": 0
  },
  "null": {
    "score": 1.9614998848580398,
    "trades": 0
  }
}