{
  "null": {
    "score": 3.378999088351783,
    "trades": 0
  },
  "null": {
    "score": 0.35367770094405787,
    "trades": 0
  }
}