{
  "null": {
    "score": 0.40969437531713465,
    "trades": 0
  },
  "null": {
    "score": 2.9540171458217457,
    "trades": 0
  }
}