{
  "null": {
    "score": 0.211394160110645,
    "trades": 0
  },
  "null": {
    "score": 4.98801199360192,
    "trades": 0
  }
}