{
  "null": {
    "score": 0.207996768,
    "trades": 0
  },
  "null": {
    "score": 4.729521913132039,
    "trades": 0
  }
}