{
  "null": {
    "score": 0.2749415005051434,
    "trades": 0
  },
  "null": {
    "score": 0.22072783417574404,
    "trades": 0
  }
}