{
  "null": {
    "score": 0.24204948751776328,
    "trades": 0
  },
  "null": {
    "score": 1.2503831701126962,
    "trades": 0
  }
}