{
  "null": {
    "score": 4.7981591683200016,
    "trades": 0
  },
  "null": {
    "score": 4.518669838584041,
    "trades": 0
  }
}