{
  "null": {
    "score": 4.8843419344471775,
    "trades": 0
  },
  "null": {
    "score": 0.21717985787624802,
    "trades": 0
  }
}