{
  "null": {
    "score": 0.25324276497574616,
    "trades": 0
  },
  "null": {
    "score": 0.3520565435094728,
    "trades": 0
  }
}