{
  "null": {
    "score": 4.822208433063023,
    "trades": 0
  },
  "null": {
    "score": 4.421239004962956,
    "trades": 0
  }
}