{
  "null": {
    "score": 4.700315106559619,
    "trades": 0
  },
  "null": {
    "score": 0.5362733271848349,
    "trades": 0
  }
}