{
  "null": {
    "score": 0.4104485236001077,
    "trades": 0
  },
  "null": {
    "score": 0.20383683264,
    "trades": 0
  }
}