{
  "null": {
    "score": 0.7818743489507877,
    "trades": 0
  },
  "null": {
    "score": 0.9686657034516533,
    "trades": 0
  }
}