{
  "null": {
    "score": 4.89804,
    "trades": 0
  },
  "null": {
    "score": 0.31037293591325055,
    "trades": 0
  }
}