{
  "null": {
    "score": 1.018709896615245,
    "trades": 0
  },
  "null": {
    "score": 0.29963654369329207,
    "trades": 0
  }
}