{
  "null": {
    "score": 0.21713670716829792,
    "trades": 0
  },
  "null": {
    "score": 4.700315106559619,
    "trades": 0
  }
}