{
  "null": {
    "score": 0.3334135403054623,
    "trades": 0
  },
  "null": {
    "score": 2.4295714750842308,
    "trades": 0
  }
}