{
  "null": {
    "score": 4.656075653050051,
    "trades": 0
  },
  "null": {
    "score": 0.42420341073436474,
    "trades": 0
  }
}