{
  "null": {
    "score": 0.46882415062997534,
    "trades": 0
  },
  "null": {
    "score": 0.27302361219134125,
    "trades": 0
  }
}