{
  "null": {
    "score": 0.5809457079530055,
    "trades": 0
  },
  "null": {
    "score": 0.2422432433535272,
    "trades": 0
  }
}