{
  "null": {
    "score": 2.719072179274922,
    "trades": 0
  },
  "null": {
    "score": 0.22276771592892383,
    "trades": 0
  }
}