{
  "null": {
    "score": 4.602624494394292,
    "trades": 0
  },
  "null": {
    "score": 1.3824493098695556,
    "trades": 0
  }
}