{
  "null": {
    "score": 1.6367052417394903,
    "trades": 0
  },
  "null": {
    "score": 0.3334126509192707,
    "trades": 0
  }
}