{
  "null": {
    "score": 1.4994040024906168,
    "trades": 0
  },
  "null": {
    "score": 0.2999963953886886,
    "trades": 0
  }
}