{
  "null": {
    "score": 4.698434980516996,
    "trades": 0
  },
  "null": {
    "score": 0.22523248385280004,
    "trades": 0
  }
}