{
  "null": {
    "score": 0.209164493762526,
    "trades": 0
  },
  "null": {
    "score": 4.299148761666827,
    "trades": 0
  }
}