{
  "null": {
    "score": 0.35367770094405787,
    "trades": 0
  },
  "null": {
    "score": 0.39575494640982584,
    "trades": 0
  }
}