{
  "null": {
    "score": 0.4123231559387432,
    "trades": 0
  },
  "null": {
    "score": 0.4645497326408943,
    "trades": 0
  }
}