{
  "null": {
    "score": 3.192410191576891,
    "trades": 0
  },
  "null": {
    "score": 0.2173957400775956,
    "trades": 0
  }
}