{
  "null": {
    "score": 3.5204508855101775,
    "trades": 0
  },
  "null": {
    "score": 1.6288576271177393,
    "trades": 0
  }
}