{
  "null": {
    "score": 2.9628745229641242,
    "trades": 0
  },
  "null": {
    "score": 4.8020000000000005,
    "trades": 0
  }
}