{
  "null": {
    "score": 0.5295580458702055,
    "trades": 0
  },
  "null": {
    "score": 4.694676984282178,
    "trades": 0
  }
}