{
  "null": {
    "score": 3.6153658779496034,
    "trades": 0
  },
  "null": {
    "score": 4.740876027483266,
    "trades": 0
  }
}