{
  "null": {
    "score": 0.929786881243387,
    "trades": 0
  },
  "null": {
    "score": 3.57938522571923,
    "trades": 0
  }
}