{
  "null": {
    "score": 4.898040000000001,
    "trades": 0
  },
  "null": {
    "score": 4.994002399679999,
    "trades": 0
  }
}