{
  "null": {
    "score": 2.739443795971748,
    "trades": 0
  },
  "null": {
    "score": 2.524253082508441,
    "trades": 0
  }
}