{
  "null": {
    "score": 4.6081520652545285,
    "trades": 0
  },
  "null": {
    "score": 1.5946825460275937,
    "trades": 0
  }
}