{
  "null": {
    "score": 0.9934310338148322,
    "trades": 0
  },
  "null": {
    "score": 3.3273641978651116,
    "trades": 0
  }
}