{
  "null": {
    "score": 1.5627972326714143,
    "trades": 0
  },
  "null": {
    "score": 0.5531579047061134,
    "trades": 0
  }
}