{
  "null": {
    "score": 4.538623999531451,
    "trades": 0
  },
  "null": {
    "score": 1.1452654875992294,
    "trades": 0
  }
}