{
  "null": {
    "score": 0.2235268653905814,
    "trades": 0
  },
  "null": {
    "score": 3.069664693798834,
    "trades": 0
  }
}