{
  "null": {
    "score": 3.532438481080464,
    "trades": 0
  },
  "null": {
    "score": 0.21975857178128924,
    "trades": 0
  }
}