{
  "null": {
    "score": 0.20400000000000001,
    "trades": 0
  },
  "null": {
    "score": 1.0102677468560328,
    "trades": 0
  }
}