{
  "null": {
    "score": 1.488041524143713,
    "trades": 0
  },
  "null": {
    "score": 1.1318265941176346,
    "trades": 0
  }
}