{
  "null": {
    "score": 0.2064205692112147,
    "trades": 0
  },
  "null": {
    "score": 4.870682177483074,
    "trades": 0
  }
}