{
  "null": {
    "score": 0.27753828741694525,
    "trades": 0
  },
  "null": {
    "score": 0.21570832664351527,
    "trades": 0
  }
}