{
  "null": {
    "score": 3.822095565136996,
    "trades": 0
  },
  "null": {
    "score": 0.3482851964879742,
    "trades": 0
  }
}