{
  "null": {
    "score": 0.6155397795176745,
    "trades": 0
  },
  "null": {
    "score": 0.27155042956481085,
    "trades": 0
  }
}