{
  "null": {
    "score": 0.37555041278258616,
    "trades": 0
  },
  "null": {
    "score": 0.3951263343265546,
    "trades": 0
  }
}