{
  "null": {
    "score": 2.7383407138642464,
    "trades": 0
  },
  "null": {
    "score": 1.3533899341108522,
    "trades": 0
  }
}