{
  "null": {
    "score": 4.796239904652673,
    "trades": 0
  },
  "null": {
    "score": 0.47906042558266265,
    "trades": 0
  }
}