{
  "null": {
    "score": 4.894122351686399,
    "trades": 0
  },
  "null": {
    "score": 3.472197389182803,
    "trades": 0
  }
}