{
  "null": {
    "score": 4.57325590327664,
    "trades": 0
  },
  "null": {
    "score": 4.892164702745725,
    "trades": 0
  }
}