{
  "null": {
    "score": 4.288841117094594,
    "trades": 0
  },
  "null": {
    "score": 0.2983199807653361,
    "trades": 0
  }
}