{
  "null": {
    "score": 0.24146914935676028,
    "trades": 0
  },
  "null": {
    "score": 4.79815916832,
    "trades": 0
  }
}