{
  "null": {
    "score": 0.2783166394867794,
    "trades": 0
  },
  "null": {
    "score": 4.9960008,
    "trades": 0
  }
}