{
  "null": {
    "score": 0.2623168038701121,
    "trades": 0
  },
  "null": {
    "score": 0.7633494715401234,
    "trades": 0
  }
}