{
  "null": {
    "score": 4.100915599383258,
    "trades": 0
  },
  "null": {
    "score": 4.790486718655283,
    "trades": 0
  }
}