{
  "null": {
    "score": 3.8790947333101204,
    "trades": 0
  },
  "null": {
    "score": 2.3672612598829534,
    "trades": 0
  }
}