{
  "null": {
    "score": 0.5305045165064655,
    "trades": 0
  },
  "null": {
    "score": 0.7276904003031656,
    "trades": 0
  }
}