{
  "null": {
    "score": 0.8228267142781508,
    "trades": 0
  },
  "null": {
    "score": 0.6546590488096995,
    "trades": 0
  }
}