{
  "null": {
    "score": 3.9574734790985238,
    "trades": 0
  },
  "null": {
    "score": 0.20400000000000001,
    "trades": 0
  }
}