{
  "null": {
    "score": 2.887995898722258,
    "trades": 0
  },
  "null": {
    "score": 4.976052729663321,
    "trades": 0
  }
}