{
  "null": {
    "score": 0.46536758847689785,
    "trades": 0
  },
  "null": {
    "score": 4.012470908848428,
    "trades": 0
  }
}