{
  "null": {
    "score": 1.7347920129235432,
    "trades": 0
  },
  "null": {
    "score": 4.8020000000000005,
    "trades": 0
  }
}