{
  "null": {
    "score": 4.456757907394714,
    "trades": 0
  },
  "null": {
    "score": 0.29305543136921386,
    "trades": 0
  }
}