{
  "null": {
    "score": 4.8020000000000005,
    "trades": 0
  },
  "null": {
    "score": 3.5915830810316076,
    "trades": 0
  }
}