{
  "null": {
    "score": 4.964122139271243,
    "trades": 0
  },
  "null": {
    "score": 0.37181585538205986,
    "trades": 0
  }
}