{
  "null": {
    "score": 0.23246432781205983,
    "trades": 0
  },
  "null": {
    "score": 0.2039184,
    "trades": 0
  }
}