{
  "null": {
    "score": 0.2287737636656413,
    "trades": 0
  },
  "null": {
    "score": 0.25696626867647293,
    "trades": 0
  }
}