{
  "null": {
    "score": 4.290557340030615,
    "trades": 0
  },
  "null": {
    "score": 0.3807664296838023,
    "trades": 0
  }
}