{
  "null": {
    "score": 3.7749949174330095,
    "trades": 0
  },
  "null": {
    "score": 0.23134971632829934,
    "trades": 0
  }
}