{
  "null": {
    "score": 1.7469829352425819,
    "trades": 0
  },
  "null": {
    "score": 0.791342724452092,
    "trades": 0
  }
}