{
  "null": {
    "score": 1.5469366285543056,
    "trades": 0
  },
  "null": {
    "score": 0.2638412086727804,
    "trades": 0
  }
}