{
  "null": {
    "score": 2.402913573644093,
    "trades": 0
  },
  "null": {
    "score": 0.3234265905496872,
    "trades": 0
  }
}