{
  "null": {
    "score": 4.894122351686399,
    "trades": 0
  },
  "null": {
    "score": 4.8020000000000005,
    "trades": 0
  }
}