{
  "null": {
    "score": 1.1622859680075477,
    "trades": 0
  },
  "null": {
    "score": 0.29141702629531135,
    "trades": 0
  }
}