{
  "null": {
    "score": 1.3824493098695556,
    "trades": 0
  },
  "null": {
    "score": 0.9914034195631818,
    "trades": 0
  }
}