{
  "null": {
    "score": 2.805999228976107,
    "trades": 0
  },
  "null": {
    "score": 3.5028937316592663,
    "trades": 0
  }
}