{
  "null": {
    "score": 1.4732519658532022,
    "trades": 0
  },
  "null": {
    "score": 3.816752396906434,
    "trades": 0
  }
}