{
  "null": {
    "score": 2.9545884229240427,
    "trades": 0
  },
  "null": {
    "score": 2.739443795971748,
    "trades": 0
  }
}