{
  "null": {
    "score": 4.471921821840266,
    "trades": 0
  },
  "null": {
    "score": 4.666587656404734,
    "trades": 0
  }
}