{
  "null": {
    "score": 4.677803163254746,
    "trades": 0
  },
  "null": {
    "score": 0.6694900998315018,
    "trades": 0
  }
}