{
  "null": {
    "score": 0.7581186255886508,
    "trades": 0
  },
  "null": {
    "score": 1.3872843249816589,
    "trades": 0
  }
}