{
  "null": {
    "score": 3.2484425208149976,
    "trades": 0
  },
  "null": {
    "score": 3.756914752671535,
    "trades": 0
  }
}