{
  "null": {
    "score": 0.23344261598534816,
    "trades": 0
  },
  "null": {
    "score": 0.24185588665566699,
    "trades": 0
  }
}