{
  "null": {
    "score": 0.21139416011064502,
    "trades": 0
  },
  "null": {
    "score": 0.20808000000000001,
    "trades": 0
  }
}