{
  "null": {
    "score": 0.21791996499411337,
    "trades": 0
  },
  "null": {
    "score": 4.378119734725112,
    "trades": 0
  }
}