{
  "null": {
    "score": 0.212071840678656,
    "trades": 0
  },
  "null": {
    "score": 4.024523443371887,
    "trades": 0
  }
}