{
  "null": {
    "score": 0.9127953270722193,
    "trades": 0
  },
  "null": {
    "score": 4.99200479872013,
    "trades": 0
  }
}