{
  "null": {
    "score": 4.99000799680064,
    "trades": 0
  },
  "null": {
    "score": 1.400243305645311,
    "trades": 0
  }
}