{
  "null": {
    "score": 0.4959261338483386,
    "trades": 0
  },
  "null": {
    "score": 1.023447283618323,
    "trades": 0
  }
}