{
  "null": {
    "score": 4.81642409729477,
    "trades": 0
  },
  "null": {
    "score": 2.669100973523384,
    "trades": 0
  }
}