{
  "null": {
    "score": 0.3334126509192707,
    "trades": 0
  },
  "null": {
    "score": 4.391270593746733,
    "trades": 0
  }
}