{
  "null": {
    "score": 0.21614026148035975,
    "trades": 0
  },
  "null": {
    "score": 1.0933290265102267,
    "trades": 0
  }
}