{
  "null": {
    "score": 0.43503136147503524,
    "trades": 0
  },
  "null": {
    "score": 4.8000792,
    "trades": 0
  }
}