{
  "null": {
    "score": 4.293991846469087,
    "trades": 0
  },
  "null": {
    "score": 0.26192563794826007,
    "trades": 0
  }
}