{
  "null": {
    "score": 0.3873787591436814,
    "trades": 0
  },
  "null": {
    "score": 0.36284769307716086,
    "trades": 0
  }
}