{
  "null": {
    "score": 3.724742378739701,
    "trades": 0
  },
  "null": {
    "score": 0.8735000954439653,
    "trades": 0
  }
}