{
  "null": {
    "score": 3.391205941761326,
    "trades": 0
  },
  "null": {
    "score": 4.678695322644052,
    "trades": 0
  }
}