{
  "null": {
    "score": 0.21224160000000003,
    "trades": 0
  },
  "null": {
    "score": 3.419110962526137,
    "trades": 0
  }
}