{
  "null": {
    "score": 4.141293691709801,
    "trades": 0
  },
  "null": {
    "score": 4.79815916832,
    "trades": 0
  }
}