{
  "null": {
    "score": 0.25517444948922674,
    "trades": 0
  },
  "null": {
    "score": 2.0526203093437427,
    "trades": 0
  }
}