{
  "null": {
    "score": 2.961108824237697,
    "trades": 0
  },
  "null": {
    "score": 0.26226398546446983,
    "trades": 0
  }
}