{
  "null": {
    "score": 4.192964652725182,
    "trades": 0
  },
  "null": {
    "score": 2.9890840875295814,
    "trades": 0
  }
}