{
  "null": {
    "score": 0.20808000000000001,
    "trades": 0
  },
  "null": {
    "score": 0.211394160110645,
    "trades": 0
  }
}