{
  "null": {
    "score": 4.243616160350968,
    "trades": 0
  },
  "null": {
    "score": 4.786655095758236,
    "trades": 0
  }
}