{
  "null": {
    "score": 0.2192828553973114,
    "trades": 0
  },
  "null": {
    "score": 4.696555606524789,
    "trades": 0
  }
}