{
  "null": {
    "score": 4.786655095758235,
    "trades": 0
  },
  "null": {
    "score": 0.20808000000000001,
    "trades": 0
  }
}