{
  "null": {
    "score": 0.21631327749222914,
    "trades": 0
  },
  "null": {
    "score": 0.22836256363059576,
    "trades": 0
  }
}