{
  "null": {
    "score": 4.321567056225257,
    "trades": 0
  },
  "null": {
    "score": 3.391879862532718,
    "trades": 0
  }
}