{
  "null": {
    "score": 0.31493812171385954,
    "trades": 0
  },
  "null": {
    "score": 0.2152772549855252,
    "trades": 0
  }
}