{
  "null": {
    "score": 0.6046819884963739,
    "trades": 0
  },
  "null": {
    "score": 3.0709012426996445,
    "trades": 0
  }
}