{
  "null": {
    "score": 3.8228551148770555,
    "trades": 0
  },
  "null": {
    "score": 4.821912455416021,
    "trades": 0
  }
}