{
  "null": {
    "score": 1.7134183039501987,
    "trades": 0
  },
  "null": {
    "score": 0.5809457079530055,
    "trades": 0
  }
}