{
  "null": {
    "score": 0.2039184,
    "trades": 0
  },
  "null": {
    "score": 0.507064442951403,
    "trades": 0
  }
}