{
  "null": {
    "score": 0.2551230692216119,
    "trades": 0
  },
  "null": {
    "score": 0.4735343326706932,
    "trades": 0
  }
}