{
  "null": {
    "score": 3.5402246804316766,
    "trades": 0
  },
  "null": {
    "score": 4.894122351686399,
    "trades": 0
  }
}