{
  "null": {
    "score": 0.7186107766607335,
    "trades": 0
  },
  "null": {
    "score": 2.9328125593247196,
    "trades": 0
  }
}