{
  "null": {
    "score": 3.736683037505287,
    "trades": 0
  },
  "null": {
    "score": 3.2000827139868253,
    "trades": 0
  }
}