{
  "null": {
    "score": 3.1448761531938625,
    "trades": 0
  },
  "null": {
    "score": 2.9599243807080082,
    "trades": 0
  }
}