{
  "null": {
    "score": 2.8581104377031132,
    "trades": 0
  },
  "null": {
    "score": 0.20400000000000001,
    "trades": 0
  }
}