{
  "null": {
    "score": 0.24620001293095792,
    "trades": 0
  },
  "null": {
    "score": 0.4878602764506538,
    "trades": 0
  }
}