{
  "null": {
    "score": 4.685295138792797,
    "trades": 0
  },
  "null": {
    "score": 0.2117327292682523,
    "trades": 0
  }
}