{
  "null": {
    "score": 2.747679780981748,
    "trades": 0
  },
  "null": {
    "score": 0.2163998374272,
    "trades": 0
  }
}