{
  "null": {
    "score": 0.220374881483283,
    "trades": 0
  },
  "null": {
    "score": 0.22909464095833573,
    "trades": 0
  }
}