{
  "null": {
    "score": 2.719246334443978,
    "trades": 0
  },
  "null": {
    "score": 0.212071840678656,
    "trades": 0
  }
}