{
  "null": {
    "score": 0.2563515336640545,
    "trades": 0
  },
  "null": {
    "score": 4.059295997377509,
    "trades": 0
  }
}