{
  "null": {
    "score": 0.2079135692928,
    "trades": 0
  },
  "null": {
    "score": 3.8083681747234595,
    "trades": 0
  }
}