{
  "null": {
    "score": 0.9640674953703695,
    "trades": 0
  },
  "null": {
    "score": 0.2847364506021886,
    "trades": 0
  }
}