{
  "null": {
    "score": 0.6842199055319333,
    "trades": 0
  },
  "null": {
    "score": 3.043974270410551,
    "trades": 0
  }
}