{
  "null": {
    "score": 4.6081520652545285,
    "trades": 0
  },
  "null": {
    "score": 1.91747173830144,
    "trades": 0
  }
}