{
  "null": {
    "score": 3.3520874545788364,
    "trades": 0
  },
  "null": {
    "score": 1.6367052417394903,
    "trades": 0
  }
}