{
  "null": {
    "score": 0.4522446155929052,
    "trades": 0
  },
  "null": {
    "score": 3.1436182027325836,
    "trades": 0
  }
}