{
  "null": {
    "score": 4.6081520652545285,
    "trades": 0
  },
  "null": {
    "score": 0.2749415005051434,
    "trades": 0
  }
}