{
  "null": {
    "score": 0.7809364749816944,
    "trades": 0
  },
  "null": {
    "score": 0.20400000000000001,
    "trades": 0
  }
}