{
  "null": {
    "score": 3.6619493767551794,
    "trades": 0
  },
  "null": {
    "score": 2.8741639750186736,
    "trades": 0
  }
}