{
  "null": {
    "score": 4.8000792,
    "trades": 0
  },
  "null": {
    "score": 0.7956315767832027,
    "trades": 0
  }
}