{
  "null": {
    "score": 0.31752794084481517,
    "trades": 0
  },
  "null": {
    "score": 4.067424340782761,
    "trades": 0
  }
}