{
  "null": {
    "score": 0.30691546547452775,
    "trades": 0
  },
  "null": {
    "score": 0.20400000000000001,
    "trades": 0
  }
}