{
  "null": {
    "score": 1.6657632187604723,
    "trades": 0
  },
  "null": {
    "score": 0.6289458782247138,
    "trades": 0
  }
}