{
  "null": {
    "score": 0.26442347270329064,
    "trades": 0
  },
  "null": {
    "score": 0.812680309585247,
    "trades": 0
  }
}