{
  "null": {
    "score": 2.434436454452542,
    "trades": 0
  },
  "null": {
    "score": 0.4371214532462048,
    "trades": 0
  }
}