{
  "null": {
    "score": 0.3121154171870774,
    "trades": 0
  },
  "null": {
    "score": 0.8436192355082488,
    "trades": 0
  }
}