{
  "null": {
    "score": 3.051920841064367,
    "trades": 0
  },
  "null": {
    "score": 2.2712176147881453,
    "trades": 0
  }
}