{
  "null": {
    "score": 0.2757651543422907,
    "trades": 0
  },
  "null": {
    "score": 3.911035281913935,
    "trades": 0
  }
}