{
  "null": {
    "score": 1.0112368829298275,
    "trades": 0
  },
  "null": {
    "score": 4.898040000000001,
    "trades": 0
  }
}