{
  "null": {
    "score": 3.2000827139868226,
    "trades": 0
  },
  "null": {
    "score": 0.42141176860554996,
    "trades": 0
  }
}