{
  "null": {
    "score": 0.22063954304207375,
    "trades": 0
  },
  "null": {
    "score": 4.456757907394714,
    "trades": 0
  }
}