{
  "null": {
    "score": 4.8000792,
    "trades": 0
  },
  "null": {
    "score": 0.46882415062997534,
    "trades": 0
  }
}