{
  "null": {
    "score": 3.299525855323964,
    "trades": 0
  },
  "null": {
    "score": 0.2783166394867794,
    "trades": 0
  }
}