{
  "null": {
    "score": 0.5531579047061134,
    "trades": 0
  },
  "null": {
    "score": 0.7818743489507877,
    "trades": 0
  }
}