{
  "null": {
    "score": 4.60999606368,
    "trades": 0
  },
  "null": {
    "score": 0.6933059138347594,
    "trades": 0
  }
}