{
  "null": {
    "score": 4.425669243470447,
    "trades": 0
  },
  "null": {
    "score": 0.20783040386508292,
    "trades": 0
  }
}