{
  "null": {
    "score": 3.5736521118494897,
    "trades": 0
  },
  "null": {
    "score": 0.22125773320481323,
    "trades": 0
  }
}