{
  "null": {
    "score": 0.2550217002685722,
    "trades": 0
  },
  "null": {
    "score": 0.28857721616121357,
    "trades": 0
  }
}