{
  "null": {
    "score": 0.27914817046082685,
    "trades": 0
  },
  "null": {
    "score": 3.2257912146048753,
    "trades": 0
  }
}