{
  "null": {
    "score": 2.394398329107376,
    "trades": 0
  },
  "null": {
    "score": 0.44908992755333277,
    "trades": 0
  }
}