{
  "null": {
    "score": 0.21224160000000003,
    "trades": 0
  },
  "null": {
    "score": 4.831580752048906,
    "trades": 0
  }
}