{
  "null": {
    "score": 3.072130094737538,
    "trades": 0
  },
  "null": {
    "score": 2.9540171458217452,
    "trades": 0
  }
}