{
  "null": {
    "score": 0.20461276881468848,
    "trades": 0
  },
  "null": {
    "score": 0.2847930351363421,
    "trades": 0
  }
}