{
  "null": {
    "score": 4.700315106559619,
    "trades": 0
  },
  "null": {
    "score": 0.7355936380284107,
    "trades": 0
  }
}