{
  "null": {
    "score": 4.8020000000000005,
    "trades": 0
  },
  "null": {
    "score": 3.3776655086508227,
    "trades": 0
  }
}