{
  "null": {
    "score": 0.9552012921428447,
    "trades": 0
  },
  "null": {
    "score": 0.2039184,
    "trades": 0
  }
}