{
  "null": {
    "score": 4.789522137404691,
    "trades": 0
  },
  "null": {
    "score": 4.604466280906656,
    "trades": 0
  }
}