{
  "null": {
    "score": 2.6452067735657527,
    "trades": 0
  },
  "null": {
    "score": 0.2877701689292537,
    "trades": 0
  }
}