{
  "null": {
    "score": 2.084473397428205,
    "trades": 0
  },
  "null": {
    "score": 0.24301981891581667,
    "trades": 0
  }
}