{
  "null": {
    "score": 0.3520565435094728,
    "trades": 0
  },
  "null": {
    "score": 0.2433116761531679,
    "trades": 0
  }
}