{
  "null": {
    "score": 0.9403451150030814,
    "trades": 0
  },
  "null": {
    "score": 4.6312489791137255,
    "trades": 0
  }
}