{
  "null": {
    "score": 4.604466280906656,
    "trades": 0
  },
  "null": {
    "score": 2.5720303172064183,
    "trades": 0
  }
}