{
  "null": {
    "score": 0.6047505141290277,
    "trades": 0
  },
  "null": {
    "score": 4.325026385329299,
    "trades": 0
  }
}