{
  "null": {
    "score": 4.996000800000001,
    "trades": 0
  },
  "null": {
    "score": 0.33743761469738165,
    "trades": 0
  }
}