{
  "null": {
    "score": 3.343368230636308,
    "trades": 0
  },
  "null": {
    "score": 0.6172430002855139,
    "trades": 0
  }
}