{
  "null": {
    "score": 4.089381354029208,
    "trades": 0
  },
  "null": {
    "score": 4.3302205717867,
    "trades": 0
  }
}