{
  "null": {
    "score": 0.2079135692928,
    "trades": 0
  },
  "null": {
    "score": 4.117355407654105,
    "trades": 0
  }
}