{
  "null": {
    "score": 0.7383957577443077,
    "trades": 0
  },
  "null": {
    "score": 2.9175906991456895,
    "trades": 0
  }
}