{
  "null": {
    "score": 0.3832157291553708,
    "trades": 0
  },
  "null": {
    "score": 3.914176429569188,
    "trades": 0
  }
}