{
  "null": {
    "score": 0.28178995053999456,
    "trades": 0
  },
  "null": {
    "score": 0.21622675218123227,
    "trades": 0
  }
}