{
  "null": {
    "score": 3.4652585476984985,
    "trades": 0
  },
  "null": {
    "score": 1.8161121323089566,
    "trades": 0
  }
}