{
  "null": {
    "score": 2.4035129736792427,
    "trades": 0
  },
  "null": {
    "score": 0.7870203055390808,
    "trades": 0
  }
}