{
  "null": {
    "score": 0.2305194185080584,
    "trades": 0
  },
  "null": {
    "score": 0.4276124738240984,
    "trades": 0
  }
}