{
  "null": {
    "score": 0.21648643200000003,
    "trades": 0
  },
  "null": {
    "score": 0.24620001293095792,
    "trades": 0
  }
}