{
  "null": {
    "score": 0.20400000000000001,
    "trades": 0
  },
  "null": {
    "score": 4.700315106559619,
    "trades": 0
  }
}