{
  "null": {
    "score": 2.937517591553645,
    "trades": 0
  },
  "null": {
    "score": 4.994002399679999,
    "trades": 0
  }
}