{
  "null": {
    "score": 0.21818167829482524,
    "trades": 0
  },
  "null": {
    "score": 0.20400000000000001,
    "trades": 0
  }
}