{
  "null": {
    "score": 0.29031345830418287,
    "trades": 0
  },
  "null": {
    "score": 3.3446971910220773,
    "trades": 0
  }
}