{
  "null": {
    "score": 2.524253082508441,
    "trades": 0
  },
  "null": {
    "score": 0.20400000000000001,
    "trades": 0
  }
}