{
  "null": {
    "score": 0.37547779916577473,
    "trades": 0
  },
  "null": {
    "score": 0.41133676390491036,
    "trades": 0
  }
}