{
  "null": {
    "score": 4.606308804428427,
    "trades": 0
  },
  "null": {
    "score": 3.4541207341290883,
    "trades": 0
  }
}