{
  "null": {
    "score": 4.051988973205563,
    "trades": 0
  },
  "null": {
    "score": 0.4717411041181991,
    "trades": 0
  }
}