{
  "null": {
    "score": 4.903634440695536,
    "trades": 0
  },
  "null": {
    "score": 4.7665829411231,
    "trades": 0
  }
}