{
  "null": {
    "score": 4.2504127414290185,
    "trades": 0
  },
  "null": {
    "score": 2.219157114753168,
    "trades": 0
  }
}