{
  "null": {
    "score": 4.138825724558128,
    "trades": 0
  },
  "null": {
    "score": 0.8519278812278294,
    "trades": 0
  }
}