{
  "null": {
    "score": 0.2739532932891688,
    "trades": 0
  },
  "null": {
    "score": 0.24823584388137354,
    "trades": 0
  }
}