{
  "null": {
    "score": 0.3096287853649468,
    "trades": 0
  },
  "null": {
    "score": 0.2079135692928,
    "trades": 0
  }
}