{
  "null": {
    "score": 0.4276124738240984,
    "trades": 0
  },
  "null": {
    "score": 0.23176753165245223,
    "trades": 0
  }
}