{
  "null": {
    "score": 4.588828437588526,
    "trades": 0
  },
  "null": {
    "score": 4.992004798720128,
    "trades": 0
  }
}