{
  "null": {
    "score": 4.99400239968,
    "trades": 0
  },
  "null": {
    "score": 4.898040000000001,
    "trades": 0
  }
}