{
  "null": {
    "score": 4.702195984953601,
    "trades": 0
  },
  "null": {
    "score": 0.23199977095061286,
    "trades": 0
  }
}