{
  "null": {
    "score": 0.2250970576516557,
    "trades": 0
  },
  "null": {
    "score": 4.694676984282179,
    "trades": 0
  }
}