{
  "null": {
    "score": 4.700315106559619,
    "trades": 0
  },
  "null": {
    "score": 4.08045267360493,
    "trades": 0
  }
}