{
  "null": {
    "score": 0.20172749525526776,
    "trades": 0
  },
  "null": {
    "score": 3.094234660723612,
    "trades": 0
  }
}