{
  "null": {
    "score": 4.503359418293729,
    "trades": 0
  },
  "null": {
    "score": 0.3100622425340749,
    "trades": 0
  }
}