{
  "null": {
    "score": 0.21861856577656105,
    "trades": 0
  },
  "null": {
    "score": 4.4115269130358845,
    "trades": 0
  }
}