{
  "null": {
    "score": 0.27560228489607536,
    "trades": 0
  },
  "null": {
    "score": 4.996000800000001,
    "trades": 0
  }
}