{
  "null": {
    "score": 0.28915583515380927,
    "trades": 0
  },
  "null": {
    "score": 3.7396741785002185,
    "trades": 0
  }
}