{
  "null": {
    "score": 4.576916704333432,
    "trades": 0
  },
  "null": {
    "score": 4.782826537546442,
    "trades": 0
  }
}