{
  "null": {
    "score": 0.49050303186356975,
    "trades": 0
  },
  "null": {
    "score": 4.519603984000001,
    "trades": 0
  }
}