{
  "null": {
    "score": 3.5014925741666016,
    "trades": 0
  },
  "null": {
    "score": 0.23844544263010456,
    "trades": 0
  }
}