{
  "null": {
    "score": 0.2329298149032078,
    "trades": 0
  },
  "null": {
    "score": 3.650247531164908,
    "trades": 0
  }
}