{
  "null": {
    "score": 0.2535972859285681,
    "trades": 0
  },
  "null": {
    "score": 0.3479254049752628,
    "trades": 0
  }
}