{
  "null": {
    "score": 4.165404486600439,
    "trades": 0
  },
  "null": {
    "score": 0.22415374321691497,
    "trades": 0
  }
}