{
  "null": {
    "score": 0.8707087818278155,
    "trades": 0
  },
  "null": {
    "score": 0.2606430034187534,
    "trades": 0
  }
}