{
  "null": {
    "score": 4.886296453028389,
    "trades": 0
  },
  "null": {
    "score": 4.8902078368646285,
    "trades": 0
  }
}