{
  "null": {
    "score": 3.074433366272636,
    "trades": 0
  },
  "null": {
    "score": 0.20808000000000001,
    "trades": 0
  }
}