{
  "null": {
    "score": 0.3084529599743553,
    "trades": 0
  },
  "null": {
    "score": 3.2810964748493285,
    "trades": 0
  }
}