{
  "null": {
    "score": 0.20371427106528603,
    "trades": 0
  },
  "null": {
    "score": 0.3502989021325066,
    "trades": 0
  }
}