{
  "null": {
    "score": 2.042789378654457,
    "trades": 0
  },
  "null": {
    "score": 0.38078573877474975,
    "trades": 0
  }
}