{
  "null": {
    "score": 3.3709155797370594,
    "trades": 0
  },
  "null": {
    "score": 3.971748919273451,
    "trades": 0
  }
}