{
  "null": {
    "score": 3.947190095030061,
    "trades": 0
  },
  "null": {
    "score": 0.32362290174672637,
    "trades": 0
  }
}