{
  "null": {
    "score": 0.7835893950409338,
    "trades": 0
  },
  "null": {
    "score": 2.450128769683671,
    "trades": 0
  }
}