{
  "null": {
    "score": 4.892164702745725,
    "trades": 0
  },
  "null": {
    "score": 3.983445249894296,
    "trades": 0
  }
}