{
  "null": {
    "score": 0.20310419304748242,
    "trades": 0
  },
  "null": {
    "score": 0.6579122232936794,
    "trades": 0
  }
}