{
  "null": {
    "score": 4.8000792,
    "trades": 0
  },
  "null": {
    "score": 0.29458359504686055,
    "trades": 0
  }
}