{
  "null": {
    "score": 1.469707933580485,
    "trades": 0
  },
  "null": {
    "score": 4.79815916832,
    "trades": 0
  }
}