{
  "null": {
    "score": 4.653536880252348,
    "trades": 0
  },
  "null": {
    "score": 1.7347920129235432,
    "trades": 0
  }
}