{
  "null": {
    "score": 1.3040217041228046,
    "trades": 0
  },
  "null": {
    "score": 0.2550217002685722,
    "trades": 0
  }
}