{
  "null": {
    "score": 1.5580671346616919,
    "trades": 0
  },
  "null": {
    "score": 4.8960807840000005,
    "trades": 0
  }
}