{
  "null": {
    "score": 4.017289728480636,
    "trades": 0
  },
  "null": {
    "score": 0.4809071459224475,
    "trades": 0
  }
}