{
  "null": {
    "score": 0.8519278812278294,
    "trades": 0
  },
  "null": {
    "score": 3.562959338912022,
    "trades": 0
  }
}