{
  "null": {
    "score": 0.20741507545301402,
    "trades": 0
  },
  "null": {
    "score": 1.7772686133034705,
    "trades": 0
  }
}