{
  "null": {
    "score": 0.2634737726807663,
    "trades": 0
  },
  "null": {
    "score": 0.3652552747886382,
    "trades": 0
  }
}