{
  "null": {
    "score": 4.962136490415534,
    "trades": 0
  },
  "null": {
    "score": 0.7259534543704552,
    "trades": 0
  }
}