{
  "null": {
    "score": 4.884341934447179,
    "trades": 0
  },
  "null": {
    "score": 0.20799676800000003,
    "trades": 0
  }
}