{
  "null": {
    "score": 4.190465892723744,
    "trades": 0
  },
  "null": {
    "score": 4.606308804428426,
    "trades": 0
  }
}