{
  "null": {
    "score": 1.5260406235691812,
    "trades": 0
  },
  "null": {
    "score": 0.22442294303991336,
    "trades": 0
  }
}