{
  "null": {
    "score": 4.786655095758236,
    "trades": 0
  },
  "null": {
    "score": 1.1052004128381243,
    "trades": 0
  }
}