{
  "null": {
    "score": 0.26226398546446983,
    "trades": 0
  },
  "null": {
    "score": 4.6081520652545285,
    "trades": 0
  }
}