{
  "null": {
    "score": 0.9686657034516533,
    "trades": 0
  },
  "null": {
    "score": 0.2305194185080584,
    "trades": 0
  }
}