{
  "null": {
    "score": 4.79815916832,
    "trades": 0
  },
  "null": {
    "score": 4.5934266066596035,
    "trades": 0
  }
}