{
  "null": {
    "score": 4.5141826283398565,
    "trades": 0
  },
  "null": {
    "score": 4.884341934447176,
    "trades": 0
  }
}