{
  "null": {
    "score": 0.23237134208093507,
    "trades": 0
  },
  "null": {
    "score": 4.789522137404691,
    "trades": 0
  }
}