{
  "null": {
    "score": 0.42718441986353345,
    "trades": 0
  },
  "null": {
    "score": 0.4243742920238831,
    "trades": 0
  }
}