{
  "null": {
    "score": 3.726973371219522,
    "trades": 0
  },
  "null": {
    "score": 4.890207836864628,
    "trades": 0
  }
}