{
  "null": {
    "score": 2.2041091592752986,
    "trades": 0
  },
  "null": {
    "score": 0.25283781960001567,
    "trades": 0
  }
}