{
  "null": {
    "score": 4.485378370246762,
    "trades": 0
  },
  "null": {
    "score": 1.4747085474410173,
    "trades": 0
  }
}