{
  "null": {
    "score": 2.3361315601254797,
    "trades": 0
  },
  "null": {
    "score": 0.2077472717035369,
    "trades": 0
  }
}